,Unnamed: 0,rec_id,Accident number,Competent Department,Competent Center,Amount rating,Date of the accident,The date and time of the notification,Date and time of first arrival,Date and time of completion of control,End date and time of the operation,Departure date and time,Date and time of return to the center,Accident Group,Type of accident,Direct damage,Acccident scene category,Accident scene,Accident title,The band's work summary,Activity,Weather condition,Road condition,Priority level,Accident size,The cause of the accident,The number of injured people,The number of deaths in the public,The number of injured members of the force,The number of deaths of members of the force
135,135,58929,81978,Umm Al Quwain,Civil Defense Center - Al -Madinah,Civil defense departments and centers,3/8/2013,2013/03/08-05:25,2013/03/08-05:29,2013/03/08-05:30,3/8/2013 5:31,2013/03/08-05:32,2013/03/08-05:50,Transportation accidents,Deterioration,Cars,Public facilities and services,Public places and places,Near the Sheikh Zayed Mosque,Ambulance and transfer of a person,Cars,No Clouds,natural,Normal,basic,Traffic accident,1,0,,
136,136,58952,82001,Ras Al Khaimah,Civil Defense Center - Northern Administration,Police and traffic,3/9/2013,2013/03/09-06:49,2013/03/09-06:56,2013/03/09-06:57,3/9/2013 7:01,2013/03/09-07:08,2013/03/09-07:48,Transportation accidents,Deterioration,the person,governmental,Streets and squares,Durakorkhoire towards Shahm,Ambulance and transfer of injured and deceased,Missing,No Clouds,natural,very important,medium,Traffic accident,2,1,,
137,137,58957,82006,Ajman,Civil Defense Center - Administration,Police and traffic,3/9/2013,2013/03/09-15:59,2013/03/09-16:03,2013/03/09-16:09,3/9/2013 16:10,2013/03/09-16:21,2013/03/09-16:30,Transportation accidents,infection,Missing,Other places,Streets and squares,Industrial near Nissan Agency,Ambulance and transfer of a person,Missing,No Clouds,natural,Normal,basic,Traffic accident,1,0,,
138,138,58967,82016,Al Dhafra,Civil Defense Center - Liwa,Police and traffic,3/10/2013,2013/03/10-12:00,2013/03/10-12:10,2013/03/10-12:15,3/10/2013 12:16,2013/03/10-12:20,2013/03/10-12:30,Transportation accidents,Deterioration,tank,Public facilities and services,Public places and places,"August the sewers denying in Liwa, intimate direction",Ambulance and transfer of a person,Cars,No Clouds,natural,Important,basic,Traffic accident,1,0,,
139,139,58970,82019,Ras Al Khaimah,Civil Defense Center - Administration,Police and traffic,3/10/2013,2013/03/10-16:51,2013/03/10-16:52,2013/03/10-16:54,3/10/2013 16:54,2013/03/10-16:56,2013/03/10-17:20,Transportation accidents,Clash,the person,Public facilities and services,Streets and squares,Al -Hosn Street before the ADNOC oil station,Ambulance and transfer of a person,Missing,No Clouds,natural,Important,basic,Traffic accident,1,0,,
140,140,58972,82021,Ras Al Khaimah,Civil Defense Center - Administration,Police and traffic,3/10/2013,2013/03/10-19:50,2013/03/10-19:52,2013/03/10-19:55,3/10/2013 19:56,2013/03/10-19:56,2013/03/10-20:20,Transportation accidents,Clash,the person,Public facilities and services,Commercial market,Al -Jazza Street opposite Ras Al Khaimah Insurance Company,Transfer,commercial,No Clouds,natural,Important,basic,Traffic accident,2,0,,
141,141,58973,82022,Ras Al Khaimah,Civil Defense Center - Administration,Police and traffic,3/10/2013,2013/03/10-20:40,2013/03/10-20:43,2013/03/10-20:45,3/10/2013 20:47,2013/03/10-20:50,2013/03/10-21:28,Transportation accidents,Clash,the person,commercial,Shopping center,Expo Center for the main gate,Transfer,governmental,No Clouds,natural,very important,basic,Traffic accident,3,0,,
142,142,58975,82024,Ajman,Civil Defense Center - Administration,Police and traffic,3/10/2013,2013/03/10-13:29,2013/03/10-13:36,2013/03/10-13:37,3/10/2013 13:38,2013/03/10-13:40,2013/03/10-14:15,Transportation accidents,Clash,the person,Public facilities and services,Public places and places,Al -Tal area / Sheikh Mohammed bin Zayed Street,take actions,Cars,No Clouds,natural,Normal,basic,Traffic accident,1,0,,
143,143,58983,82032,Ras Al Khaimah,Civil Defense Center - Administration,Police and traffic,3/11/2013,2013/03/11-10:55,2013/03/11-10:56,2013/03/11-11:00,3/11/2013 11:02,2013/03/11-11:09,2013/03/11-11:46,Transportation accidents,Run over,the person,governmental,Streets and squares,Halila Street,take actions,Missing,No Clouds,natural,Important,basic,Traffic accident,1,0,,
144,144,58989,82038,Ras Al Khaimah,Civil Defense Center - Administration,Police and traffic,3/11/2013,2013/03/11-22:49,2013/03/11-22:52,2013/03/11-22:54,3/11/2013 22:56,2013/03/11-22:58,2013/03/11-23:14,Transportation accidents,Clash,the person,governmental,Streets and squares,The sacrifice area,take actions,Missing,No Clouds,natural,Important,basic,Traffic accident,1,0,,
145,145,58995,82044,Al Dhafra,Civil Defense Center - Port,Police and traffic,3/12/2013,2013/03/12-11:47,2013/03/12-11:57,2013/03/12-11:58,3/12/2013 11:59,2013/03/12-12:00,2013/03/12-12:20,Transportation accidents,Deterioration,Cars,Public facilities and services,Public places and places,A deterioration accident by the farmer of the city of the city,Ambulance and transfer of a person,Cars,No Clouds,natural,Important,basic,Traffic accident,1,0,,
146,146,59001,82050,Umm Al Quwain,Raise Center,Police and traffic,3/12/2013,2013/03/12-17:58,2013/03/12-18:10,2013/03/12-18:20,3/12/2013 18:25,2013/03/12-18:35,2013/03/12-18:43,Transportation accidents,Clash,the person,Other places,unknown,"Sheikh Mohammed bin Zayed Street, director of Dream Land, towards Amar",Transfer,Cars,No Clouds,natural,Normal,basic,Traffic accident,1,0,,
147,147,59013,82062,Al Dhafra,Civil Defense Center - Port,Police and traffic,3/13/2013,2013/03/13-17:50,2013/03/13-18:07,2013/03/13-18:10,3/13/2013 18:11,2013/03/13-18:12,2013/03/13-18:55,Transportation accidents,Clash,Cars,Public facilities and services,Public places and places,Bus and truck collision before Al -Hahwaniya towards commodities,take actions,Cars,No Clouds,natural,Important,basic,Traffic accident,6,0,,
148,148,59021,82070,Ras Al Khaimah,Civil Defense Center - Administration,Police and traffic,3/14/2013,2013/03/14-13:45,2013/03/14-13:50,2013/03/14-13:52,3/14/2013 13:53,2013/03/14-13:54,2013/03/14-14:28,Transportation accidents,Clash,the person,commercial,Commercial market,Palm in front of the Shuweram supermarket,Transfer,Cooperative,No Clouds,natural,very important,basic,Traffic accident,1,0,,
149,149,59023,82072,Fujairah,Civil Defense Center - Administration,Police and traffic,3/14/2013,2013/03/14-13:30,2013/03/14-13:35,2013/03/14-13:36,3/14/2013 13:37,2013/03/14-13:45,2013/03/14-13:50,Transportation accidents,Clash,Cars,Public facilities and services,Streets and squares,Fujairah Port Street,Ambulance and rescue,Missing,No Clouds,natural,Normal,basic,Traffic accident,1,0,,
150,150,59028,82077,Al Dhafra,Civil Defense Center - Zayed City,Police and traffic,3/14/2013,2013/03/14-19:59,2013/03/14-20:20,2013/03/14-20:45,3/14/2013 20:46,2013/03/14-20:50,2013/03/14-22:15,Transportation accidents,Clash,Cars,Public facilities and services,Public places and places,14 passengers collision and Station of Habshan area,Directing confined and transferring injured people,Cars,No Clouds,natural,Important,medium,Traffic accident,11,0,,
151,151,59030,82079,Al Dhafra,Civil Defense Center - Port,Police and traffic,3/14/2013,2013/03/14-22:10,2013/03/14-22:15,2013/03/14-22:20,3/14/2013 22:21,2013/03/14-22:22,2013/03/14-22:55,Transportation accidents,Clash,Cars,Public facilities and services,Public places and places,The public street opposite the mosque of the city of the port,Ambulance and rescue,Cars,No Clouds,natural,Important,basic,Traffic accident,3,0,,
152,152,59045,82094,Ras Al Khaimah,Civil Defense Center - Administration,Civil defense departments and centers,3/15/2013,2013/03/15-17:48,2013/03/15-17:50,2013/03/15-17:53,3/15/2013 17:56,2013/03/15-18:00,2013/03/15-18:12,Transportation accidents,Clash,Missing,governmental,unknown,Missing,take actions,Missing,No Clouds,natural,very important,basic,Unknown,1,0,,
153,153,59050,82099,Al Dhafra,Civil Defense Center - Ghayathi,Police and traffic,3/15/2013,2013/03/15-21:21,2013/03/15-21:29,2013/03/15-21:34,3/15/2013 21:35,2013/03/15-21:36,2013/03/15-22:10,Transportation accidents,Deterioration,Cars,Public facilities and services,Public places and places,"Giathi Ruwais Road, near Ghiathi Industrial",Ambulance and transfer of a person,Cars,No Clouds,natural,Important,basic,Traffic accident,9,0,,
154,154,59056,82105,Umm Al Quwain,Raise Center,Civil defense departments and centers,3/16/2013,2013/03/16-07:05,2013/03/16-07:12,2013/03/16-07:13,3/16/2013 7:14,2013/03/16-07:15,2013/03/16-07:36,Transportation accidents,Deterioration,Cars,Public facilities and services,Public places and places,Sheikh Mohammed bin Zayed Street towards Ras Al Khaimah,Transfer,Cars,No Clouds,natural,Normal,basic,Traffic accident,2,0,,
155,155,59086,82135,Ajman,Civil Defense Center - Administration,Police and traffic,3/18/2013,2013/03/18-12:10,2013/03/18-12:15,2013/03/18-12:16,3/18/2013 12:17,2013/03/18-12:33,2013/03/18-12:40,Transportation accidents,One hundredth,Missing,Other places,Streets and squares,Mashirf commercial area? Against the luxury tobacco factory th,Transfer,Missing,No Clouds,natural,Normal,basic,Traffic accident,1,0,,
156,156,59104,82155,Ras Al Khaimah,Civil Defense Center - Al -Jazeera Al -Hamra,Police and traffic,3/19/2013,2013/03/19-14:18,2013/03/19-14:20,2013/03/19-14:24,3/19/2013 14:30,2013/03/19-14:48,2013/03/19-15:04,Transportation accidents,Clash,the person,Public facilities and services,Streets and squares,Mohammed bin Zayed Street - Exit 119,Ambulance and transfer of a person,Missing,No Clouds,natural,Normal,basic,Traffic accident,2,0,,
157,157,59105,82156,Ras Al Khaimah,Civil Defense Center - Administration,Police and traffic,3/19/2013,2013/03/19-15:30,2013/03/19-15:33,2013/03/19-15:39,3/19/2013 15:40,2013/03/19-15:45,2013/03/19-16:00,Transportation accidents,Clash,the person,Public facilities and services,Streets and squares,Palm,Ambulance and transfer of a person,Missing,No Clouds,natural,Normal,basic,Traffic accident,2,0,,
158,158,59107,82158,Ras Al Khaimah,Civil Defense Center - Northern Administration,Civil defense departments and centers,3/19/2013,2013/03/19-19:38,2013/03/19-19:43,2013/03/19-19:45,3/19/2013 19:47,2013/03/19-20:02,2013/03/19-20:35,Transportation accidents,Deterioration,the person,governmental,unknown,Saqr Port,take actions,furniture,No Clouds,natural,Important,basic,Traffic accident,3,0,,
159,159,59108,82159,Ras Al Khaimah,Civil Defense Center - Administration,Police and traffic,3/19/2013,2013/03/19-22:40,2013/03/19-22:42,2013/03/19-22:55,3/19/2013 23:22,2013/03/19-23:33,2013/03/19-23:37,Transportation accidents,a fire,Cars,governmental,unknown,Al -Kharan Street,take actions,Missing,No Clouds,natural,Important,basic,Traffic accident,0,0,,
160,160,59112,82163,Ajman,Civil Defense Center - Administration,Police and traffic,3/20/2013,2013/03/20-11:40,2013/03/20-11:45,2013/03/20-11:50,3/20/2013 11:55,2013/03/20-12:00,2013/03/20-12:25,Transportation accidents,Clash,the person,Means of transport,Streets and squares,industrial area ? For Hamdan Center,Ambulance and transfer of a person,Missing,No Clouds,natural,Normal,basic,it is not determined yet,0,0,,
161,161,59113,82164,Umm Al Quwain,Civil Defense Center - Administration,Police and traffic,3/20/2013,2013/03/20-15:48,2013/03/20-15:51,2013/03/20-15:52,3/20/2013 15:53,2013/03/20-15:55,2013/03/20-16:15,Transportation accidents,Deterioration,the person,governmental,Streets and squares,Al -Ittihad Street - Al -Ittihad roundabout,Ambulance and transfer of a person,Cars,No Clouds,natural,Normal,basic,Traffic accident,1,0,,
162,162,59114,82165,Umm Al Quwain,Civil Defense Center - Administration,Police and traffic,3/20/2013,2013/03/20-16:08,2013/03/20-16:17,2013/03/20-16:18,3/20/2013 16:19,2013/03/20-16:20,2013/03/20-16:40,Transportation accidents,Clash,the person,Public facilities and services,Streets and squares,Al -Abeer Street near the transit bridge,Ambulance and transfer of a person,Cars,No Clouds,natural,Normal,basic,Traffic accident,1,0,,
163,163,59128,82179,Ras Al Khaimah,Civil Defense Center - Kadra,Police and traffic,3/21/2013,2013/03/21-09:25,2013/03/21-09:30,2013/03/21-09:32,3/21/2013 9:35,2013/03/21-09:40,2013/03/21-09:48,Transportation accidents,Clash,Cars,governmental,Streets and squares,Thorn,Ambulance and rescue,Missing,No Clouds,natural,Important,basic,Traffic accident,0,0,,
164,164,59132,82183,Ras Al Khaimah,Civil Defense Center - Administration,Police and traffic,3/21/2013,2013/03/21-17:24,2013/03/21-17:27,2013/03/21-17:30,3/21/2013 17:35,2013/03/21-17:37,2013/03/21-17:55,Transportation accidents,Clash,the person,governmental,Streets and squares,Al Mamoura area,Ambulance,Missing,No Clouds,natural,Important,basic,Traffic accident,1,0,,
165,165,59133,82184,Ras Al Khaimah,Civil Defense Center - Administration,Police and traffic,3/21/2013,2013/03/21-19:01,2013/03/21-19:05,2013/03/21-19:06,3/21/2013 19:10,2013/03/21-19:14,2013/03/21-19:30,Transportation accidents,Clash,the person,governmental,Streets and squares,Al -Mairid area,Ambulance and transfer of a person,Missing,No Clouds,natural,Important,basic,Traffic accident,1,0,,
166,166,59137,82188,Ras Al Khaimah,Civil Defense Center - Administration,Police and traffic,3/21/2013,2013/03/21-21:39,2013/03/21-21:43,2013/03/21-21:45,3/21/2013 21:47,2013/03/21-21:50,2013/03/21-22:35,Transportation accidents,Run over,the person,governmental,Streets and squares,Julpar Street towards the whispering,Ambulance and transfer of a person,Missing,No Clouds,natural,Important,basic,Traffic accident,1,0,,
167,167,59140,82191,Ras Al Khaimah,Civil Defense Center - Administration,Police and traffic,3/21/2013,2013/03/21-23:03,2013/03/21-23:06,2013/03/21-23:08,3/21/2013 23:10,2013/03/21-23:12,2013/03/22-00:18,Transportation accidents,Run over,the person,governmental,Streets and squares,Dahan area,Ambulance and transfer of a person,Missing,No Clouds,natural,Important,basic,Traffic accident,1,0,,
168,168,59142,82193,Ras Al Khaimah,Civil Defense Center - Administration,Police and traffic,3/22/2013,2013/03/22-01:36,2013/03/22-01:40,2013/03/22-01:42,3/22/2013 1:45,2013/03/22-01:47,2013/03/22-02:18,Transportation accidents,Run over,the person,governmental,Streets and squares,Crimea Street opposite the Capital Hotel,Ambulance and transfer of a person,Missing,No Clouds,natural,Important,basic,Traffic accident,1,0,,
169,169,59145,82196,Umm Al Quwain,Civil Defense Center - Administration,Police and traffic,3/22/2013,2013/03/22-07:55,2013/03/22-08:06,2013/03/22-08:08,3/22/2013 8:10,2013/03/22-08:11,2013/03/22-08:37,Transportation accidents,Deterioration,Cars,Public facilities and services,Public places and places,Al -Abeer Street towards Sharjah near a polite bridge,Exit and transfer injured people,Cars,No Clouds,natural,Normal,basic,Traffic accident,5,0,,
170,170,59146,82197,Ras Al Khaimah,Civil Defense Center - Al -Jazeera Al -Hamra,Police and traffic,3/22/2013,2013/03/22-13:37,2013/03/22-13:42,2013/03/22-13:45,3/22/2013 13:50,2013/03/22-13:55,2013/03/22-14:35,Transportation accidents,Clash,the person,residential,Streets and squares,Riffa opposite the Arab port,Directing confined and transferring injured people,governmental,No Clouds,natural,very important,basic,Traffic accident,2,0,,
171,171,59149,82200,Ras Al Khaimah,Civil Defense Center - Administration,Police and traffic,3/22/2013,2013/03/22-16:49,2013/03/22-16:58,2013/03/22-18:02,3/22/2013 18:03,2013/03/22-18:05,2013/03/22-18:20,Transportation accidents,Clash,the person,residential,residential,Reduce behind the Cooperation Club,Transfer,governmental,No Clouds,natural,Important,basic,Traffic accident,1,0,,
172,172,59154,82205,Ras Al Khaimah,Civil Defense Center - Administration,Police and traffic,3/22/2013,2013/03/22-22:28,2013/03/22-22:35,2013/03/22-22:40,3/22/2013 22:45,2013/03/22-22:50,2013/03/22-23:00,Transportation accidents,Clash,the person,residential,Shopping center,Julpar opposite the Gulf markets,Transfer,governmental,No Clouds,natural,very important,basic,Traffic accident,3,0,,
173,173,59158,82209,Fujairah,Civil Defense Center - Administration,Military officers and members,3/22/2013,2013/03/22-20:59,2013/03/22-21:03,2013/03/22-21:05,3/22/2013 21:06,2013/03/22-21:07,2013/03/22-21:18,Transportation accidents,Run over,Missing,Public facilities and services,Streets and squares,Market - Dibba Fujairah,Ambulance and rescue,Missing,I did not specify,natural,Important,basic,Traffic accident,1,0,,
174,174,59177,82228,Al Dhafra,Civil Defense Center - Port,Police and traffic,3/24/2013,2013/03/24-15:35,2013/03/24-15:47,2013/03/24-15:49,3/24/2013 15:50,2013/03/24-15:51,2013/03/24-16:10,Transportation accidents,Deterioration,Cars,Public facilities and services,Public places and places,Blinding public street,Ambulance and transfer of a person,Cars,No Clouds,natural,Important,basic,Traffic accident,1,0,,
175,175,59179,82230,Ajman,Civil Defense Center - Administration,Police and traffic,3/24/2013,2013/03/24-16:22,2013/03/24-16:25,2013/03/24-16:27,3/24/2013 16:30,2013/03/24-16:45,2013/03/24-16:50,Transportation accidents,Restriction,Missing,Other places,Streets and squares,Industrial area near the Nissan Motor Agency workshop,Disturbing injured,Missing,No Clouds,natural,Normal,basic,Maafal/deliberate/by an actor,1,0,,
176,176,59181,82232,Fujairah,Civil Defense Center - Dibba,Police and traffic,3/24/2013,2013/03/24-11:35,2013/03/24-11:39,2013/03/24-11:40,3/24/2013 11:41,2013/03/24-11:41,2013/03/24-11:46,Transportation accidents,Run over,Missing,governmental,unknown,Sill,Ambulance,Missing,No Clouds,natural,very important,basic,Unknown,0,0,,
177,177,59185,82236,Ras Al Khaimah,Civil Defense Center - Al -Jazeera Al -Hamra,Police and traffic,3/25/2013,2013/03/25-10:10,2013/03/25-10:18,2013/03/25-10:20,3/25/2013 10:35,2013/03/25-10:37,2013/03/25-10:59,Transportation accidents,Clash,the person,governmental,Streets and squares,Southern Al -Dhait towards Al -Ittihad University,Ambulance and transfer of a person,Specific,No Clouds,natural,Important,basic,Traffic accident,1,0,,
178,178,59191,82242,Ras Al Khaimah,Civil Defense Center - Administration,Police and traffic,3/25/2013,2013/03/25-15:04,2013/03/25-15:08,2013/03/25-15:10,3/25/2013 15:25,2013/03/25-15:27,2013/03/25-15:48,Transportation accidents,Clash,the person,governmental,Streets and squares,Al -Shraisha area opposite the ADNOC oil station,Ambulance and transfer of a person,Specific,No Clouds,natural,Important,basic,Traffic accident,3,0,,
179,179,59192,82243,Ras Al Khaimah,Civil Defense Center - Administration,Police and traffic,3/25/2013,2013/03/25-15:35,2013/03/25-15:37,2013/03/25-15:39,3/25/2013 15:41,2013/03/25-15:42,2013/03/25-16:10,Transportation accidents,Clash,the person,governmental,Streets and squares,Palm intersection Al -Manar Center,Ambulance and transfer of a person,Specific,No Clouds,natural,Important,basic,Traffic accident,1,0,,
180,180,59195,82246,Umm Al Quwain,Raise Center,Police and traffic,3/25/2013,2013/03/25-19:42,2013/03/25-19:51,2013/03/25-19:53,3/25/2013 19:54,2013/03/25-19:55,2013/03/25-21:00,Transportation accidents,One hundredth,Cars,Public facilities and services,Streets and squares,Sheikh Mohammed bin Zayed Street near Exit No. (110),take actions,Cars,No Clouds,natural,Normal,basic,Traffic accident,1,0,,
181,181,59200,82251,Ras Al Khaimah,Civil Defense Center - Administration,Police and traffic,3/25/2013,2013/03/25-19:59,2013/03/25-20:02,2013/03/25-20:05,3/25/2013 20:35,2013/03/25-20:38,2013/03/25-21:00,Transportation accidents,Clash,the person,governmental,Streets and squares,Al -Mairid area,Ambulance and transfer of a person,Specific,No Clouds,natural,very important,basic,Traffic accident,2,0,,
182,182,59207,82258,Ras Al Khaimah,Civil Defense Center - Administration,Police and traffic,3/26/2013,2013/03/26-14:26,2013/03/26-14:31,2013/03/26-14:35,3/26/2013 14:37,2013/03/26-14:38,2013/03/26-15:20,Transportation accidents,Deterioration,the person,Public facilities and services,residential,Al -Rams is an area on the main street,Transfer,governmental,No Clouds,natural,very important,basic,Traffic accident,2,0,,
183,183,59212,82263,Ras Al Khaimah,Civil Defense Center - Administration,Police and traffic,3/26/2013,2013/03/26-21:10,2013/03/26-21:15,2013/03/26-21:17,3/26/2013 21:20,2013/03/26-21:22,2013/03/26-22:10,Transportation accidents,One hundredth,the person,residential,residential,Golan Veterinary Street,Transfer,governmental,No Clouds,natural,very important,basic,Traffic accident,1,0,,
184,184,59240,82291,Umm Al Quwain,Civil Defense Center - Administration,Police and traffic,3/29/2013,2013/03/29-05:35,2013/03/29-05:39,2013/03/29-05:40,3/29/2013 5:42,2013/03/29-05:43,2013/03/29-06:15,Transportation accidents,Deterioration,Cars,Public facilities and services,Public places and places,El-Shikh Zayed street,Exit and transfer injured people,Cars,No Clouds,natural,Normal,basic,Children tampering,2,0,,
185,185,59243,82294,Ras Al Khaimah,Civil Defense Center - Northern Administration,Police and traffic,3/28/2013,2013/03/28-23:55,2013/03/28-23:59,2013/03/29-00:02,3/29/2013 0:05,2013/03/29-00:50,2013/03/29-00:53,Transportation accidents,Deterioration,the person,governmental,Streets and squares,Khurkheir (Salad),Ambulance and transfer of a person,Specific,No Clouds,natural,Important,basic,Traffic accident,1,0,,
186,186,59245,82296,Ras Al Khaimah,Civil Defense Center - Northern Administration,Police and traffic,3/29/2013,2013/03/29-10:21,2013/03/29-10:27,2013/03/29-10:29,3/29/2013 10:32,2013/03/29-10:35,2013/03/29-11:21,Transportation accidents,Run over,the person,governmental,Streets and squares,Khorghawear opposite the port of Saqr,Ambulance and transfer of a person,Specific,No Clouds,natural,Important,basic,Traffic accident,1,0,,
187,187,59248,82299,Fujairah,Civil Defense Center - against us,Police and traffic,3/29/2013,2013/03/29-11:00,2013/03/29-11:03,2013/03/29-11:05,3/29/2013 11:06,2013/03/29-11:07,2013/03/29-11:24,Transportation accidents,One hundredth,Cars,Public facilities and services,Streets and squares,Al -Aqa area/Dibba Al -Fujairah,Ambulance and transfer of a person,Missing,No Clouds,natural,Important,basic,Traffic accident,1,0,,
188,188,59249,82300,Al Dhafra,Civil Defense Center - Port,Police and traffic,3/29/2013,2013/03/29-08:15,2013/03/29-08:30,2013/03/29-08:35,3/29/2013 8:36,2013/03/29-08:37,2013/03/29-09:00,Transportation accidents,Clash,Cars,Public facilities and services,Public places and places,The main street is the long -standing life,Ambulance and transfer of a person,Cars,No Clouds,natural,Important,basic,Traffic accident,1,0,,
189,189,59261,82312,Ras Al Khaimah,Civil Defense Center - Administration,Police and traffic,3/30/2013,2013/03/30-18:04,2013/03/30-18:07,2013/03/30-18:10,3/30/2013 18:11,2013/03/30-18:15,2013/03/30-18:44,Transportation accidents,Run over,the person,commercial,Commercial market,Ras Al Khaimah at Fresh Al Farouj Restaurant,Transfer,governmental,No Clouds,natural,Important,basic,Traffic accident,1,0,,
190,190,59267,82318,Al Dhafra,Civil Defense Center - Port,The audience,3/31/2013,2013/03/31-12:20,2013/03/31-12:35,2013/03/31-12:37,3/31/2013 12:39,2013/03/31-12:40,2013/03/31-13:50,Transportation accidents,Deterioration,the person,governmental,unknown,An accident indicating the deterioration of a fire bike without the numbers of the area,take actions,Kitchens,No Clouds,natural,Important,basic,Traffic accident,1,0,,
191,191,59268,82319,Ras Al Khaimah,Civil Defense Center - Al -Jazeera Al -Hamra,Police and traffic,3/31/2013,2013/03/31-14:15,2013/03/31-14:19,2013/03/31-14:40,3/31/2013 14:48,2013/03/31-14:50,2013/03/31-15:03,Transportation accidents,Deterioration,Trucks,Public facilities and services,Streets and squares,Mohammed bin Zayed Street - Exit 119,Ambulance and transfer of a person,Missing,No Clouds,natural,Normal,basic,it is not determined yet,1,0,,
192,192,59279,82330,Al Dhafra,Civil Defense Center - Liwa,The audience,4/1/2013,2013/04/01-09:55,2013/04/01-10:35,2013/04/01-10:37,4/1/2013 10:39,2013/04/01-10:40,2013/04/01-12:00,Transportation accidents,Deterioration,the person,governmental,car,Car No. 26124 A Disparent in Hilux Cap,take actions,renting cars,No Clouds,natural,very important,basic,Traffic accident,1,0,,
193,193,59287,82338,Fujairah,Civil Defense Center - against us,Police and traffic,4/1/2013,2013/04/01-19:30,2013/04/01-19:34,2013/04/01-19:36,4/1/2013 19:37,2013/04/01-19:38,2013/04/01-20:05,Transportation accidents,Run over,the person,Other places,unknown,Roll region against us Fujairah,Ambulance and transfer of a person,Missing,No Clouds,natural,very important,basic,Traffic accident,1,0,,
194,194,59294,82345,Ras Al Khaimah,Civil Defense Center - Administration,Police and traffic,4/2/2013,2013/04/02-11:54,2013/04/02-12:00,2013/04/02-12:02,4/2/2013 12:06,2013/04/02-12:09,2013/04/02-12:25,Transportation accidents,Run over,the person,governmental,Streets and squares,Al -Uraibi is behind the Ras Al Khaimah Sports Club,Ambulance,Specific,No Clouds,natural,very important,basic,Traffic accident,1,0,,
195,195,59299,82350,Ras Al Khaimah,Civil Defense Center - Administration,Police and traffic,4/2/2013,2013/04/02-21:45,2013/04/02-21:49,2013/04/02-21:50,4/2/2013 21:55,2013/04/02-21:57,2013/04/02-22:27,Transportation accidents,Clash,the person,governmental,Streets and squares,Golan area,Ambulance and transfer of a person,Specific,No Clouds,natural,Important,basic,Traffic accident,1,0,,
196,196,59300,82351,Umm Al Quwain,Civil Defense Center - Al -Madinah,Police and traffic,4/2/2013,2013/04/02-20:00,2013/04/02-20:02,2013/04/02-20:03,4/2/2013 20:04,2013/04/02-20:05,2013/04/02-20:09,Transportation accidents,Clash,the person,governmental,Streets and squares,King Faisal Street opposite Dubai Islamic Bank,Transfer,Missing,No Clouds,natural,Normal,basic,Traffic accident,2,0,,
197,197,59308,82359,Umm Al Quwain,Civil Defense Center - Al -Madinah,Police and traffic,4/3/2013,2013/04/03-14:45,2013/04/03-14:48,2013/04/03-14:49,4/3/2013 14:49,2013/04/03-14:49,2013/04/03-15:00,Transportation accidents,One hundredth,the person,governmental,Streets and squares,Diwan roundabout,take actions,governmental,No Clouds,natural,Normal,basic,Traffic accident,1,0,,
198,198,59313,82364,Ras Al Khaimah,Civil Defense Center - Administration,Police and traffic,4/3/2013,2013/04/03-21:45,2013/04/03-21:53,2013/04/03-21:58,4/3/2013 22:02,2013/04/03-22:03,2013/04/03-22:55,Transportation accidents,Deterioration,the person,residential,residential,Include the popularity of Baloch,Transfer,governmental,No Clouds,natural,Important,basic,Traffic accident,1,0,,
199,199,59320,82371,Ras Al Khaimah,Civil Defense Center - Administration,Police and traffic,4/4/2013,2013/04/04-13:00,2013/04/04-13:04,2013/04/04-13:06,4/4/2013 13:11,2013/04/04-13:30,2013/04/04-13:35,Transportation accidents,Clash,the person,governmental,Streets and squares,Al -Maamoura - near nationality and foreign affairs,Ambulance and transfer of a person,Missing,No Clouds,natural,Normal,basic,it is not determined yet,6,0,,
200,200,59323,82374,Ras Al Khaimah,Civil Defense Center - Administration,Police and traffic,4/4/2013,2013/04/04-15:58,2013/04/04-16:02,2013/04/04-16:08,4/4/2013 16:12,2013/04/04-16:15,2013/04/30-16:30,Transportation accidents,Deterioration,the person,governmental,unknown,Golan area,take actions,Missing,No Clouds,natural,Important,basic,Traffic accident,1,0,,