,Unnamed: 0,rec_id,Accident number,Competent Department,Competent Center,Amount rating,Date of the accident,The date and time of the notification,Date and time of first arrival,Date and time of completion of control,End date and time of the operation,Departure date and time,Date and time of return to the center,Accident Group,Type of accident,Direct damage,Acccident scene category,Accident scene,Accident title,The band's work summary,Activity,Weather condition,Road condition,Priority level,Accident size,The cause of the accident,The number of injured people,The number of deaths in the public,The number of injured members of the force,The number of deaths of members of the force
201,201,59326,82377,Abu Dhabi,Civil Defense Center - Gentot,Police and traffic,4/4/2013,2013/04/04-12:15,2013/04/04-12:30,2013/04/04-12:35,4/4/2013 12:40,2013/04/04-13:00,2013/04/04-13:35,Transportation accidents,a fire,Cars,Means of transport,car,Al -Faya Road towards Dubai,Fire fighting,Missing,No Clouds,natural,very important,medium,Traffic accident,0,2,,
202,202,59328,82379,Ras Al Khaimah,Civil Defense Center - Administration,Civil defense departments and centers,4/4/2013,2013/04/04-19:19,2013/04/04-19:20,2013/04/04-19:25,4/4/2013 19:28,2013/04/04-19:33,2013/04/04-20:00,Transportation accidents,Clash,the person,Public facilities and services,Streets and squares,Al -Manar Center Street,take actions,Missing,No Clouds,natural,Important,basic,Traffic accident,5,0,,
203,203,59348,82399,Ras Al Khaimah,Civil Defense Center - Administration,Police and traffic,4/6/2013,2013/04/06-12:58,2013/04/06-13:03,2013/04/06-13:05,4/6/2013 13:17,2013/04/06-13:21,2013/04/06-13:33,Transportation accidents,Clash,the person,governmental,Streets and squares,The Golan near the Al Yasser School,Ambulance and transfer of a person,Specific,No Clouds,natural,Important,basic,Traffic accident,1,0,,
204,204,59354,82405,Umm Al Quwain,Raise Center,Police and traffic,4/6/2013,2013/04/06-19:05,2013/04/06-19:18,2013/04/06-19:20,4/6/2013 19:20,2013/04/06-19:21,2013/04/06-19:45,Transportation accidents,One hundredth,the person,Public facilities and services,Streets and squares,"Al -Abeer Street, directed by Sharjah",take actions,governmental,Dust and wind,natural,Normal,basic,Traffic accident,1,0,,
205,205,59357,82408,Ras Al Khaimah,Civil Defense Center - Administration,Police and traffic,4/6/2013,2013/04/06-21:57,2013/04/06-22:07,2013/04/06-22:10,4/6/2013 22:22,2013/04/06-22:24,2013/04/06-22:40,Transportation accidents,Deterioration,the person,governmental,Streets and squares,Golan area,Ambulance and transfer of a person,Specific,No Clouds,natural,Important,basic,Traffic accident,1,0,,
206,206,59359,82410,Ras Al Khaimah,Civil Defense Center - Northern Administration,Police and traffic,4/7/2013,2013/04/07-00:24,2013/04/07-00:31,2013/04/07-00:33,4/7/2013 0:36,2013/04/07-00:38,2013/04/07-00:55,Transportation accidents,Clash,the person,governmental,Streets and squares,Al -Nakheel Al -Rams Street,Ambulance and transfer of a person,Specific,No Clouds,natural,Important,basic,Traffic accident,1,0,,
207,207,59361,82412,Fujairah,Civil Defense Center - Al -Taween,Civil defense departments and centers,4/6/2013,2013/04/06-23:20,2013/04/06-23:25,2013/04/06-23:26,4/6/2013 23:27,2013/04/06-23:31,2013/04/07-00:20,Transportation accidents,Clash,Missing,Other places,Streets and squares,Performing roundabout - Ras Al Khaimah,Ambulance and rescue,Missing,No Clouds,natural,Important,basic,Traffic accident,2,0,,
208,208,59362,82413,Ras Al Khaimah,Civil Defense Center - Al -Jazeera Al -Hamra,Police and traffic,4/7/2013,2013/04/07-03:04,2013/04/07-03:06,2013/04/07-03:08,4/7/2013 3:29,2013/04/07-03:33,2013/04/07-03:55,Transportation accidents,Clash,the person,governmental,Streets and squares,Al -Jazeera Al -Hamra after Al Hamra Mall,Ambulance and transfer of a person,Specific,No Clouds,natural,very important,basic,Maafal/deliberate/by an actor,1,0,,
209,209,59363,82414,Ras Al Khaimah,Civil Defense Center - Al -Jazeera Al -Hamra,Police and traffic,4/7/2013,2013/04/07-05:42,2013/04/07-05:49,2013/04/07-05:51,4/7/2013 6:10,2013/04/07-06:18,2013/04/07-06:45,Transportation accidents,infection,the person,governmental,Streets and squares,Al -Tuwayen Street,Ambulance and transfer of a person,Specific,No Clouds,natural,Important,basic,Traffic accident,1,0,,
210,210,59365,82416,Ras Al Khaimah,Civil Defense Center - Administration,Police and traffic,4/7/2013,2013/04/07-07:22,2013/04/07-07:26,2013/04/07-07:28,4/7/2013 7:31,2013/04/07-07:33,2013/04/07-07:48,Transportation accidents,Clash,the person,governmental,Streets and squares,Al -Mairid area,Ambulance and transfer of a person,Missing,No Clouds,natural,very important,basic,Traffic accident,1,0,,
211,211,59367,82418,Al Dhafra,Civil Defense Center - Port,Police and traffic,4/7/2013,2013/04/07-10:00,2013/04/07-10:25,2013/04/07-10:27,4/7/2013 10:29,2013/04/07-10:31,2013/04/07-11:05,Transportation accidents,Clash,Trucks,Public facilities and services,Public places and places,Liners of the public street towards commodities,Ambulance and transfer of a person,Cars,Dust and wind,natural,Important,basic,Traffic accident,1,0,,
212,212,59369,82420,Ras Al Khaimah,Civil Defense Center - Kadra,Police and traffic,4/7/2013,2013/04/07-12:40,2013/04/07-12:45,2013/04/07-12:47,4/7/2013 12:49,2013/04/07-12:52,2013/04/07-12:58,Transportation accidents,Clash,the person,governmental,Streets and squares,Thorn,Ambulance and transfer of a person,Missing,No Clouds,natural,very important,basic,Traffic accident,1,0,,
213,213,59373,82424,Ras Al Khaimah,Civil Defense Center - Al -Jazeera Al -Hamra,Police and traffic,4/7/2013,2013/04/07-13:35,2013/04/07-13:38,2013/04/07-13:43,4/7/2013 13:50,2013/04/07-14:05,2013/04/07-14:20,Transportation accidents,Clash,the person,Public facilities and services,Streets and squares,The Red Island near the Akassia Hotel,Ambulance and transfer of a person,Missing,No Clouds,natural,Normal,basic,Traffic accident,1,0,,
214,214,59393,82444,Umm Al Quwain,Civil Defense Center - Administration,Police and traffic,4/8/2013,2013/04/08-13:12,2013/04/08-13:19,2013/04/08-13:20,4/8/2013 13:21,2013/04/08-13:22,2013/04/08-14:05,Transportation accidents,Deterioration,Missing,Other places,Streets and squares,New industrial / mother of foxes,Transfer,Missing,No Clouds,natural,unclassified,basic,Traffic accident,3,0,,
215,215,59398,82449,Umm Al Quwain,Civil Defense Center - Al -Madinah,Police and traffic,4/8/2013,2013/04/08-21:44,2013/04/08-21:46,2013/04/08-21:47,4/8/2013 21:48,2013/04/08-21:50,2013/04/08-21:58,Transportation accidents,Clash,the person,Other places,Streets and squares,King Faisal Street next to the deer cafe,Transfer,Missing,No Clouds,natural,Normal,basic,Traffic accident,1,0,,
216,216,59402,82453,Ras Al Khaimah,Civil Defense Center - Northern Administration,Police and traffic,4/8/2013,2013/04/08-23:08,2013/04/08-23:13,2013/04/08-23:14,4/8/2013 23:15,2013/04/08-23:16,2013/04/09-00:05,Transportation accidents,Clash,the person,governmental,Streets and squares,Al Ras area,Ambulance and transfer of a person,Specific,No Clouds,natural,Important,basic,Traffic accident,1,0,,
217,217,59407,82458,Ras Al Khaimah,Civil Defense Center - Administration,Police and traffic,4/9/2013,2013/04/09-14:50,2013/04/09-14:54,2013/04/09-14:55,4/9/2013 14:58,2013/04/09-15:00,2013/04/09-15:25,Transportation accidents,Clash,the person,governmental,Streets and squares,Al -Mairid,Ambulance and transfer of a person,Specific,No Clouds,natural,Important,basic,Traffic accident,1,0,,
218,218,59408,82459,Umm Al Quwain,Civil Defense Center - Al -Madinah,Police and traffic,4/9/2013,2013/04/09-15:23,2013/04/09-15:30,2013/04/09-15:32,4/9/2013 15:33,2013/04/09-15:35,2013/04/09-15:50,Transportation accidents,Clash,Cars,Public facilities and services,Streets and squares,Old industrial beside Al -Jabri wash,take actions,governmental,No Clouds,natural,Normal,basic,Traffic accident,1,0,,
219,219,59426,82477,Ras Al Khaimah,Civil Defense Center - Al -Jazeera Al -Hamra,Police and traffic,4/10/2013,2013/04/10-17:05,2013/04/10-17:06,2013/04/10-17:27,4/10/2013 17:45,2013/04/10-17:47,2013/04/10-17:58,Transportation accidents,Clash,the person,Public facilities and services,Streets and squares,Al -Jazeera Al -Hamra - near Al Hamra Mall,Ambulance and transfer of a person,Missing,No Clouds,natural,Normal,basic,Traffic accident,1,0,,
220,220,59451,82502,Fujairah,Civil Defense Center - against us,Police and traffic,4/12/2013,2013/04/12-16:56,2013/04/12-17:00,2013/04/12-17:02,4/12/2013 17:03,2013/04/12-17:04,2013/04/12-17:53,Transportation accidents,Clash,Missing,Public facilities and services,Streets and squares,Al -Aqa - Dibba Al -Fujairah,Ambulance and rescue,Missing,I did not specify,natural,Important,basic,Traffic accident,4,0,,
221,221,59457,82508,Ras Al Khaimah,Civil Defense Center - Administration,Police and traffic,4/13/2013,2013/04/13-03:02,2013/04/13-03:05,2013/04/13-03:07,4/13/2013 3:10,2013/04/13-03:12,2013/04/13-03:35,Transportation accidents,Clash,the person,governmental,Streets and squares,Palm intersection Al -Manar Center,Ambulance and transfer of a person,Specific,No Clouds,natural,Important,basic,Traffic accident,1,0,,
222,222,59464,82515,Ras Al Khaimah,Civil Defense Center - Administration,Police and traffic,4/13/2013,2013/04/13-18:25,2013/04/13-18:28,2013/04/13-18:30,4/13/2013 18:33,2013/04/13-18:48,2013/04/13-18:55,Transportation accidents,Clash,the person,Public facilities and services,Streets and squares,Al -Manar Street - Al -Nakheel,Ambulance and transfer of a person,Missing,No Clouds,natural,Normal,basic,Traffic accident,1,0,,
223,223,59466,82517,Ras Al Khaimah,Civil Defense Center - Administration,Police and traffic,4/13/2013,2013/04/13-20:32,2013/04/13-20:34,2013/04/13-20:37,4/13/2013 20:40,2013/04/13-20:50,2013/04/13-21:00,Transportation accidents,Clash,the person,Public facilities and services,Streets and squares,Palm - opposite Al Hilal Bank,Ambulance and transfer of a person,Missing,No Clouds,natural,Normal,basic,Traffic accident,5,0,,
224,224,59473,82524,Ras Al Khaimah,Civil Defense Center - Al -Jazeera Al -Hamra,Police and traffic,4/14/2013,2013/04/14-08:57,2013/04/14-09:05,2013/04/14-09:07,4/14/2013 9:08,2013/04/14-09:10,2013/04/14-10:00,Transportation accidents,Deterioration,the person,Industrial,Industrial,Al -Jazeera Al -Hamra at the Zamil Iron Factory,Transfer,Ready -made buildings,No Clouds,natural,Important,basic,Traffic accident,3,0,,
225,225,59481,82532,Ras Al Khaimah,Civil Defense Center - Northern Administration,Police and traffic,4/15/2013,2013/04/15-10:25,2013/04/15-10:28,2013/04/15-10:35,4/15/2013 10:35,2013/04/15-10:40,2013/04/15-11:11,Transportation accidents,Clash,the person,Public facilities and services,Methods and transport facilities,Rams opposite the club,Transfer,governmental,No Clouds,natural,Important,basic,it is not determined yet,3,0,,
226,226,59483,82534,Ras Al Khaimah,Civil Defense Center - Al -Jazeera Al -Hamra,Police and traffic,4/15/2013,2013/04/15-13:07,2013/04/15-13:09,2013/04/15-13:11,4/15/2013 13:14,2013/04/15-13:16,2013/04/15-13:54,Transportation accidents,Clash,the person,governmental,Streets and squares,Al -Jazeera Al -Hamra opposite the Ras Al -Khaimah Sarmik,Ambulance and transfer of a person,Specific,No Clouds,natural,Important,basic,Traffic accident,1,0,,
227,227,59484,82535,Umm Al Quwain,Civil Defense Center - Administration,Police and traffic,4/15/2013,2013/04/15-16:15,2013/04/15-16:17,2013/04/15-16:18,4/15/2013 16:19,2013/04/15-16:20,2013/04/15-17:01,Transportation accidents,Clash,Cars,Public facilities and services,Public places and places,Near horse roundabout,Ambulance and transfer of a person,Cars,No Clouds,natural,Normal,basic,Traffic accident,1,0,,
228,228,59485,82536,Ras Al Khaimah,Civil Defense Center - Administration,Police and traffic,4/15/2013,2013/04/15-16:54,2013/04/15-16:57,2013/04/15-16:58,4/15/2013 17:00,2013/04/15-17:03,2013/04/15-17:34,Transportation accidents,Clash,the person,governmental,Streets and squares,Al -Uraibi Street cut off,Ambulance and transfer of a person,Specific,No Clouds,natural,Important,basic,Traffic accident,2,0,,
229,229,59486,82537,Ras Al Khaimah,Civil Defense Center - Al -Jazeera Al -Hamra,Police and traffic,4/15/2013,2013/04/15-18:05,2013/04/15-18:08,2013/04/15-18:10,4/15/2013 18:13,2013/04/15-18:15,2013/04/15-18:56,Transportation accidents,Run over,the person,governmental,Streets and squares,The Red Island,Ambulance and transfer of a person,Specific,No Clouds,natural,Important,basic,Traffic accident,1,0,,
230,230,59492,82543,Ras Al Khaimah,Civil Defense Center - Kadra,Police and traffic,4/16/2013,2013/04/16-07:30,2013/04/16-07:37,2013/04/16-07:42,4/16/2013 7:44,2013/04/16-07:45,2013/04/16-07:50,Transportation accidents,Clash,the person,governmental,undefined,Class Wadi I describe me,Transfer,candies,No Clouds,natural,Important,basic,Traffic accident,1,0,,
231,231,59497,82548,Fujairah,Civil Defense Center - Masafi,Civil defense departments and centers,4/16/2013,2013/04/16-08:28,2013/04/16-08:31,2013/04/16-08:33,4/16/2013 8:34,2013/04/16-08:35,2013/04/16-08:40,Transportation accidents,Clash,Cars,Public facilities and services,Streets and squares,Masafi area,Ambulance and transfer of a person,Missing,No Clouds,natural,Important,basic,Traffic accident,2,0,,
232,232,59499,82550,Abu Dhabi,Civil Defense Center - Al -Shamkha,Police and traffic,4/16/2013,2013/04/16-14:20,2013/04/16-14:26,2013/04/16-14:30,4/16/2013 15:00,2013/04/16-15:30,2013/04/16-15:45,Transportation accidents,Clash,Cars,governmental,car,Show exhibitions in Al -Shamkha district 17,Ambulance and rescue,Missing,No Clouds,natural,unclassified,basic,Traffic accident,0,0,,
233,233,59507,82606,Ras Al Khaimah,Civil Defense Center - Administration,Police and traffic,4/17/2013,2013/04/17-12:45,2013/04/17-12:50,2013/04/17-12:53,4/17/2013 12:56,2013/04/17-12:58,2013/04/17-13:20,Transportation accidents,One hundredth,the person,governmental,Streets and squares,Al Montaser Street,Ambulance and transfer of a person,Missing,No Clouds,natural,very important,basic,Traffic accident,1,0,,
234,234,59509,82608,Ajman,Civil Defense Center - Administration,Military officers and members,4/17/2013,2013/04/17-10:00,2013/04/17-10:01,2013/04/17-10:01,4/17/2013 10:11,2013/04/17-10:14,2013/04/17-10:15,Transportation accidents,Clash,Missing,Other places,Streets and squares,Industrial Al -Jarf area near Al -Jarf Center,Transfer,Missing,No Clouds,natural,Normal,basic,Traffic accident,0,0,,
235,235,59510,82609,Fujairah,Civil Defense Center - Dibba,Police and traffic,4/17/2013,2013/04/17-16:10,2013/04/17-16:13,2013/04/17-16:16,4/17/2013 16:17,2013/04/17-16:18,2013/04/17-16:30,Transportation accidents,Clash,Cars,governmental,unknown,Market Zone - Dibba Fujairah,Ambulance,Missing,No Clouds,natural,very important,basic,Traffic accident,3,0,,
236,236,59520,82619,Fujairah,Civil Defense Center - Al -Taween,Civil defense departments and centers,4/18/2013,2013/04/18-12:40,2013/04/18-12:45,2013/04/18-12:50,4/18/2013 12:54,2013/04/18-12:55,2013/04/18-13:12,Transportation accidents,Clash,Trucks,governmental,unknown,Al -Tawyin roundabout,Exit and transfer injured people,Missing,No Clouds,natural,very important,basic,Traffic accident,1,0,,
237,237,59523,82622,Ras Al Khaimah,Civil Defense Center - Administration,Police and traffic,4/18/2013,2013/04/18-14:02,2013/04/18-14:06,2013/04/18-14:08,4/18/2013 14:12,2013/04/18-14:14,2013/04/18-14:42,Transportation accidents,Clash,the person,governmental,Streets and squares,Golan area,Ambulance and transfer of injured and deceased,Specific,No Clouds,natural,Important,basic,Traffic accident,3,0,,
238,238,59527,82626,Ras Al Khaimah,Civil Defense Center - Administration,Police and traffic,4/18/2013,2013/04/18-21:51,2013/04/18-21:53,2013/04/18-21:57,4/18/2013 22:10,2013/04/18-22:14,2013/04/18-22:20,Transportation accidents,Run over,the person,governmental,Streets and squares,Palm,Ambulance and transfer of a person,Specific,No Clouds,natural,Important,basic,Traffic accident,1,0,,
239,239,59531,82630,Al Dhafra,Civil Defense Center - Dalma,Police and traffic,4/19/2013,2013/04/19-01:05,2013/04/19-01:08,2013/04/19-01:11,4/19/2013 1:13,2013/04/19-01:18,2013/04/19-02:05,Transportation accidents,One hundredth,sidewalk,governmental,unknown,"Dalma at the Lacha roundabout, 1 kilo from a center",take actions,furniture,No Clouds,natural,very important,basic,Traffic accident,3,0,,
240,240,59536,82635,Fujairah,Civil Defense Center - against us,Police and traffic,4/19/2013,2013/04/19-03:51,2013/04/19-04:00,2013/04/19-04:02,4/19/2013 4:04,2013/04/19-04:05,2013/04/19-04:50,Transportation accidents,Clash,Missing,Public facilities and services,Streets and squares,Badia - Dibba Al -Fujairah,rescue,Missing,I did not specify,natural,Important,basic,Traffic accident,1,0,,
241,241,59564,82663,Ras Al Khaimah,Civil Defense Center - Administration,Police and traffic,4/21/2013,2013/04/21-12:00,2013/04/21-12:01,2013/04/21-12:06,4/21/2013 12:10,2013/04/21-12:12,2013/04/21-12:42,Transportation accidents,Clash,the person,governmental,Streets and squares,Palm area,Ambulance and transfer of a person,Missing,No Clouds,natural,very important,basic,Traffic accident,2,0,,
242,242,59572,82671,Ajman,Civil Defense Center - Administration,Police and traffic,4/21/2013,2013/04/21-15:55,2013/04/21-15:58,2013/04/21-16:05,4/21/2013 16:15,2013/04/21-16:25,2013/04/21-17:15,Transportation accidents,Clash,Missing,commercial,Fuel supply station,Swan fuel station in exchange for facilitation,take actions,Missing,No Clouds,natural,very important,basic,it is not determined yet,1,0,,
243,243,59579,82678,Abu Dhabi,Civil Defense Center - Gentot,Civil defense departments and centers,4/4/2013,2013/04/04-12:15,2013/04/04-12:22,2013/04/04-12:23,4/4/2013 12:36,2013/04/04-13:28,2013/04/04-13:35,Transportation accidents,a fire,Cars,governmental,car,Abu Dhabi Dubai Dubai,take actions,Cars,No Clouds,natural,very important,medium,Traffic accident,2,1,,
244,244,59587,82686,Abu Dhabi,Civil Defense Center - Al Samha,Other parties,4/18/2013,2013/04/22-14:18,2013/04/22-14:22,2013/04/22-14:30,4/22/2013 14:35,2013/04/22-14:45,2013/04/22-15:00,Transportation accidents,Deterioration,Cars,Other places,car,A car deterioration in Al -Sumaih area towards Abu Dhabi,take actions,Cars,No Clouds,natural,Important,basic,it is not determined yet,0,0,,
245,245,59593,82692,Ras Al Khaimah,Civil Defense Center - Administration,Police and traffic,4/22/2013,2013/04/22-07:48,2013/04/22-07:53,2013/04/22-07:55,4/22/2013 8:03,2013/04/22-08:10,2013/04/22-08:50,Transportation accidents,Clash,the person,governmental,Streets and squares,Al -Seih area near Ras Al Khaimah Club,Ambulance and transfer of a person,Specific,No Clouds,natural,very important,basic,Traffic accident,3,0,,
246,246,59612,82711,Ras Al Khaimah,Civil Defense Center - Kadra,Police and traffic,4/23/2013,2013/04/23-13:34,2013/04/23-13:37,2013/04/23-13:45,4/23/2013 13:48,2013/04/23-14:00,2013/04/23-14:10,Transportation accidents,Clash,the person,Public facilities and services,Streets and squares,At the intersection of Wadi Asfni,Ambulance and transfer of a person,Missing,No Clouds,natural,Normal,basic,Traffic accident,2,0,,
247,247,59622,82721,Umm Al Quwain,Raise Center,Police and traffic,4/23/2013,2013/04/23-13:35,2013/04/23-13:38,2013/04/23-13:39,4/23/2013 13:40,2013/04/23-13:41,2013/04/23-14:35,Transportation accidents,Clash,the person,Other places,Streets and squares,Al -Raaka area behind the Edinuk Petroleum Station,Transfer,Missing,No Clouds,natural,unclassified,basic,Traffic accident,1,0,,
248,248,59623,82722,Ras Al Khaimah,Civil Defense Center - Administration,Police and traffic,4/23/2013,2013/04/23-17:08,2013/04/23-17:11,2013/04/23-17:15,4/23/2013 17:20,2013/04/23-17:45,2013/04/23-18:00,Transportation accidents,Clash,the person,Public facilities and services,Streets and squares,Al -Seaha - near the technology of students,Ambulance and transfer of a person,Missing,No Clouds,natural,Normal,basic,it is not determined yet,1,0,,
249,249,59636,82735,Ras Al Khaimah,Civil Defense Center - Al -Jazeera Al -Hamra,Police and traffic,4/24/2013,2013/04/24-07:40,2013/04/24-07:50,2013/04/24-07:53,4/24/2013 8:03,2013/04/24-08:05,2013/04/24-08:33,Transportation accidents,Clash,the person,governmental,Streets and squares,Sheikh Mohammed bin Zayed Street,Ambulance and transfer of a person,Missing,No Clouds,natural,very important,basic,Traffic accident,2,0,,
250,250,59643,82742,Ras Al Khaimah,Civil Defense Center - Administration,Police and traffic,4/24/2013,2013/04/24-12:35,2013/04/24-12:37,2013/04/24-12:40,4/24/2013 12:41,2013/04/24-12:42,2013/04/24-13:20,Transportation accidents,Clash,the person,commercial,unknown,Al -Joyce area of the old sheep market,Transfer,governmental,No Clouds,natural,Important,basic,Traffic accident,1,0,,
251,251,59644,82743,Ras Al Khaimah,Civil Defense Center - Kadra,Police and traffic,4/24/2013,2013/04/24-14:52,2013/04/24-15:05,2013/04/24-15:10,4/24/2013 15:12,2013/04/24-15:14,2013/04/24-15:35,Transportation accidents,Clash,the person,Public facilities and services,Streets and squares,Class Wadi I describe me,Transfer,governmental,No Clouds,natural,very important,basic,Traffic accident,1,0,,
252,252,59647,82746,Umm Al Quwain,Raise Center,Police and traffic,4/24/2013,2013/04/24-22:30,2013/04/24-22:45,2013/04/24-22:46,4/24/2013 22:47,2013/04/24-22:48,2013/04/24-23:16,Transportation accidents,Deterioration,Cars,Public facilities and services,Public places and places,"Emirates Street, Ras Al Khaimah Street",Ambulance and transfer of a person,Cars,No Clouds,natural,Normal,basic,Traffic accident,1,0,,
253,253,59648,82747,Umm Al Quwain,Civil Defense Center - Al -Madinah,Police and traffic,4/24/2013,2013/04/24-23:20,2013/04/24-23:23,2013/04/24-23:24,4/24/2013 23:25,2013/04/24-23:26,2013/04/24-23:36,Transportation accidents,Run over,Cars,Public facilities and services,Public places and places,Corniche Street near the cemetery,Ambulance and transfer of a person,Cars,No Clouds,natural,Normal,basic,Traffic accident,1,0,,
254,254,59652,82751,Ras Al Khaimah,Civil Defense Center - Kadra,Police and traffic,4/25/2013,2013/04/25-07:46,2013/04/25-07:51,2013/04/25-07:53,4/25/2013 7:56,2013/04/25-07:58,2013/04/25-08:30,Transportation accidents,Clash,the person,governmental,Streets and squares,Sheikh Khalifa Bin Zayed Street,Ambulance and transfer of a person,Missing,No Clouds,natural,very important,basic,Traffic accident,1,0,,
255,255,59653,82752,Ras Al Khaimah,Civil Defense Center - Administration,Police and traffic,4/25/2013,2013/04/25-11:28,2013/04/25-11:35,2013/04/25-11:38,4/25/2013 11:40,2013/04/25-11:42,2013/04/25-12:26,Transportation accidents,Clash,the person,governmental,Streets and squares,Ras Al Khaimah - next to the fish market - Al -Abra Market,Ambulance and transfer of a person,Missing,No Clouds,natural,Important,basic,Traffic accident,1,0,,
256,256,59661,82760,Ras Al Khaimah,Civil Defense Center - Administration,Police and traffic,4/25/2013,2013/04/25-19:22,2013/04/25-19:26,2013/04/25-19:26,4/25/2013 19:28,2013/04/25-19:35,2013/04/25-19:58,Transportation accidents,Run over,the person,governmental,Streets and squares,Crimea Street,Ambulance and transfer of a person,Specific,No Clouds,natural,Important,basic,Traffic accident,1,0,,
257,257,59685,82784,Ras Al Khaimah,Civil Defense Center - Administration,Police and traffic,4/27/2013,2013/04/27-17:22,2013/04/27-17:23,2013/04/27-17:28,4/27/2013 17:30,2013/04/27-17:33,2013/04/27-17:55,Transportation accidents,Clash,the person,Public facilities and services,Streets and squares,Al -Hosn Street on Ras Al Khaimah Bridge,Transfer,governmental,No Clouds,natural,Important,basic,it is not determined yet,1,0,,
258,258,59698,82797,Ras Al Khaimah,Civil Defense Center - Administration,Civil defense departments and centers,4/28/2013,2013/04/28-17:50,2013/04/28-17:53,2013/04/28-17:57,4/28/2013 18:05,2013/04/28-18:11,2013/04/28-18:20,Transportation accidents,Clash,the person,governmental,unknown,Missing,take actions,Missing,No Clouds,natural,Important,basic,Traffic accident,3,0,,
259,259,59703,82802,Ras Al Khaimah,Civil Defense Center - Administration,The audience,4/28/2013,2013/04/28-21:20,2013/04/28-21:24,2013/04/28-21:25,4/28/2013 21:27,2013/04/28-21:28,2013/04/28-22:11,Transportation accidents,Run over,the person,governmental,unknown,Al Ras area,take actions,Missing,No Clouds,natural,very important,basic,Traffic accident,1,0,,
260,260,59718,82817,Ras Al Khaimah,Civil Defense Center - Administration,Police and traffic,4/29/2013,2013/04/29-13:43,2013/04/29-13:45,2013/04/29-13:47,4/29/2013 13:51,2013/04/29-13:53,2013/04/29-14:35,Transportation accidents,Clash,the person,governmental,Streets and squares,Palm opposite Al -Manar Center,Ambulance and transfer of a person,Specific,No Clouds,natural,Important,basic,Traffic accident,1,0,,
261,261,59729,82828,Umm Al Quwain,Civil Defense Center - Al -Madinah,Police and traffic,4/30/2013,2013/04/30-19:20,2013/04/30-19:22,2013/04/30-19:23,4/30/2013 19:24,2013/04/30-19:25,2013/04/30-19:43,Transportation accidents,One hundredth,Cars,Public facilities and services,Public places and places,The popularity of the radio opposite the house of Bouhiliba,Ambulance and transfer of a person,Cars,Clouds,natural,Normal,basic,Traffic accident,1,0,,
262,262,59744,82843,Ras Al Khaimah,Civil Defense Center - Administration,Police and traffic,5/1/2013,2013/05/01-21:21,2013/05/01-21:25,2013/05/01-21:28,5/1/2013 21:30,2013/05/01-21:32,2013/05/01-22:00,Transportation accidents,Clash,the person,residential,Public places and places,The Golan after the gym,Transfer,governmental,No Clouds,natural,Important,basic,Traffic accident,1,0,,
263,263,59746,82845,Ras Al Khaimah,Civil Defense Center - Administration,Police and traffic,5/1/2013,2013/05/01-23:48,2013/05/01-23:51,2013/05/01-23:55,5/1/2013 23:59,2013/05/02-00:05,2013/05/02-00:37,Transportation accidents,Clash,the person,Public facilities and services,Commercial market,The red island is on the markets,Transfer,governmental,No Clouds,natural,very important,basic,Traffic accident,2,0,,
264,264,59754,82853,Ras Al Khaimah,Civil Defense Center - Administration,Police and traffic,5/2/2013,2013/05/02-15:28,2013/05/02-15:34,2013/05/02-15:39,5/2/2013 15:50,2013/05/02-16:05,2013/05/02-16:19,Transportation accidents,Clash,the person,governmental,unknown,In front of the Ubayd Allah Hospital,take actions,Missing,No Clouds,natural,Important,basic,Traffic accident,1,0,,
265,265,59755,82854,Ras Al Khaimah,Civil Defense Center - Administration,Civil defense departments and centers,5/2/2013,2013/05/02-16:35,2013/05/02-16:37,2013/05/02-16:40,5/2/2013 16:45,2013/05/02-16:50,2013/05/02-17:01,Transportation accidents,Clash,the person,governmental,Streets and squares,In exchange for Al -Manar Center,take actions,trade,No Clouds,natural,Important,basic,Traffic accident,1,0,,
266,266,59761,82860,Ras Al Khaimah,Civil Defense Center - Kadra,Police and traffic,5/2/2013,2013/05/02-21:50,2013/05/02-22:00,2013/05/02-22:05,5/2/2013 22:10,2013/05/02-22:35,2013/05/02-22:42,Transportation accidents,Deterioration,the person,Public facilities and services,Streets and squares,Shokha Street towards Al -Munai’i,Ambulance and transfer of a person,Missing,No Clouds,natural,Normal,basic,it is not determined yet,1,0,,
267,267,59770,82869,Ras Al Khaimah,Civil Defense Center - Administration,Police and traffic,5/3/2013,2013/05/03-18:33,2013/05/03-18:37,2013/05/03-18:38,5/3/2013 18:40,2013/05/03-18:42,2013/05/03-19:10,Transportation accidents,Clash,the person,governmental,Streets and squares,Poems,take actions,Specific,No Clouds,natural,very important,basic,Children tampering,1,0,,