,Unnamed: 0,rec_id,Accident number,Competent Department,Competent Center,Amount rating,Date of the accident,The date and time of the notification,Date and time of first arrival,Date and time of completion of control,End date and time of the operation,Departure date and time,Date and time of return to the center,Accident Group,Type of accident,Direct damage,Acccident scene category,Accident scene,Accident title,The band's work summary,Activity,Weather condition,Road condition,Priority level,Accident size,The cause of the accident,The number of injured people,The number of deaths in the public,The number of injured members of the force,The number of deaths of members of the force
268,268,59772,82871,Ras Al Khaimah,Civil Defense Center - Administration,Police and traffic,5/3/2013,2013/05/03-19:53,2013/05/03-19:55,2013/05/03-19:56,5/3/2013 19:57,2013/05/03-19:59,2013/05/03-20:20,Transportation accidents,Clash,the person,governmental,Streets and squares,Palm area,Ambulance and transfer of a person,Specific,No Clouds,natural,Important,basic,Traffic accident,1,0,,
269,269,59775,82874,Ras Al Khaimah,Civil Defense Center - Administration,Police and traffic,5/3/2013,2013/05/03-22:07,2013/05/03-22:11,2013/05/03-22:12,5/3/2013 22:15,2013/05/03-22:17,2013/05/03-22:56,Transportation accidents,Clash,the person,governmental,Streets and squares,Julpar,Ambulance and transfer of a person,Specific,No Clouds,natural,Important,basic,Traffic accident,1,0,,
270,270,59778,82877,Ras Al Khaimah,Civil Defense Center - Administration,Police and traffic,5/3/2013,2013/05/03-23:16,2013/05/03-23:20,2013/05/03-23:21,5/3/2013 23:23,2013/05/03-23:25,2013/05/03-23:47,Transportation accidents,Clash,the person,governmental,Streets and squares,Globe,Ambulance and transfer of a person,Specific,No Clouds,natural,Important,basic,Traffic accident,2,0,,
271,271,59781,82880,Fujairah,Civil Defense Center - Al -Taween,Civil defense departments and centers,5/3/2013,2013/05/03-14:28,2013/05/03-14:36,2013/05/03-14:37,5/3/2013 14:39,2013/05/03-14:40,2013/05/03-15:30,Transportation accidents,Clash,Missing,Public facilities and services,Streets and squares,Ras Al Khaimah permission,Ambulance and rescue,Missing,I did not specify,natural,Important,basic,Children tampering,1,0,,
272,272,59782,82881,Ras Al Khaimah,Civil Defense Center - Administration,Police and traffic,5/4/2013,2013/05/04-04:49,2013/05/04-04:53,2013/05/04-04:54,5/4/2013 4:59,2013/05/04-05:00,2013/05/04-05:35,Transportation accidents,Deterioration,the person,governmental,Streets and squares,Al -Seih area behind Ras Al Khaimah Sports Club,Ambulance and transfer of a person,Specific,No Clouds,natural,very important,basic,Traffic accident,1,0,,
273,273,59792,82891,Ajman,Civil Defense Center - Administration,Police and traffic,5/5/2013,2013/05/05-07:27,2013/05/05-07:30,2013/05/05-07:31,5/5/2013 7:32,2013/05/05-07:33,2013/05/05-08:00,Transportation accidents,Clash,Cars,Public facilities and services,Methods and transport facilities,"Al -Hamidiya, in the direction of Sheikh/Mohammed bin Zayed Street",take actions,Cars,No Clouds,natural,Important,medium,Traffic accident,0,1,,
274,274,59795,82894,Ras Al Khaimah,Civil Defense Center - Administration,Police and traffic,5/5/2013,2013/05/05-11:45,2013/05/05-11:45,2013/05/05-11:47,5/5/2013 11:48,2013/05/05-11:49,2013/05/05-12:30,Transportation accidents,Clash,the person,commercial,unknown,In front of Al -Manar International Motors Center,Transfer,governmental,No Clouds,natural,Important,basic,Traffic accident,2,0,,
275,275,59799,82898,Ras Al Khaimah,Civil Defense Center - Al -Jazeera Al -Hamra,Police and traffic,5/5/2013,2013/05/05-18:23,2013/05/05-18:29,2013/05/05-18:35,5/5/2013 18:38,2013/05/05-18:40,2013/05/05-19:19,Transportation accidents,Deterioration,the person,Public facilities and services,Streets and squares,Southern Al -Dhait at the Traffic Department,Transfer,governmental,No Clouds,natural,very important,basic,Traffic accident,2,0,,
276,276,59801,82900,Ras Al Khaimah,Civil Defense Center - Administration,Police and traffic,5/5/2013,2013/05/05-21:14,2013/05/05-21:17,2013/05/05-21:20,5/5/2013 21:22,2013/05/05-21:23,2013/05/05-21:55,Transportation accidents,Run over,the person,Public facilities and services,Streets and squares,Ras Al Khaimah next to the Dubai Library at the Nouf Pies,Transfer,governmental,No Clouds,natural,Important,basic,Traffic accident,1,0,,
277,277,59808,82907,Ras Al Khaimah,Civil Defense Center - Administration,Civil defense departments and centers,5/6/2013,2013/05/06-15:21,2013/05/06-15:24,2013/05/06-15:26,5/6/2013 15:30,2013/05/06-15:41,2013/05/06-15:54,Transportation accidents,Deterioration,Missing,governmental,governmental,Near the ship's roundabout,take actions,Missing,No Clouds,natural,Important,basic,Traffic accident,2,0,,
278,278,59820,82919,Eye,Civil Defense Center - Al -Hir,Police and traffic,5/7/2013,2013/05/07-13:43,2013/05/07-13:47,2013/05/07-13:51,5/7/2013 14:18,2013/05/07-14:26,2013/05/07-14:31,Transportation accidents,a fire,Cars,Means of transport,car,Hir area public street,Fire control and cooling,Cars,No Clouds,natural,Important,basic,Traffic accident,3,0,,
279,279,59853,82952,Ras Al Khaimah,Civil Defense Center - Administration,Police and traffic,5/8/2013,2013/05/08-20:34,2013/05/08-20:35,2013/05/08-20:37,5/8/2013 20:38,2013/05/08-20:39,2013/05/08-20:50,Transportation accidents,Clash,the person,governmental,governmental,Creation and an infected presence,take actions,Missing,No Clouds,natural,very important,basic,The poor transfer process,1,0,,
280,280,59856,82955,Ras Al Khaimah,Civil Defense Center - Northern Administration,Police and traffic,5/9/2013,2013/05/09-08:45,2013/05/09-08:48,2013/05/09-08:51,5/9/2013 9:08,2013/05/09-09:09,2013/05/09-09:46,Transportation accidents,Clash,the person,Public facilities and services,Public places and places,Rams opposite the cemetery,Transfer,governmental,No Clouds,natural,very important,basic,Traffic accident,4,0,,
281,281,59859,82958,Ras Al Khaimah,Civil Defense Center - Administration,Civil defense departments and centers,5/9/2013,2013/05/09-13:23,2013/05/09-13:24,2013/05/09-13:26,5/9/2013 13:27,2013/05/09-13:28,2013/05/09-13:46,Transportation accidents,Clash,the person,Public facilities and services,residential,Sustenance,Transfer,governmental,No Clouds,natural,Important,basic,Traffic accident,1,0,,
282,282,59869,82968,Ras Al Khaimah,Civil Defense Center - Administration,Police and traffic,5/10/2013,2013/05/10-11:05,2013/05/10-11:09,2013/05/10-11:15,5/10/2013 11:18,2013/05/10-11:20,2013/05/10-11:25,Transportation accidents,Clash,the person,Means of transport,Streets and squares,Palm Old Communications Street,Ambulance and transfer of a person,Missing,No Clouds,natural,Normal,basic,Traffic accident,4,0,,
283,283,59876,82975,Ras Al Khaimah,Civil Defense Center - Administration,Civil defense departments and centers,5/10/2013,2013/05/10-21:23,2013/05/10-21:27,2013/05/10-21:32,5/10/2013 22:00,2013/05/10-22:15,2013/05/10-22:27,Transportation accidents,Clash,the person,governmental,Streets and squares,Julpar,take actions,Missing,No Clouds,natural,Important,basic,Traffic accident,1,0,,
284,284,59879,82978,Ajman,Civil Defense Center - Administration,Police and traffic,5/10/2013,2013/05/10-05:39,2013/05/10-05:44,2013/05/10-05:49,5/10/2013 5:54,2013/05/10-05:59,2013/05/10-06:30,Transportation accidents,Deterioration,the person,Public facilities and services,Streets and squares,Sheikh Mohammed bin Zayed Street,Rescue and transfer injured people,Missing,No Clouds,natural,Normal,basic,Traffic accident,1,0,,
285,285,59887,82986,Umm Al Quwain,Civil Defense Center - Al -Madinah,Police and traffic,5/11/2013,2013/05/11-20:31,2013/05/11-20:33,2013/05/11-20:34,5/11/2013 20:35,2013/05/11-20:36,2013/05/11-20:40,Transportation accidents,One hundredth,the person,governmental,Streets and squares,King Faisal Street next to the deer cafe,Transfer,Cars,No Clouds,natural,Normal,basic,Traffic accident,1,0,,
286,286,59907,83006,Umm Al Quwain,Raise Center,Police and traffic,5/12/2013,2013/05/12-19:27,2013/05/12-19:39,2013/05/12-19:40,5/12/2013 19:41,2013/05/12-19:43,2013/05/12-20:48,Transportation accidents,Deterioration,Cars,Public facilities and services,Public places and places,Sheikh Mohammed bin Zayed Street near the exit 110,Ambulance and transfer of a person,Cars,No Clouds,natural,Normal,basic,Traffic accident,1,0,,
287,287,59913,83012,Fujairah,Civil Defense Center - Administration,Police and traffic,5/12/2013,2013/05/12-16:00,2013/05/12-16:06,2013/05/12-16:08,5/12/2013 16:10,2013/05/12-16:13,2013/05/12-16:25,Transportation accidents,Clash,Missing,Public facilities and services,Streets and squares,General Street - Dibba Al -Fujairah,Ambulance and rescue,Missing,I did not specify,natural,Normal,basic,Traffic accident,3,0,,
288,288,59930,83029,Ras Al Khaimah,Civil Defense Center - Administration,Police and traffic,5/13/2013,2013/05/13-17:01,2013/05/13-17:05,2013/05/13-17:07,5/13/2013 17:09,2013/05/13-17:10,2013/05/13-17:45,Transportation accidents,Clash,the person,residential,unknown,Al -Mamoura near Tunb School,Transfer,governmental,No Clouds,natural,very important,basic,Traffic accident,1,0,,
289,289,59936,83035,Ras Al Khaimah,Civil Defense Center - Administration,Police and traffic,5/13/2013,2013/05/13-22:07,2013/05/13-22:10,2013/05/13-22:12,5/13/2013 22:15,2013/05/13-22:16,2013/05/13-22:40,Transportation accidents,Run over,the person,commercial,Streets and squares,Amman Street at Emirates Oil Station,Transfer,governmental,No Clouds,natural,Important,basic,Traffic accident,1,0,,
290,290,59972,83071,Ajman,Civil Defense Center - Administration,Police and traffic,5/15/2013,2013/05/15-18:03,2013/05/15-18:05,2013/05/15-18:15,5/15/2013 18:25,2013/05/15-18:29,2013/05/15-18:54,Transportation accidents,Clash,Cars,Public facilities and services,Streets and squares,Misheerf Commercial Zone,take actions,Missing,No Clouds,natural,very important,basic,Traffic accident,1,0,,
291,291,59976,83075,Ras Al Khaimah,Civil Defense Center - Administration,Police and traffic,5/16/2013,2013/05/16-02:27,2013/05/16-02:29,2013/05/16-02:31,5/16/2013 2:33,2013/05/16-02:35,2013/05/16-03:02,Transportation accidents,One hundredth,the person,governmental,Public places and places,Crimea Street,Ambulance and transfer of a person,Specific,No Clouds,natural,Important,basic,Traffic accident,1,0,,
292,292,60007,83106,Umm Al Quwain,Civil Defense Center - Administration,Police and traffic,5/17/2013,2013/05/17-16:25,2013/05/17-16:35,2013/05/17-16:36,5/17/2013 16:39,2013/05/17-16:42,2013/05/17-17:00,Transportation accidents,Deterioration,the person,governmental,Streets and squares,Sheikh Mohammed bin Zayed Street towards the Al -Sarra Bridge,Transfer,Cars,No Clouds,natural,Normal,basic,Traffic accident,2,0,,
293,293,60010,83109,Ras Al Khaimah,Civil Defense Center - Al -Jazeera Al -Hamra,Police and traffic,5/17/2013,2013/05/17-23:15,2013/05/17-23:19,2013/05/17-23:23,5/17/2013 23:25,2013/05/17-23:30,2013/05/18-00:20,Transportation accidents,Clash,the person,Public facilities and services,tourist,Al -Jazeera Al -Hamra versus Majan,Transfer,governmental,No Clouds,natural,very important,basic,Traffic accident,1,0,,
294,294,60012,83111,Ras Al Khaimah,Civil Defense Center - Northern Administration,Police and traffic,5/18/2013,2013/05/18-03:20,2013/05/18-03:26,2013/05/18-03:28,5/18/2013 3:44,2013/05/18-03:54,2013/05/18-04:50,Transportation accidents,Deterioration,the person,Public facilities and services,Streets and squares,Inside the Wadi Galalah Valley,Bodies,Cars,No Clouds,natural,very important,medium,Traffic accident,1,1,,
295,295,60018,83117,Abu Dhabi,Civil Defense Center - Gentot,Police and traffic,5/17/2013,2013/05/17-15:17,2013/05/17-15:25,2013/05/17-15:30,5/17/2013 15:36,2013/05/17-15:45,2013/05/17-16:30,Transportation accidents,One hundredth,sidewalk,governmental,unknown,Shocked and average barrier,take actions,governmental,No Clouds,natural,Important,basic,it is not determined yet,1,0,,
296,296,60025,83124,Umm Al Quwain,Civil Defense Center - Administration,Police and traffic,5/18/2013,2013/05/18-17:31,2013/05/18-17:40,2013/05/18-17:42,5/18/2013 17:42,2013/05/18-17:43,2013/05/18-18:30,Transportation accidents,One hundredth,the person,governmental,Streets and squares,Sheikh Mohammed bin Zayed Street at Exit (103),Ambulance and transfer of a person,Cars,No Clouds,natural,Normal,basic,Traffic accident,2,0,,
297,297,60035,83134,Ras Al Khaimah,Civil Defense Center - Administration,Police and traffic,5/19/2013,2013/05/19-01:25,2013/05/19-01:30,2013/05/19-01:35,5/19/2013 1:38,2013/05/19-01:40,2013/05/19-02:03,Transportation accidents,Clash,the person,governmental,Streets and squares,Behind Omar Khayyam Restaurant,Ambulance and transfer of a person,Missing,No Clouds,natural,very important,basic,Traffic accident,4,0,,
298,298,60052,83151,Ajman,Civil Defense Center - Administration,Police and traffic,5/20/2013,2013/05/20-17:45,2013/05/20-17:49,2013/05/20-17:51,5/20/2013 17:52,2013/05/20-17:53,2013/05/20-18:30,Transportation accidents,Clash,Missing,governmental,Streets and squares,Al -Rashidiya area behind the old passports,Ambulance,Missing,No Clouds,natural,Normal,basic,Traffic accident,4,0,,
299,299,60085,83184,Ras Al Khaimah,Civil Defense Center - Administration,Police and traffic,5/22/2013,2013/05/22-12:25,2013/05/22-12:27,2013/05/22-12:30,5/22/2013 12:35,2013/05/22-12:40,2013/05/22-12:45,Transportation accidents,Run over,the person,Public facilities and services,Streets and squares,Palm - for communications,Ambulance and transfer of a person,Missing,No Clouds,natural,Normal,basic,it is not determined yet,1,0,,
300,300,60091,83190,Ras Al Khaimah,Civil Defense Center - Administration,Police and traffic,5/22/2013,2013/05/22-16:28,2013/05/22-16:31,2013/05/22-16:37,5/22/2013 16:50,2013/05/22-16:53,2013/05/22-17:03,Transportation accidents,Clash,the person,governmental,Streets and squares,Near the Officers Club,take actions,Missing,No Clouds,natural,Important,basic,Traffic accident,2,0,,
301,301,60096,83195,Ras Al Khaimah,Civil Defense Center - Administration,Police and traffic,5/22/2013,2013/05/22-19:28,2013/05/22-19:37,2013/05/22-19:40,5/22/2013 19:44,2013/05/22-20:10,2013/05/22-20:15,Transportation accidents,Clash,the person,Public facilities and services,Streets and squares,Surname,Ambulance and transfer of a person,Missing,No Clouds,natural,Normal,basic,Traffic accident,2,0,,
302,302,60112,83211,Ras Al Khaimah,Civil Defense Center - Administration,The audience,5/24/2013,2013/05/24-00:21,2013/05/24-00:27,2013/05/24-00:30,5/24/2013 0:32,2013/05/24-00:33,2013/05/24-00:42,Transportation accidents,Run over,the person,governmental,Streets and squares,Mairid area,Ambulance and transfer of a person,Missing,No Clouds,natural,very important,basic,Traffic accident,1,0,,
303,303,60120,83219,Sharjah / Eastern Region,Civil Defense Center - Khor Fakkan,Police and traffic,5/24/2013,2013/05/24-19:00,2013/05/24-19:02,2013/05/24-19:02,5/24/2013 19:02,2013/05/24-19:15,2013/05/24-19:20,Transportation accidents,Clash,Cars,Other places,car,Khorfakkan - Sheikh Khalid bin Muhammad Al Qasimi Street,Ambulance,Cars,No Clouds,natural,Normal,basic,it is not determined yet,7,0,,
304,304,60123,83222,Umm Al Quwain,Civil Defense Center - Administration,Police and traffic,5/25/2013,2013/05/25-00:09,2013/05/25-00:23,2013/05/25-00:24,5/25/2013 0:26,2013/05/25-00:28,2013/05/25-01:06,Transportation accidents,One hundredth,Cars,Public facilities and services,Public places and places,Wearing area,Transfer,Cars,No Clouds,natural,Normal,basic,Traffic accident,4,0,,
305,305,60126,83225,Ajman,Civil Defense Center - Administration,Police and traffic,5/24/2013,2013/05/24-13:58,2013/05/24-14:01,2013/05/24-14:10,5/24/2013 14:15,2013/05/24-14:20,2013/05/24-14:30,Transportation accidents,infection,Cars,Public facilities and services,Streets and squares,Al -Nuaimia area opposite Al -Nuaimia Towers,take actions,Missing,No Clouds,natural,very important,basic,Traffic accident,1,0,,
306,306,60135,83234,Ajman,Civil Defense Center - Administration,Police and traffic,5/25/2013,2013/05/25-20:02,2013/05/25-20:07,2013/05/25-20:12,5/25/2013 20:17,2013/05/25-20:22,2013/05/25-20:27,Transportation accidents,Clash,Missing,commercial,Other places,Al -Hamidiya area - vegetable market,Ambulance and rescue,Missing,No Clouds,natural,Normal,basic,it is not determined yet,1,0,,
307,307,60140,83239,Ras Al Khaimah,Civil Defense Center - Administration,Police and traffic,5/26/2013,2013/05/26-08:50,2013/05/26-08:53,2013/05/26-09:00,5/26/2013 9:06,2013/05/26-09:08,2013/05/26-09:24,Transportation accidents,Clash,the person,governmental,Streets and squares,Opposite the Emirates Bank (palm),take actions,Missing,No Clouds,natural,very important,basic,it is not determined yet,1,0,,
308,308,60141,83240,Ras Al Khaimah,Civil Defense Center - Al -Jazeera Al -Hamra,Police and traffic,5/26/2013,2013/05/26-09:14,2013/05/26-09:20,2013/05/26-09:40,5/26/2013 10:05,2013/05/26-10:10,2013/05/26-10:23,Transportation accidents,Clash,the person,Public facilities and services,Streets and squares,Mohammed bin Zayed Street - Exit 119 towards Ras Al Khaimah,Ambulance and transfer of a person,Missing,No Clouds,natural,Normal,basic,Traffic accident,1,0,,
309,309,60150,83249,Ajman,Civil Defense Center - Administration,Police and traffic,5/26/2013,2013/05/26-08:58,2013/05/26-09:00,2013/05/26-09:02,5/26/2013 9:10,2013/05/26-09:25,2013/05/26-09:45,Transportation accidents,Clash,Missing,governmental,Streets and squares,Al -Rawda area of Sheikh Ammar bin Hamid Street,Ambulance and rescue,Missing,No Clouds,natural,Normal,basic,Traffic accident,2,0,,
310,310,60163,83262,Ras Al Khaimah,Civil Defense Center - Administration,Police and traffic,5/27/2013,2013/05/27-14:00,2013/05/27-14:06,2013/05/27-14:08,5/27/2013 14:10,2013/05/27-14:33,2013/05/27-14:45,Transportation accidents,Deterioration,the person,governmental,Streets and squares,Al Ras area,Ambulance and transfer of a person,Missing,No Clouds,natural,very important,basic,Traffic accident,1,0,,
311,311,60167,83266,Ras Al Khaimah,Civil Defense Center - Administration,Police and traffic,5/27/2013,2013/05/27-21:23,2013/05/27-21:25,2013/05/27-21:30,5/27/2013 21:35,2013/05/27-21:40,2013/05/27-22:03,Transportation accidents,Clash,the person,governmental,Streets and squares,Carrefour Street,Ambulance and transfer of a person,Missing,No Clouds,natural,very important,basic,Traffic accident,1,0,,
312,312,60186,83285,Ras Al Khaimah,Civil Defense Center - Administration,Police and traffic,5/28/2013,2013/05/28-20:20,2013/05/28-20:23,2013/05/28-20:25,5/28/2013 20:26,2013/05/28-20:27,2013/05/28-21:15,Transportation accidents,Clash,the person,governmental,governmental,Connection and 3 injured people,take actions,Missing,No Clouds,natural,very important,basic,Traffic accident,3,0,,
313,313,60218,83317,Umm Al Quwain,Civil Defense Center - Administration,Police and traffic,5/31/2013,2013/05/31-02:28,2013/05/31-02:33,2013/05/31-02:35,5/31/2013 2:36,2013/05/31-02:37,2013/05/31-03:15,Transportation accidents,Clash,Cars,Public facilities and services,Public places and places,Near the secret bridge,Transfer,Cars,No Clouds,natural,Normal,basic,Traffic accident,3,0,,
314,314,60226,83325,Fujairah,Civil Defense Center - Dibba,Police and traffic,5/31/2013,2013/05/31-20:40,2013/05/31-20:57,2013/05/31-21:02,5/31/2013 21:05,2013/05/31-21:07,2013/05/31-21:45,Transportation accidents,Clash,Cars,Public facilities and services,Public places and places,Al -Ghana District - Dibba Al -Fujairah,Ambulance,Missing,No Clouds,natural,Important,basic,Traffic accident,2,0,,
315,315,60229,83328,Fujairah,Civil Defense Center - Masafi,Police and traffic,5/31/2013,2013/05/31-21:45,2013/05/31-21:47,2013/05/31-21:50,5/31/2013 21:55,2013/05/31-21:57,2013/05/31-22:45,Transportation accidents,Clash,Cars,commercial,Streets and squares,Masafi area -Friday market,Ambulance,Missing,No Clouds,natural,Important,basic,Traffic accident,1,0,,
316,316,60252,83351,Al Dhafra,Civil Defense Center - Liwa,Police and traffic,6/2/2013,2013/06/02-08:20,2013/06/02-08:40,2013/06/02-08:45,6/2/2013 8:46,2013/06/02-08:47,2013/06/02-09:30,Transportation accidents,Deterioration,Cars,Public facilities and services,Streets and squares,"Liwa city, Liwa Road, is about 20 kilos",Ambulance and transfer of a person,Cars,No Clouds,natural,Important,basic,Traffic accident,1,0,,
317,317,60264,83363,Fujairah,Civil Defense Center - Dibba,Police and traffic,6/2/2013,2013/06/02-22:30,2013/06/02-22:38,2013/06/02-23:43,6/2/2013 23:50,2013/06/02-23:53,2013/06/03-00:05,Transportation accidents,Clash,Missing,Public facilities and services,Streets and squares,Roll Dibba Fujairah,Ambulance and rescue,Missing,I did not specify,natural,Important,basic,Traffic accident,4,0,,
318,318,60270,83369,Ras Al Khaimah,Civil Defense Center - Administration,Police and traffic,6/3/2013,2013/06/03-13:25,2013/06/03-13:30,2013/06/03-13:35,6/3/2013 13:37,2013/06/03-13:50,2013/06/03-14:00,Transportation accidents,Clash,the person,Public facilities and services,Streets and squares,Palm,Ambulance and transfer of a person,Missing,No Clouds,natural,Normal,basic,Traffic accident,2,0,,
319,319,60279,83378,Ras Al Khaimah,Civil Defense Center - Administration,Police and traffic,6/3/2013,2013/06/03-20:15,2013/06/03-20:20,2013/06/03-20:25,6/3/2013 20:29,2013/06/03-20:44,2013/06/03-20:50,Transportation accidents,Run over,the person,governmental,unknown,Globe,take actions,Missing,No Clouds,natural,Important,basic,Traffic accident,1,0,,
320,320,60307,83406,Fujairah,Civil Defense Center - Al -Taween,Civil defense departments and centers,6/5/2013,2013/06/05-16:54,2013/06/05-17:05,2013/06/05-17:06,6/5/2013 17:07,2013/06/05-17:10,2013/06/05-18:00,Transportation accidents,Clash,Missing,Public facilities and services,Streets and squares,So - Ras Al Khaimah,Ambulance and rescue,Missing,I did not specify,natural,Important,basic,Traffic accident,1,0,,
321,321,60320,83419,Ras Al Khaimah,Civil Defense Center - Northern Administration,Police and traffic,6/6/2013,2013/06/06-20:56,2013/06/06-21:00,2013/06/06-21:05,6/6/2013 21:07,2013/06/06-21:10,2013/06/06-22:02,Transportation accidents,Clash,the person,Public facilities and services,Streets and squares,Al -Rams area opposite the Rams Cemetery,Ambulance and transfer of a person,Cars,No Clouds,natural,very important,basic,Traffic accident,3,0,,
322,322,60339,83438,Ras Al Khaimah,Civil Defense Center - Administration,Police and traffic,6/8/2013,2013/06/08-13:25,2013/06/08-13:35,2013/06/08-13:43,6/8/2013 13:48,2013/06/08-13:56,2013/06/08-14:28,Transportation accidents,Deterioration,the person,governmental,Streets and squares,The area of reunion,Ambulance and transfer of a person,Missing,No Clouds,natural,very important,basic,Traffic accident,2,0,,
323,323,60385,83484,Ras Al Khaimah,Civil Defense Center - Administration,Civil defense departments and centers,6/11/2013,2013/06/11-21:10,2013/06/11-21:16,2013/06/11-21:20,6/11/2013 21:23,2013/06/11-21:27,2013/06/11-21:35,Transportation accidents,Deterioration,the person,commercial,Streets and squares,Golan area,take actions,Missing,No Clouds,natural,Important,basic,Traffic accident,1,0,,
324,324,60387,83486,Ras Al Khaimah,Civil Defense Center - Administration,Police and traffic,6/11/2013,2013/06/11-21:53,2013/06/11-21:57,2013/06/11-22:01,6/11/2013 22:07,2013/06/11-22:15,2013/06/11-22:24,Transportation accidents,Clash,the person,governmental,Streets and squares,"Near Bazza, Ras Al Khaimah",take actions,Missing,No Clouds,natural,Important,basic,Traffic accident,1,0,,
325,325,60431,83530,Fujairah,Civil Defense Center - against us,Police and traffic,6/14/2013,2013/06/14-08:31,2013/06/14-08:34,2013/06/14-08:36,6/14/2013 8:37,2013/06/14-08:38,2013/06/14-09:26,Transportation accidents,Deterioration,Missing,Public facilities and services,Streets and squares,Against us - Dibba Fujairah,Transfer,Missing,I did not specify,natural,Normal,basic,Traffic accident,3,0,,
326,326,60446,83545,Ras Al Khaimah,Civil Defense Center - Administration,Police and traffic,6/15/2013,2013/06/15-10:31,2013/06/15-10:34,2013/06/15-10:37,6/15/2013 10:42,2013/06/15-10:46,2013/06/15-10:53,Transportation accidents,Clash,the person,governmental,Streets and squares,Dubai Islamic intersection,take actions,Sheet,No Clouds,natural,Important,basic,Traffic accident,2,0,,
327,327,60457,83556,Ras Al Khaimah,Civil Defense Center - Administration,Police and traffic,6/16/2013,2013/06/16-14:42,2013/06/16-14:44,2013/06/16-14:47,6/16/2013 14:50,2013/06/16-14:51,2013/06/16-15:30,Transportation accidents,Clash,the person,commercial,Commercial market,Palm area at Home Center,Transfer,governmental,No Clouds,natural,Important,basic,Traffic accident,1,0,,
328,328,60492,83591,Ras Al Khaimah,Civil Defense Center - Al -Jazeera Al -Hamra,Police and traffic,6/19/2013,2013/06/19-13:13,2013/06/19-13:15,2013/06/19-13:16,6/19/2013 13:20,2013/06/19-13:22,2013/06/19-14:04,Transportation accidents,Clash,the person,governmental,Streets and squares,The Red Island,Ambulance and transfer of a person,Specific,No Clouds,natural,Important,basic,Traffic accident,1,0,,
329,329,60501,83600,Ras Al Khaimah,Civil Defense Center - Administration,Police and traffic,6/20/2013,2013/06/20-09:33,2013/06/20-09:36,2013/06/20-09:39,6/20/2013 9:40,2013/06/20-09:41,2013/06/20-10:05,Transportation accidents,Clash,the person,healthy,Streets and squares,Palm opposite Obaid Allah Hospital,Transfer,governmental,No Clouds,natural,very important,basic,Traffic accident,1,0,,
330,330,60525,83624,Ras Al Khaimah,Civil Defense Center - Administration,Police and traffic,6/22/2013,2013/06/22-10:31,2013/06/22-10:36,2013/06/22-10:41,6/22/2013 10:45,2013/06/22-10:46,2013/06/22-11:20,Transportation accidents,Run over,the person,Public facilities and services,Streets and squares,"In front of the Gulf markets, the Julpar region",Ambulance and transfer of injured and deceased,Missing,No Clouds,natural,very important,medium,it is not determined yet,2,1,,
331,331,60534,83633,Ras Al Khaimah,Civil Defense Center - Administration,Police and traffic,6/22/2013,2013/06/22-22:41,2013/06/22-22:44,2013/06/22-22:46,6/22/2013 22:47,2013/06/22-22:48,2013/06/22-23:06,Transportation accidents,Clash,the person,governmental,Streets and squares,Al -Montaser Street at the intersection of the palm hotel,Ambulance and transfer of a person,Missing,No Clouds,natural,very important,basic,Traffic accident,4,0,,
332,332,60537,83636,Ras Al Khaimah,Civil Defense Center - Al -Jazeera Al -Hamra,Police and traffic,6/23/2013,2013/06/23-11:33,2013/06/23-11:40,2013/06/23-11:41,6/23/2013 12:07,2013/06/23-12:10,2013/06/23-12:25,Transportation accidents,Deterioration,the person,governmental,Streets and squares,Sheikh Mohammed bin Zayed Street towards Umm Al Quwain,Ambulance and transfer of a person,Specific,No Clouds,natural,Important,basic,Traffic accident,1,0,,
333,333,60538,83637,Ras Al Khaimah,Civil Defense Center - Northern Administration,Police and traffic,6/23/2013,2013/06/23-12:19,2013/06/23-12:23,2013/06/23-12:24,6/23/2013 12:25,2013/06/23-12:26,2013/06/23-13:08,Transportation accidents,Deterioration,the person,governmental,Streets and squares,Al Ras area,Ambulance and transfer of a person,Specific,No Clouds,natural,Important,basic,it is not determined yet,1,0,,