,Unnamed: 0,rec_id,Accident number,Competent Department,Competent Center,Amount rating,Date of the accident,The date and time of the notification,Date and time of first arrival,Date and time of completion of control,End date and time of the operation,Departure date and time,Date and time of return to the center,Accident Group,Type of accident,Direct damage,Acccident scene category,Accident scene,Accident title,The band's work summary,Activity,Weather condition,Road condition,Priority level,Accident size,The cause of the accident,The number of injured people,The number of deaths in the public,The number of injured members of the force,The number of deaths of members of the force
334,334,60542,83641,Ras Al Khaimah,Civil Defense Center - Administration,Civil defense departments and centers,6/23/2013,2013/06/23-16:57,2013/06/23-17:02,2013/06/23-17:04,6/23/2013 17:09,2013/06/23-17:11,2013/06/23-17:35,Transportation accidents,Clash,the person,commercial,Streets and squares,Near Rak Mall Mall,take actions,Missing,No Clouds,natural,Important,basic,Traffic accident,1,0,,
335,335,60557,83656,Umm Al Quwain,Civil Defense Center - Administration,Police and traffic,6/24/2013,2013/06/24-05:40,2013/06/24-05:43,2013/06/24-05:44,6/24/2013 5:45,2013/06/24-05:46,2013/06/24-06:30,Transportation accidents,Run over,Cars,Public facilities and services,Public places and places,Al Ittihad Street near the automotive racing circuit,Ambulance and transfer of injured and deceased,Cars,No Clouds,natural,Important,medium,Traffic accident,1,1,,
336,336,60569,83668,Ras Al Khaimah,Civil Defense Center - Al -Jazeera Al -Hamra,Police and traffic,6/25/2013,2013/06/25-05:52,2013/06/25-05:55,2013/06/25-05:58,6/25/2013 6:01,2013/06/25-06:02,2013/06/25-07:10,Transportation accidents,Deterioration,the person,Public facilities and services,Streets and squares,Al -Jazeera Al -Hamra after Ras Al Khaimah markets,Transfer,governmental,No Clouds,natural,Important,basic,Traffic accident,1,0,,
337,337,60586,83685,Ras Al Khaimah,Civil Defense Center - Al -Jazeera Al -Hamra,Police and traffic,6/26/2013,2013/06/26-10:48,2013/06/26-10:54,2013/06/26-11:01,6/26/2013 11:23,2013/06/26-11:25,2013/06/26-12:07,Transportation accidents,Clash,the person,Public facilities and services,Streets and squares,Free Zone - behind ceramic,Ambulance and transfer of a person,furniture,No Clouds,natural,Normal,basic,it is not determined yet,1,0,,
338,338,60589,83688,Umm Al Quwain,Civil Defense Center - Al -Madinah,Police and traffic,6/26/2013,2013/06/26-12:20,2013/06/26-12:23,2013/06/26-12:24,6/26/2013 12:26,2013/06/26-12:27,2013/06/26-12:38,Transportation accidents,One hundredth,Cars,Public facilities and services,Public places and places,The country area near the Umm Al Quwain Museum,Ambulance and transfer of a person,Cars,No Clouds,natural,Normal,basic,Traffic accident,1,0,,
339,339,60616,83715,Ras Al Khaimah,Civil Defense Center - Administration,Police and traffic,6/27/2013,2013/06/27-14:13,2013/06/27-14:20,2013/06/27-14:21,6/27/2013 14:22,2013/06/27-14:24,2013/06/27-15:01,Transportation accidents,Clash,the person,governmental,unknown,Palm,take actions,Missing,No Clouds,natural,Important,basic,Traffic accident,1,0,,
340,340,60620,83719,Ras Al Khaimah,Civil Defense Center - Administration,Police and traffic,6/27/2013,2013/06/27-19:17,2013/06/27-19:20,2013/06/27-19:22,6/27/2013 19:26,2013/06/27-19:30,2013/06/27-19:50,Transportation accidents,Run over,the person,governmental,Streets and squares,Palm area,Ambulance and transfer of a person,Specific,No Clouds,natural,Important,basic,Traffic accident,1,0,,
341,341,60624,83723,Ajman,Civil Defense Center - Administration,Police and traffic,6/27/2013,2013/06/27-17:45,2013/06/27-17:50,2013/06/27-17:55,6/27/2013 18:00,2013/06/27-18:05,2013/06/27-18:10,Transportation accidents,Deterioration,Missing,Other places,Methods and transport facilities,Misheraf District- Galva Bridge,Sand -dropped oil coverage,Missing,No Clouds,natural,Normal,basic,Traffic accident,0,0,,
342,342,60626,83725,Sharjah,Civil Defense Center - Al Dhaid,Police and traffic,6/28/2013,2013/06/28-01:05,2013/06/28-01:13,2013/06/28-01:18,6/28/2013 1:24,2013/06/28-01:25,2013/06/28-01:45,Transportation accidents,Restriction,Cars,Means of transport,Streets and squares,Intersection (12) airport road,take actions,Missing,No Clouds,natural,very important,medium,Traffic accident,0,1,,
343,343,60634,83733,Ras Al Khaimah,Civil Defense Center - Administration,Police and traffic,6/28/2013,2013/06/28-23:00,2013/06/28-23:05,2013/06/28-23:07,6/28/2013 23:10,2013/06/28-23:11,2013/06/28-23:30,Transportation accidents,Clash,the person,governmental,Streets and squares,Al -Uraibi at the sapphire salon,Transfer,governmental,No Clouds,natural,very important,basic,Traffic accident,3,0,,
344,344,60636,83735,Al Dhafra,Civil Defense Center - Liwa,Police and traffic,6/29/2013,2013/06/29-02:35,2013/06/29-02:47,2013/06/29-02:51,6/29/2013 2:54,2013/06/29-02:58,2013/06/29-03:25,Transportation accidents,Deterioration,Missing,governmental,unknown,Liwa on an intimate road at the Shah report,take actions,furniture,No Clouds,natural,very important,basic,it is not determined yet,1,0,,
345,345,60652,83751,Ajman,Civil Defense Center - Administration,The audience,6/29/2013,2013/06/29-10:48,2013/06/29-10:51,2013/06/29-11:02,6/29/2013 11:30,2013/06/29-11:45,2013/06/29-12:15,Transportation accidents,Clash,Cars,Means of transport,Streets and squares,Al -Mawahat area near the Ajman Medical Center,take actions,Missing,No Clouds,natural,very important,basic,Traffic accident,1,0,,
346,346,60667,83766,Ras Al Khaimah,Civil Defense Center - Administration,Police and traffic,6/30/2013,2013/06/30-01:11,2013/06/30-01:15,2013/06/30-01:16,6/30/2013 1:17,2013/06/30-01:18,2013/06/30-01:30,Transportation accidents,Clash,the person,governmental,Streets and squares,Julpar area opposite the bus station,Ambulance and transfer of a person,Specific,No Clouds,natural,Important,basic,Traffic accident,1,0,,
347,347,60673,83772,Ras Al Khaimah,Civil Defense Center - Administration,Police and traffic,7/1/2013,2013/07/01-17:25,2013/07/01-17:27,2013/07/01-17:28,7/1/2013 17:37,2013/07/01-17:38,2013/07/01-17:57,Transportation accidents,Deterioration,the person,governmental,Streets and squares,Palm intersection Al -Manar Center,Ambulance and transfer of a person,Specific,No Clouds,natural,very important,basic,Traffic accident,2,0,,
348,348,60702,83801,Sharjah,Civil Defense Center - Al Dhaid,The audience,7/2/2013,2013/07/02-10:00,2013/07/02-10:04,2013/07/02-10:07,7/2/2013 10:14,2013/07/02-10:25,2013/07/02-10:45,Transportation accidents,Clash,Cars,Public facilities and services,unknown,Clash,Fire combat and rescue,Missing,No Clouds,natural,Normal,basic,it is not determined yet,0,0,,
349,349,60706,83805,Ras Al Khaimah,Civil Defense Center - Al -Jazeera Al -Hamra,Police and traffic,7/2/2013,2013/07/02-22:42,2013/07/02-22:46,2013/07/02-22:47,7/2/2013 22:48,2013/07/02-22:49,2013/07/02-23:45,Transportation accidents,Run over,the person,tourist,Shopping center,The Red Island near the Marina,Transfer,governmental,No Clouds,natural,very important,medium,Traffic accident,0,1,,
350,350,60709,83808,Ajman,Civil Defense Center - Administration,Police and traffic,7/3/2013,2013/07/03-05:05,2013/07/03-05:07,2013/07/03-05:20,7/3/2013 5:35,2013/07/03-05:45,2013/07/03-06:30,Transportation accidents,Run over,Cars,governmental,Streets and squares,Industrial area near electricity and water,take actions,Missing,No Clouds,natural,very important,basic,Traffic accident,3,0,,
351,351,60730,83829,Al Dhafra,Civil Defense Center - Ghayathi,Police and traffic,7/4/2013,2013/07/04-14:47,2013/07/04-14:58,2013/07/04-15:01,7/4/2013 15:02,2013/07/04-15:05,2013/07/04-15:20,Transportation accidents,Deterioration,Cars,Public facilities and services,Public places and places,Giathi Liwa Road,Ambulance and rescue,Cars,No Clouds,natural,very important,basic,Traffic accident,1,0,,
352,352,60738,83837,Ras Al Khaimah,Civil Defense Center - Administration,Police and traffic,7/5/2013,2013/07/05-19:44,2013/07/05-19:50,2013/07/05-19:53,7/5/2013 20:00,2013/07/05-20:02,2013/07/05-20:37,Transportation accidents,Deterioration,the person,governmental,Streets and squares,Golan area,Ambulance and transfer of a person,Specific,No Clouds,natural,very important,basic,Traffic accident,1,0,,
353,353,60740,83839,Ras Al Khaimah,Civil Defense Center - Administration,Police and traffic,7/5/2013,2013/07/05-23:50,2013/07/05-23:57,2013/07/05-23:59,7/6/2013 0:05,2013/07/06-00:07,2013/07/06-00:21,Transportation accidents,Clash,the person,governmental,Streets and squares,The Rham Road Road,Ambulance and transfer of a person,Specific,No Clouds,natural,Important,basic,Traffic accident,1,0,,
354,354,60760,83859,Ras Al Khaimah,Civil Defense Center - Administration,Police and traffic,7/6/2013,2013/07/06-22:00,2013/07/06-22:04,2013/07/06-22:06,7/6/2013 22:10,2013/07/06-22:12,2013/07/06-22:15,Transportation accidents,Clash,the person,Public facilities and services,residential,The poems near Saqr Hospital,Transfer,governmental,No Clouds,natural,very important,basic,Traffic accident,1,0,,
355,355,60777,83876,Ras Al Khaimah,Civil Defense Center - Administration,Police and traffic,7/8/2013,2013/07/08-12:24,2013/07/08-12:26,2013/07/08-12:27,7/8/2013 12:28,2013/07/08-12:29,2013/07/08-12:55,Transportation accidents,Deterioration,the person,governmental,Streets and squares,Creation and an infected presence,take actions,Missing,No Clouds,natural,very important,basic,Traffic accident,1,0,,
356,356,60778,83877,Ras Al Khaimah,Civil Defense Center - Administration,Police and traffic,7/8/2013,2013/07/08-05:55,2013/07/08-05:58,2013/07/08-05:59,7/8/2013 6:00,2013/07/08-06:01,2013/07/08-06:25,Transportation accidents,One hundredth,the person,governmental,Streets and squares,Street lighting column was shocked by the old girls' technology,take actions,Missing,No Clouds,natural,very important,basic,Traffic accident,1,0,,
357,357,60791,83890,Ras Al Khaimah,Civil Defense Center - Administration,Police and traffic,7/8/2013,2013/07/08-20:47,2013/07/08-20:55,2013/07/08-21:00,7/8/2013 21:03,2013/07/08-21:04,2013/07/08-21:25,Transportation accidents,Deterioration,the person,Public facilities and services,Streets and squares,In exchange for Ras Al Khaimah Club,Ambulance and transfer of a person,Missing,No Clouds,natural,very important,basic,it is not determined yet,2,0,,
358,358,60803,83902,Ras Al Khaimah,Civil Defense Center - Administration,Police and traffic,7/9/2013,2013/07/09-13:24,2013/07/09-13:28,2013/07/09-13:29,7/9/2013 13:30,2013/07/09-13:33,2013/07/09-13:50,Transportation accidents,Clash,the person,governmental,Streets and squares,Palm area,Ambulance and transfer of a person,Specific,No Clouds,natural,Important,basic,Traffic accident,1,0,,
359,359,60804,83903,Ras Al Khaimah,Civil Defense Center - Administration,Police and traffic,7/9/2013,2013/07/09-13:58,2013/07/09-14:03,2013/07/09-14:05,7/9/2013 14:10,2013/07/09-14:12,2013/07/09-14:40,Transportation accidents,Deterioration,the person,governmental,Streets and squares,The area of reunion,Ambulance and transfer of a person,Specific,No Clouds,natural,Important,basic,Traffic accident,1,0,,
360,360,60809,83908,Ras Al Khaimah,Civil Defense Center - Administration,Police and traffic,7/9/2013,2013/07/09-16:10,2013/07/09-16:14,2013/07/09-16:15,7/9/2013 16:16,2013/07/09-16:17,2013/07/09-17:02,Transportation accidents,Run over,the person,governmental,Streets and squares,Palm area,Ambulance and transfer of a person,Specific,No Clouds,natural,very important,basic,Traffic accident,1,0,,
361,361,60810,83909,Ajman,Civil Defense Center - Administration,Military officers and members,7/9/2013,2013/07/09-09:40,2013/07/09-09:42,2013/07/09-09:45,7/9/2013 9:49,2013/07/09-09:54,2013/07/09-10:35,Transportation accidents,Run over,the person,Public facilities and services,Streets and squares,Sheikh Khalifa bin Zayed Street - opposite Gulf boats,Transfer,Missing,No Clouds,natural,Normal,basic,Traffic accident,1,0,,
362,362,60818,83917,Ras Al Khaimah,Civil Defense Center - Administration,Police and traffic,7/10/2013,2013/07/10-00:12,2013/07/10-00:16,2013/07/10-00:18,7/10/2013 0:20,2013/07/10-00:23,2013/07/10-00:50,Transportation accidents,Clash,the person,governmental,Streets and squares,The Golan area opposite the Gulf markets,Ambulance and transfer of a person,Specific,No Clouds,natural,Important,basic,Traffic accident,2,0,,
363,363,60827,83926,Ras Al Khaimah,Civil Defense Center - Northern Administration,Police and traffic,7/10/2013,2013/07/10-16:59,2013/07/10-17:03,2013/07/10-17:05,7/10/2013 17:07,2013/07/10-17:10,2013/07/10-17:28,Transportation accidents,Clash,the person,Public facilities and services,Streets and squares,Popular Delivery Gallery on the main street,Transfer,governmental,No Clouds,natural,very important,basic,Traffic accident,1,0,,
364,364,60829,83928,Ajman,Civil Defense Center - Administration,Military officers and members,7/10/2013,2013/07/10-18:20,2013/07/10-18:24,2013/07/10-18:26,7/10/2013 18:28,2013/07/10-18:30,2013/07/10-18:55,Transportation accidents,Clash,Missing,governmental,Streets and squares,Khan Sahib near Mohammed bin Zayed Street,He told,Missing,No Clouds,natural,Normal,medium,Traffic accident,1,1,,
365,365,60837,83936,Ras Al Khaimah,Civil Defense Center - Administration,Police and traffic,7/10/2013,2013/07/10-22:35,2013/07/10-22:40,2013/07/10-22:42,7/10/2013 22:44,2013/07/10-22:45,2013/07/10-23:20,Transportation accidents,Clash,the person,residential,Streets and squares,Shama Al -Rams Road after the previous desert center,Transfer,governmental,No Clouds,natural,very important,basic,Traffic accident,3,0,,
366,366,60842,83941,Ras Al Khaimah,Civil Defense Center - Administration,Police and traffic,7/11/2013,2013/07/11-00:15,2013/07/11-00:19,2013/07/11-00:25,7/11/2013 0:30,2013/07/11-00:45,2013/07/11-01:05,Transportation accidents,Clash,the person,Public facilities and services,Streets and squares,Julpar,Ambulance and transfer of a person,Missing,No Clouds,natural,Normal,basic,Traffic accident,1,0,,
367,367,60844,83943,Ras Al Khaimah,Civil Defense Center - Northern Administration,Police and traffic,7/11/2013,2013/07/11-05:30,2013/07/11-05:36,2013/07/11-05:42,7/11/2013 5:50,2013/07/11-05:55,2013/07/11-06:01,Transportation accidents,Clash,the person,Public facilities and services,Streets and squares,Khir Kheir,Ambulance and transfer of a person,Missing,No Clouds,natural,Normal,basic,Traffic accident,1,0,,
368,368,60847,83946,Ras Al Khaimah,Civil Defense Center - Kadra,Police and traffic,7/11/2013,2013/07/11-07:00,2013/07/11-07:11,2013/07/11-07:38,7/11/2013 7:45,2013/07/11-07:50,2013/07/11-08:00,Transportation accidents,Deterioration,the person,Public facilities and services,Streets and squares,Dubai Al -Fajr Road -Sheikh Khalifa Bin Zayed Street,Disturbing injured,furniture,No Clouds,natural,Normal,basic,Traffic accident,3,0,,
369,369,60848,83947,Al Dhafra,Civil Defense Center - Liwa,Police and traffic,7/11/2013,2013/07/11-07:10,2013/07/11-07:50,2013/07/11-07:55,7/11/2013 7:56,2013/07/11-07:57,2013/07/11-09:10,Transportation accidents,Deterioration,Cars,Public facilities and services,Streets and squares,"Arada Ghayathi Road, 65 from the center",Ambulance and transfer of a person,Cars,No Clouds,natural,Important,basic,Traffic accident,3,0,,
370,370,60868,83967,Eye,Civil Defense Center - Al -Khaza,Police and traffic,7/12/2013,2013/07/12-17:07,2013/07/12-17:15,2013/07/12-17:20,7/12/2013 18:50,2013/07/12-19:08,2013/07/12-19:16,Transportation accidents,Clash,Cars,Public facilities and services,car,Abu Dhabi Road _ Al Ain,Fire control and cooling,Cars,No Clouds,natural,very important,medium,Traffic accident,5,1,,
371,371,60876,83975,Abu Dhabi,Civil Defense Center - Gentot,Police and traffic,7/12/2013,2013/07/12-09:10,2013/07/12-09:28,2013/07/12-09:40,7/12/2013 9:56,2013/07/12-11:58,2013/07/13-12:30,Transportation accidents,a fire,Cars,Means of transport,car,On the road to Al -Faya,Combating and directing the bodies and transporting injured people,Cars,No Clouds,natural,very important,medium,it is not determined yet,2,1,,
372,372,60878,83977,Fujairah,Civil Defense Center - Administration,Police and traffic,7/13/2013,2013/07/13-07:13,2013/07/13-07:25,2013/07/13-07:27,7/13/2013 7:30,2013/07/13-07:31,2013/07/13-08:30,Transportation accidents,Deterioration,Buses,Public facilities and services,Streets and squares,Village area / Fujairah,Ambulance and transfer of injured and deceased,Transmission,No Clouds,natural,very important,medium,Traffic accident,14,2,,
373,373,60885,83984,Ras Al Khaimah,Civil Defense Center - Administration,Civil defense departments and centers,7/13/2013,2013/07/13-20:17,2013/07/13-20:22,2013/07/13-20:23,7/13/2013 20:24,2013/07/13-20:26,2013/07/13-20:34,Transportation accidents,Run over,the person,governmental,unknown,Palm Street,take actions,Missing,No Clouds,natural,Important,basic,Traffic accident,1,0,,
374,374,60886,83985,Ras Al Khaimah,Civil Defense Center - Administration,Police and traffic,7/13/2013,2013/07/13-09:30,2013/07/13-09:50,2013/07/13-09:53,7/13/2013 9:55,2013/07/13-09:59,2013/07/13-11:25,Transportation accidents,Deterioration,the person,governmental,unknown,Kadra area,take actions,Missing,No Clouds,natural,Important,basic,Traffic accident,1,0,,
375,375,60888,83987,Ras Al Khaimah,Civil Defense Center - Administration,Police and traffic,7/14/2013,2013/07/14-04:05,2013/07/14-04:11,2013/07/14-04:13,7/14/2013 4:16,2013/07/14-04:17,2013/07/14-04:44,Transportation accidents,Run over,the person,governmental,unknown,Rass Street,take actions,Missing,No Clouds,natural,Important,basic,Traffic accident,1,0,,
376,376,60894,83993,Umm Al Quwain,Civil Defense Center - Administration,Police and traffic,7/14/2013,2013/07/14-14:46,2013/07/14-14:56,2013/07/14-14:58,7/14/2013 14:59,2013/07/14-15:00,2013/07/14-15:42,Transportation accidents,Deterioration,the person,Public facilities and services,Streets and squares,Sheikh/ Mohammed bin Zayed Street towards Sharjah,take actions,governmental,No Clouds,natural,Normal,basic,Traffic accident,2,0,,
377,377,60896,83995,Ras Al Khaimah,Civil Defense Center - Northern Administration,Police and traffic,7/14/2013,2013/07/14-13:55,2013/07/14-13:58,2013/07/14-14:03,7/14/2013 14:04,2013/07/14-14:06,2013/07/14-14:35,Transportation accidents,Clash,the person,residential,unknown,Cevin for the free zone,Transfer,governmental,No Clouds,natural,very important,basic,Traffic accident,1,0,,
378,378,60898,83997,Ras Al Khaimah,Civil Defense Center - Administration,Police and traffic,7/14/2013,2013/07/14-15:55,2013/07/14-15:59,2013/07/14-16:02,7/14/2013 16:03,2013/07/14-16:05,2013/07/14-16:30,Transportation accidents,Clash,the person,governmental,Streets and squares,Al -Barirat behind the American University,Transfer,governmental,No Clouds,natural,Important,basic,Traffic accident,1,0,,
379,379,60899,83998,Ras Al Khaimah,Civil Defense Center - Administration,Police and traffic,7/14/2013,2013/07/14-16:51,2013/07/14-16:55,2013/07/14-16:59,7/14/2013 17:02,2013/07/14-17:03,2013/07/14-17:30,Transportation accidents,Clash,the person,residential,Streets and squares,Al Shuraisha opposite Edinuk fuel station,Save a person and transfer a body,governmental,No Clouds,natural,very important,medium,Traffic accident,1,1,,
380,380,60901,84000,Umm Al Quwain,Civil Defense Center - Al -Madinah,Police and traffic,7/14/2013,2013/07/14-16:57,2013/07/14-17:00,2013/07/14-17:01,7/14/2013 17:02,2013/07/14-17:03,2013/07/14-17:30,Transportation accidents,Run over,the person,governmental,Streets and squares,Sheikh / Saud bin Rashid Street,take actions,governmental,No Clouds,natural,Normal,basic,Traffic accident,1,0,,
381,381,60906,84005,Umm Al Quwain,Raise Center,Police and traffic,7/15/2013,2013/07/15-03:50,2013/07/15-04:00,2013/07/15-04:02,7/15/2013 4:03,2013/07/15-04:04,2013/07/15-05:00,Transportation accidents,One hundredth,the person,Public facilities and services,Streets and squares,Sheikh Mohammed bin Zayed St. on the way out (93) towards Ras Al Khaimah,take actions,governmental,No Clouds,natural,Normal,basic,Traffic accident,1,0,,
382,382,60908,84007,Ras Al Khaimah,Civil Defense Center - Northern Administration,Police and traffic,7/15/2013,2013/07/15-06:14,2013/07/15-06:17,2013/07/15-06:33,7/15/2013 6:35,2013/07/15-07:00,2013/07/15-07:13,Transportation accidents,Clash,the person,Public facilities and services,Streets and squares,Near Stephen Rock Crusher,Ambulance and transfer of a person,Missing,No Clouds,natural,Normal,basic,Traffic accident,7,0,,
383,383,60929,84028,Ajman,Civil Defense Center - Administration,Police and traffic,7/16/2013,2013/07/16-14:25,2013/07/16-14:27,2013/07/16-14:28,7/16/2013 14:29,2013/07/16-14:30,2013/07/16-14:50,Transportation accidents,Deterioration,Cars,governmental,Streets and squares,Al -Hamidiya Bridge near the Gulf boats,Separation of a battery,Missing,No Clouds,natural,Normal,basic,it is not determined yet,1,0,,
384,384,60932,84031,Umm Al Quwain,Civil Defense Center - Administration,Police and traffic,7/16/2013,2013/07/16-19:10,2013/07/16-19:20,2013/07/16-19:22,7/16/2013 19:23,2013/07/16-19:23,2013/07/16-20:00,Transportation accidents,Deterioration,the person,governmental,Streets and squares,Al -Surra Bridge towards Sharjah (Sheikh Mohammed bin Zayed Street),Ambulance and transfer of a person,Missing,No Clouds,natural,Normal,basic,Traffic accident,1,0,,
385,385,60937,84036,Al Dhafra,Civil Defense Center - Ghayathi,Police and traffic,7/17/2013,2013/07/17-01:00,2013/07/17-01:20,2013/07/17-01:32,7/17/2013 1:35,2013/07/17-01:36,2013/07/17-02:00,Transportation accidents,Deterioration,sidewalk,governmental,unknown,Ghayathi Umm Al -Hosn Road,take actions,furniture,No Clouds,natural,very important,basic,it is not determined yet,3,0,,
386,386,60941,84040,Al Dhafra,Civil Defense Center - Ghayathi,Police and traffic,7/17/2013,2013/07/17-04:45,2013/07/17-04:55,2013/07/17-04:59,7/17/2013 5:03,2013/07/17-05:06,2013/07/17-05:45,Transportation accidents,Clash,Missing,governmental,unknown,Giathi Ruwais Road,take actions,furniture,No Clouds,natural,very important,basic,Traffic accident,3,0,,
387,387,60944,84043,Umm Al Quwain,Raise Center,Police and traffic,7/17/2013,2013/07/17-15:59,2013/07/17-16:07,2013/07/17-16:08,7/17/2013 16:10,2013/07/17-16:11,2013/07/17-17:25,Transportation accidents,One hundredth,the person,Public facilities and services,Streets and squares,Sheikh Mohammed bin Zayed St. (Exit 103) towards Ras Al Khaimah,take actions,governmental,No Clouds,natural,Normal,basic,Traffic accident,5,0,,
388,388,60945,84044,Umm Al Quwain,Civil Defense Center - Administration,Police and traffic,7/17/2013,2013/07/17-17:26,2013/07/17-17:28,2013/07/17-17:30,7/17/2013 17:35,2013/07/17-17:36,2013/07/17-17:40,Transportation accidents,One hundredth,Cars,commercial,Resturant,Near Al -Etihad Street in front of Al -Asimah Restaurant,take actions,trade,No Clouds,natural,very important,basic,Traffic accident,2,0,,
389,389,60956,84055,Ras Al Khaimah,Civil Defense Center - Administration,Police and traffic,7/18/2013,2013/07/18-00:57,2013/07/18-01:02,2013/07/18-01:03,7/18/2013 1:04,2013/07/18-01:06,2013/07/18-01:30,Transportation accidents,Run over,the person,governmental,Streets and squares,Sidoh Ras Al Khaimah Old District,Ambulance and transfer of a person,Specific,No Clouds,natural,Important,basic,Traffic accident,1,0,,
390,390,60958,84057,Ras Al Khaimah,Civil Defense Center - Administration,Police and traffic,7/18/2013,2013/07/18-11:38,2013/07/18-11:50,2013/07/18-11:52,7/18/2013 11:54,2013/07/18-11:55,2013/07/18-12:38,Transportation accidents,Deterioration,the person,Public facilities and services,Streets and squares,Kalba Fujairah Street,Transfer,governmental,No Clouds,natural,very important,basic,Traffic accident,1,0,,
391,391,60960,84059,Ras Al Khaimah,Civil Defense Center - Administration,Police and traffic,7/18/2013,2013/07/18-16:00,2013/07/18-16:03,2013/07/18-16:05,7/18/2013 16:08,2013/07/18-16:10,2013/07/18-16:30,Transportation accidents,Deterioration,the person,residential,Streets and squares,The globe in front of Al -Ghab Restaurant,Transfer,governmental,No Clouds,natural,very important,basic,Traffic accident,1,0,,
392,392,60962,84061,Ras Al Khaimah,Civil Defense Center - Al -Jazeera Al -Hamra,Police and traffic,7/18/2013,2013/07/18-17:45,2013/07/18-17:50,2013/07/18-17:53,7/18/2013 17:55,2013/07/18-18:15,2013/07/18-18:30,Transportation accidents,Clash,the person,Public facilities and services,Streets and squares,Al -Jazeera Al -Hamra - Al -Ittihad Street opposite the cemetery,Ambulance and transfer of a person,Missing,No Clouds,natural,Normal,basic,Traffic accident,1,0,,
393,393,60966,84065,Ras Al Khaimah,Civil Defense Center - Administration,Police and traffic,7/18/2013,2013/07/18-23:11,2013/07/18-23:14,2013/07/18-23:24,7/18/2013 23:25,2013/07/18-23:30,2013/07/18-23:35,Transportation accidents,Clash,the person,Public facilities and services,Streets and squares,Al-Nakheel- the intersection of the Sheikh Rashid Mosque- Shamal Street- Rams,Ambulance and transfer of a person,Missing,No Clouds,natural,Normal,basic,Traffic accident,1,0,,
394,394,60983,84082,Ajman,Civil Defense Center - Administration,Police and traffic,7/19/2013,2013/07/19-22:45,2013/07/19-22:50,2013/07/19-22:52,7/20/2013 0:01,2013/07/20-00:05,2013/07/20-00:15,Transportation accidents,Deterioration,Petroleum,Other places,Streets and squares,"Al -Jarf area, Al -Zawraa Roundabout",Separation of a battery,Missing,No Clouds,natural,Important,basic,Traffic accident,1,0,,
395,395,60985,84084,Ajman,Civil Defense Center - Administration,Police and traffic,7/20/2013,2013/07/20-04:13,2013/07/20-04:18,2013/07/20-04:20,7/20/2013 4:24,2013/07/20-04:25,2013/07/20-04:30,Transportation accidents,Deterioration,Missing,governmental,Streets and squares,"Mohammed bin Zayed Street, Al Hamriyah Bridge",Separation of a battery,Missing,No Clouds,natural,Normal,basic,Traffic accident,0,0,,
396,396,60994,84093,Umm Al Quwain,Civil Defense Center - Administration,Police and traffic,7/20/2013,2013/07/20-20:27,2013/07/20-20:29,2013/07/20-20:32,7/20/2013 20:34,2013/07/20-20:35,2013/07/20-21:15,Transportation accidents,Clash,the person,governmental,Streets and squares,"Al -Ittihad Street, against the landfill, towards Ras Al -Khaimah",take actions,governmental,No Clouds,natural,Normal,basic,Traffic accident,1,0,,
397,397,61012,84111,Ras Al Khaimah,Civil Defense Center - Administration,Police and traffic,7/21/2013,2013/07/21-19:19,2013/07/21-19:23,2013/07/21-19:25,7/21/2013 19:26,2013/07/21-19:28,2013/07/21-19:52,Transportation accidents,Clash,the person,governmental,Public places and places,Golan area,Ambulance and transfer of a person,Specific,No Clouds,natural,very important,basic,Traffic accident,1,0,,
398,398,61017,84116,Ras Al Khaimah,Civil Defense Center - Administration,Police and traffic,7/21/2013,2013/07/21-21:50,2013/07/21-21:56,2013/07/21-21:59,7/21/2013 22:00,2013/07/21-22:02,2013/07/21-22:30,Transportation accidents,Clash,the person,governmental,Streets and squares,The area of reunion,Ambulance and transfer of a person,Specific,No Clouds,natural,Important,basic,Traffic accident,2,0,,
399,399,61026,84125,Ras Al Khaimah,Civil Defense Center - Administration,Police and traffic,7/22/2013,2013/07/22-11:42,2013/07/22-11:45,2013/07/22-11:47,7/22/2013 11:49,2013/07/22-11:50,2013/07/22-12:10,Transportation accidents,Clash,the person,commercial,Public places and places,Foot sheep market roundabout,Transfer,governmental,No Clouds,natural,very important,basic,Traffic accident,2,0,,