,Unnamed: 0,rec_id,Accident number,Competent Department,Competent Center,Amount rating,Date of the accident,The date and time of the notification,Date and time of first arrival,Date and time of completion of control,End date and time of the operation,Departure date and time,Date and time of return to the center,Accident Group,Type of accident,Direct damage,Acccident scene category,Accident scene,Accident title,The band's work summary,Activity,Weather condition,Road condition,Priority level,Accident size,The cause of the accident,The number of injured people,The number of deaths in the public,The number of injured members of the force,The number of deaths of members of the force
400,400,61028,84127,Fujairah,Civil Defense Center - Dibba,Police and traffic,6/3/2013,2013/06/03-12:30,2013/06/03-12:33,2013/06/03-12:35,6/3/2013 12:37,2013/06/03-12:39,2013/06/03-12:45,Transportation accidents,Clash,Cars,Means of transport,Methods and transport facilities,Dibba Al -Fujairah room area,Transfer,Cars,No Clouds,natural,very important,basic,Traffic accident,2,0,,
401,401,61035,84134,Ras Al Khaimah,Civil Defense Center - Administration,Military officers and members,7/22/2013,2013/07/22-16:44,2013/07/22-16:47,2013/07/22-16:50,7/22/2013 16:57,2013/07/22-17:05,2013/07/22-17:10,Transportation accidents,Clash,the person,Public facilities and services,Streets and squares,Corniche Al -Qawasim,Ambulance and transfer of a person,Missing,No Clouds,natural,Normal,basic,Traffic accident,1,0,,
402,402,61050,84149,Eye,Civil Defense Center - Al -Khaza,Police and traffic,7/23/2013,2013/07/23-07:25,2013/07/23-07:32,2013/07/23-07:41,7/23/2013 7:47,2013/07/23-07:49,2013/07/23-07:56,Transportation accidents,Clash,Light,Means of transport,bus,At the treasury bridge,Directing injured and deceased,Transmission,No Clouds,natural,Important,medium,Traffic accident,1,1,,
403,403,61055,84154,Fujairah,Civil Defense Center - Dibba,The audience,6/19/2013,2013/06/19-13:25,2013/06/19-13:29,2013/06/19-13:31,6/19/2013 13:33,2013/06/19-13:35,2013/06/19-13:45,Transportation accidents,Deterioration,Missing,Public facilities and services,Streets and squares,Al -Muhallab - Dibba Al -Fujairah,Transfer,Missing,I did not specify,natural,Normal,basic,Traffic accident,1,0,,
404,404,61101,84200,Umm Al Quwain,Civil Defense Center - Al -Madinah,Police and traffic,7/23/2013,2013/07/23-18:55,2013/07/23-18:56,2013/07/23-18:57,7/23/2013 18:58,2013/07/23-18:59,2013/07/23-19:14,Transportation accidents,Clash,Cars,Public facilities and services,Public places and places,King Faisal Street opposite Carrefour,Ambulance and transfer of a person,Cars,No Clouds,natural,Normal,basic,Maafal/deliberate/by an actor,1,0,,
405,405,61102,84201,Umm Al Quwain,Civil Defense Center - Administration,The audience,7/23/2013,2013/07/23-21:29,2013/07/23-21:31,2013/07/23-21:32,7/23/2013 21:33,2013/07/23-21:34,2013/07/23-21:45,Transportation accidents,Clash,Cars,Public facilities and services,Public places and places,Al -Ittihad Street towards Al -Salamah,Transfer,Cars,No Clouds,natural,Normal,basic,Traffic accident,2,0,,
406,406,61103,84202,Ras Al Khaimah,Civil Defense Center - Administration,Police and traffic,7/23/2013,2013/07/23-21:28,2013/07/23-21:31,2013/07/23-21:32,7/23/2013 21:34,2013/07/23-21:35,2013/07/23-21:55,Transportation accidents,Clash,the person,governmental,governmental,Creation and an infected presence,rescue,Missing,No Clouds,natural,very important,basic,Traffic accident,1,0,,
407,407,61140,84239,Ajman,Civil Defense Center - Administration,he did not specify,7/25/2013,2013/07/25-18:11,2013/07/25-18:13,2013/07/25-18:15,7/25/2013 18:20,2013/07/25-18:45,2013/07/25-18:48,Transportation accidents,One hundredth,sidewalk,governmental,bridge,The new Al -Hamdiya Bridge,Rescue people,Missing,No Clouds,natural,Normal,basic,Traffic accident,1,0,,
408,408,61149,84248,Ras Al Khaimah,Civil Defense Center - Administration,Police and traffic,7/26/2013,2013/07/26-15:24,2013/07/26-15:29,2013/07/26-15:31,7/26/2013 15:35,2013/07/26-15:41,2013/07/26-15:45,Transportation accidents,Clash,the person,Public facilities and services,Streets and squares,Golan,Ambulance and transfer of a person,Missing,No Clouds,natural,Normal,basic,Traffic accident,2,0,,
409,409,61152,84251,Ras Al Khaimah,Civil Defense Center - Administration,Police and traffic,7/26/2013,2013/07/26-20:25,2013/07/26-20:30,2013/07/26-20:32,7/26/2013 20:33,2013/07/26-20:35,2013/07/26-21:15,Transportation accidents,Run over,the person,residential,Streets and squares,Include,Transfer,governmental,No Clouds,natural,very important,basic,Traffic accident,1,0,,
410,410,61153,84252,Ras Al Khaimah,Civil Defense Center - Administration,Police and traffic,7/26/2013,2013/07/26-20:28,2013/07/26-20:33,2013/07/26-20:35,7/26/2013 20:37,2013/07/26-20:38,2013/07/26-21:12,Transportation accidents,Clash,the person,commercial,tourist,Al -Jazeera Al -Hamra in front of Majan,Transfer,governmental,No Clouds,natural,very important,basic,Traffic accident,1,0,,
411,411,61161,84260,Ajman,Civil Defense Center - Administration,Police and traffic,7/27/2013,2013/07/27-10:03,2013/07/27-10:08,2013/07/27-10:13,7/27/2013 10:18,2013/07/27-10:20,2013/07/27-11:00,Transportation accidents,Clash,Cars,Public facilities and services,Streets and squares,Al -Mawahat area - near the academic school,Exit and transfer injured people,furniture,No Clouds,natural,Normal,basic,Traffic accident,2,0,,
412,412,61191,84290,Ras Al Khaimah,Civil Defense Center - Northern Administration,Police and traffic,7/29/2013,2013/07/29-22:04,2013/07/29-22:12,2013/07/29-22:16,7/29/2013 22:59,2013/07/29-23:05,2013/07/29-23:25,Transportation accidents,infection,the person,governmental,Streets and squares,Glila area,Ambulance and transfer of a person,Specific,No Clouds,natural,very important,basic,Traffic accident,1,0,,
413,413,61225,84324,Ras Al Khaimah,Civil Defense Center - Administration,Police and traffic,7/31/2013,2013/07/31-16:03,2013/07/31-16:05,2013/07/31-16:07,7/31/2013 16:08,2013/07/31-16:09,2013/07/31-16:31,Transportation accidents,Deterioration,the person,governmental,governmental,Deterioration,take actions,Missing,No Clouds,natural,very important,basic,Traffic accident,1,0,,
414,414,61228,84327,Ras Al Khaimah,Civil Defense Center - Administration,Police and traffic,8/1/2013,2013/08/01-00:30,2013/08/01-00:33,2013/08/01-00:34,8/1/2013 0:35,2013/08/01-00:36,2013/08/01-01:05,Transportation accidents,Clash,the person,governmental,residential,A collision and the presence of injured people,take actions,Missing,No Clouds,natural,very important,basic,Traffic accident,2,0,,
415,415,61244,84343,Ajman,Civil Defense Center - Administration,Police and traffic,8/2/2013,2013/08/02-19:06,2013/08/02-19:11,2013/08/02-19:16,8/2/2013 19:20,2013/08/02-19:22,2013/08/02-20:00,Transportation accidents,Clash,the person,Public facilities and services,Streets and squares,Al -Jarf District - near prisons,Exit and transfer injured people,Missing,No Clouds,natural,Normal,basic,Traffic accident,2,0,,
416,416,61264,84363,Umm Al Quwain,Civil Defense Center - Administration,Police and traffic,8/4/2013,2013/08/04-14:34,2013/08/04-14:46,2013/08/04-14:47,8/4/2013 14:48,2013/08/04-14:49,2013/08/04-15:19,Transportation accidents,One hundredth,Cars,Public facilities and services,Public places and places,Emirates Street,Ambulance and transfer of a person,Cars,No Clouds,natural,Normal,basic,Traffic accident,1,0,,
417,417,61272,84371,Umm Al Quwain,Civil Defense Center - Administration,Police and traffic,8/5/2013,2013/08/05-01:40,2013/08/05-01:42,2013/08/05-01:43,8/5/2013 1:44,2013/08/05-01:47,2013/08/05-02:20,Transportation accidents,Clash,Cars,Public facilities and services,Public places and places,Ramleh area behind ADNOC Station,Transfer,Cars,No Clouds,natural,Normal,basic,Traffic accident,4,0,,
418,418,61290,84389,Ras Al Khaimah,Civil Defense Center - Administration,Police and traffic,8/6/2013,2013/08/06-16:36,2013/08/06-16:38,2013/08/06-16:40,8/6/2013 16:50,2013/08/06-16:52,2013/08/06-17:20,Transportation accidents,Run over,the person,governmental,Streets and squares,Golan area,Ambulance and transfer of a person,Specific,No Clouds,natural,Important,basic,Traffic accident,2,0,,
419,419,61316,84415,Fujairah,Civil Defense Center - against us,Police and traffic,8/8/2013,2013/08/08-18:10,2013/08/08-18:13,2013/08/08-18:14,8/8/2013 18:15,2013/08/08-18:15,2013/08/08-19:00,Transportation accidents,Deterioration,the person,Other places,Streets and squares,An area against us /public street,Ambulance and rescue,Missing,No Clouds,natural,Normal,basic,Traffic accident,1,0,,
420,420,61319,84418,Ras Al Khaimah,Civil Defense Center - Administration,Police and traffic,8/8/2013,2013/08/08-10:21,2013/08/08-10:24,2013/08/08-10:26,8/8/2013 10:27,2013/08/09-10:28,2013/08/09-11:09,Transportation accidents,Clash,the person,governmental,governmental,A collision and the presence of an injured,take actions,Missing,No Clouds,natural,very important,basic,Traffic accident,1,0,,
421,421,61324,84423,Ras Al Khaimah,Civil Defense Center - Administration,Police and traffic,8/8/2013,2013/08/08-08:48,2013/08/08-08:51,2013/08/08-08:53,8/8/2013 8:54,2013/08/08-08:55,2013/08/08-09:37,Transportation accidents,Clash,the person,governmental,governmental,Creation and an infected presence,take actions,Missing,No Clouds,natural,very important,basic,Traffic accident,1,0,,
422,422,61327,84426,Ajman,Civil Defense Center - Administration,Military officers and members,8/9/2013,2013/08/09-01:39,2013/08/09-01:44,2013/08/09-01:49,8/9/2013 1:54,2013/08/09-01:57,2013/08/09-02:30,Transportation accidents,Deterioration,the person,Public facilities and services,Streets and squares,Al -Hamidiya Street - near Iowa Hotel,Exit and transfer injured people,Missing,No Clouds,natural,Normal,medium,Traffic accident,4,1,,
423,423,61334,84433,Ras Al Khaimah,Civil Defense Center - Administration,Police and traffic,8/9/2013,2013/08/09-02:50,2013/08/09-02:53,2013/08/09-02:55,8/9/2013 2:56,2013/08/09-02:57,2013/08/09-03:15,Transportation accidents,Clash,the person,governmental,governmental,A car collision and its degree and the presence of a bike,take actions,Missing,No Clouds,natural,very important,basic,Traffic accident,1,0,,
424,424,61354,84453,Sharjah / Eastern Region,Civil Defense Center - Kalba,Police and traffic,8/10/2013,2013/08/10-03:15,2013/08/10-03:23,2013/08/10-03:28,8/10/2013 3:29,2013/08/10-05:50,2013/08/10-06:10,Transportation accidents,One hundredth,Cars,governmental,Valley,Wadi Al -Helou Road - Kalba City,Fire fighting and directing bodies,Cars,No Clouds,natural,Important,particle,it is not determined yet,0,6,,
425,425,61375,84474,Ras Al Khaimah,Civil Defense Center - Administration,Police and traffic,8/11/2013,2013/08/11-18:53,2013/08/11-18:55,2013/08/11-18:57,8/11/2013 18:58,2013/08/11-19:00,2013/08/11-19:30,Transportation accidents,Run over,the person,Public facilities and services,Streets and squares,Amman Street behind City Hotel,Transfer,governmental,No Clouds,natural,very important,basic,Traffic accident,1,0,,
426,426,61386,84485,Ajman,Civil Defense Center - Manama,The audience,8/12/2013,2013/08/12-06:50,2013/08/12-06:54,2013/08/12-06:59,8/12/2013 7:10,2013/08/12-08:20,2013/08/12-08:25,Transportation accidents,Clash,Missing,Other places,Streets and squares,The main street leading to the Suhaila region of Sharjah,Ambulance and rescue,Missing,No Clouds,natural,Important,medium,it is not determined yet,11,1,,
427,427,61396,84495,Umm Al Quwain,Civil Defense Center - Administration,Police and traffic,8/13/2013,2013/08/13-04:45,2013/08/13-04:55,2013/08/13-05:07,8/13/2013 5:09,2013/08/13-05:10,2013/08/13-05:25,Transportation accidents,One hundredth,the person,governmental,Streets and squares,Under the navel bridge towards Ajman,Ambulance and transfer of a person,Missing,No Clouds,natural,Normal,basic,Traffic accident,2,0,,
428,428,61405,84504,Umm Al Quwain,Raise Center,Police and traffic,8/13/2013,2013/08/13-15:40,2013/08/13-15:51,2013/08/13-15:52,8/13/2013 15:53,2013/08/13-15:55,2013/08/13-16:45,Transportation accidents,Deterioration,the person,Public facilities and services,Public places and places,"Sheikh Mohammed bin Zayed Street, exit 110 towards Ras Al Khaimah",Ambulance and transfer of a person,Cars,No Clouds,natural,Normal,basic,Traffic accident,1,0,,
429,429,61409,84508,Ras Al Khaimah,Civil Defense Center - Administration,Police and traffic,8/13/2013,2013/08/13-20:12,2013/08/13-20:14,2013/08/13-20:16,8/13/2013 20:17,2013/08/13-20:18,2013/08/13-20:50,Transportation accidents,Clash,the person,Other places,Streets and squares,Al -Hosn Street next to Al -Manar Center,Ambulance and transfer of a person,Missing,No Clouds,natural,Important,basic,Traffic accident,1,0,,
430,430,61411,84510,Ras Al Khaimah,Civil Defense Center - Al -Jazeera Al -Hamra,Police and traffic,8/14/2013,2013/08/14-08:15,2013/08/14-08:20,2013/08/14-08:22,8/14/2013 8:25,2013/08/14-08:27,2013/08/14-08:35,Transportation accidents,Clash,the person,governmental,Streets and squares,"Sheikh Mohammed bin Zayed Street, exit 119",Ambulance and transfer of a person,Specific,No Clouds,natural,Important,basic,Traffic accident,1,0,,
431,431,61418,84517,Ras Al Khaimah,Civil Defense Center - Administration,Police and traffic,8/14/2013,2013/08/14-16:20,2013/08/14-16:25,2013/08/14-16:27,8/14/2013 16:33,2013/08/14-16:40,2013/08/14-16:53,Transportation accidents,Clash,the person,governmental,unknown,Shama Street,take actions,Missing,No Clouds,natural,Important,basic,Traffic accident,1,0,,
432,432,61421,84520,Al Dhafra,Civil Defense Center - Liwa,Police and traffic,8/14/2013,2013/08/14-17:50,2013/08/14-18:20,2013/08/14-18:21,8/14/2013 18:23,2013/08/14-18:24,2013/08/14-18:40,Transportation accidents,Deterioration,Missing,Other places,Streets and squares,Liwa / intimate road 30 km from the center,Ambulance and transfer of injured and deceased,Missing,Rains,unclassified,Important,medium,it is not determined yet,1,1,,
433,433,61423,84522,Al Dhafra,Civil Defense Center - Liwa,Police and traffic,8/14/2013,2013/08/14-19:10,2013/08/14-19:40,2013/08/14-19:41,8/14/2013 19:42,2013/08/14-19:43,2013/08/14-20:45,Transportation accidents,Deterioration,Missing,Other places,Streets and squares,Liwa / intimate road 30 km,Transfer,Missing,Rains,unclassified,Important,basic,it is not determined yet,2,0,,
434,434,61442,84541,Ras Al Khaimah,Civil Defense Center - Administration,Police and traffic,8/16/2013,2013/08/16-05:07,2013/08/16-05:10,2013/08/16-05:11,8/16/2013 5:12,2013/08/16-05:13,2013/08/16-05:30,Transportation accidents,Clash,the person,Public facilities and services,Streets and squares,Al -Uraibi,Transfer,governmental,No Clouds,natural,Important,basic,Traffic accident,1,0,,
435,435,61454,84553,Umm Al Quwain,Civil Defense Center - Administration,Police and traffic,8/16/2013,2013/08/16-21:08,2013/08/16-21:10,2013/08/16-21:11,8/16/2013 21:12,2013/08/16-21:13,2013/08/16-21:41,Transportation accidents,Clash,the person,Public facilities and services,Public places and places,"In exchange for the Al -Salama stores complex, opposite the Masoud Trading Establishment",Ambulance and transfer of a person,Cars,No Clouds,natural,Normal,basic,Traffic accident,1,0,,
436,436,61466,84565,Al Dhafra,Civil Defense Center - Port,Police and traffic,8/17/2013,2013/08/17-01:49,2013/08/17-01:55,2013/08/17-02:05,8/17/2013 2:06,2013/08/17-02:07,2013/08/17-02:30,Transportation accidents,Deterioration,Cars,Public facilities and services,Public places and places,Liners of the public street towards commodities,Directing confined and transferring injured people,Cars,No Clouds,natural,Important,basic,Traffic accident,7,0,,
437,437,61467,84566,Al Dhafra,Civil Defense Center - Ghayathi,Police and traffic,8/17/2013,2013/08/17-07:00,2013/08/17-07:15,2013/08/17-07:21,8/17/2013 7:22,2013/08/17-07:23,2013/08/17-07:30,Transportation accidents,Deterioration,Cars,Public facilities and services,Public places and places,Giathi Liwa Road,Ambulance and transfer of a person,Cars,No Clouds,natural,Important,basic,Traffic accident,1,0,,
438,438,61469,84568,Al Dhafra,Civil Defense Center - Liwa,Police and traffic,8/17/2013,2013/08/17-08:25,2013/08/17-09:00,2013/08/17-09:01,8/17/2013 9:02,2013/08/17-09:03,2013/08/17-10:00,Transportation accidents,One hundredth,Cars,Public facilities and services,Public places and places,Liwa Al -Barrir Road Makhsars,Ambulance and transfer of a person,Cars,No Clouds,natural,Important,basic,Traffic accident,1,0,,
439,439,61478,84577,Ras Al Khaimah,Civil Defense Center - Administration,Police and traffic,8/17/2013,2013/08/17-20:03,2013/08/17-20:08,2013/08/17-20:10,8/17/2013 20:12,2013/08/17-20:13,2013/08/17-20:55,Transportation accidents,Run over,the person,Public facilities and services,Streets and squares,Dahan area at the Emirates bakery,Ambulance and transfer of a person,Missing,No Clouds,natural,Important,basic,it is not determined yet,1,0,,
440,440,61480,84579,Ras Al Khaimah,Civil Defense Center - Administration,Police and traffic,8/17/2013,2013/08/17-19:11,2013/08/17-19:23,2013/08/17-19:26,8/17/2013 19:30,2013/08/17-19:31,2013/08/17-20:58,Transportation accidents,Deterioration,the person,Other places,Streets and squares,Al -Saadi area,Ambulance and transfer of injured and deceased,Missing,No Clouds,natural,Important,basic,Traffic accident,2,0,,
441,441,61491,84590,Umm Al Quwain,Civil Defense Center - Al -Madinah,Police and traffic,8/18/2013,2013/08/18-10:23,2013/08/18-10:25,2013/08/18-10:26,8/18/2013 10:28,2013/08/18-10:29,2013/08/18-10:32,Transportation accidents,Clash,the person,Public facilities and services,Streets and squares,King Faisal Street behind the Lulu Center,Transfer,Missing,No Clouds,natural,Normal,basic,Traffic accident,1,0,,
442,442,61515,84614,Ras Al Khaimah,Civil Defense Center - Administration,Police and traffic,8/20/2013,2013/08/20-19:40,2013/08/20-19:43,2013/08/20-19:45,8/20/2013 19:46,2013/08/20-19:47,2013/08/20-20:15,Transportation accidents,Clash,the person,Other places,Streets and squares,Al -Jazza Street opposite the Al -Maamoura Police Station,Ambulance and transfer of injured and deceased,Missing,No Clouds,natural,Important,basic,Traffic accident,1,0,,
443,443,61523,84622,Ras Al Khaimah,Civil Defense Center - Administration,Police and traffic,8/21/2013,2013/08/21-09:37,2013/08/21-09:42,2013/08/21-09:44,8/21/2013 9:45,2013/08/21-09:47,2013/08/21-10:10,Transportation accidents,Clash,the person,Public facilities and services,Streets and squares,"Amman Street, behind Al -Dana towers",Transfer,governmental,No Clouds,natural,Important,basic,Traffic accident,1,0,,
444,444,61528,84627,Ras Al Khaimah,Civil Defense Center - Administration,Police and traffic,8/21/2013,2013/08/21-17:15,2013/08/21-17:20,2013/08/21-17:22,8/21/2013 17:23,2013/08/21-17:25,2013/08/21-18:00,Transportation accidents,Clash,the person,governmental,Streets and squares,Golan,Ambulance and transfer of a person,Specific,No Clouds,natural,Important,basic,Traffic accident,2,0,,
445,445,61529,84628,Fujairah,Civil Defense Center - Dibba,Police and traffic,8/21/2013,2013/08/21-18:10,2013/08/21-18:15,2013/08/21-18:16,8/21/2013 18:19,2013/08/21-18:20,2013/08/21-18:25,Transportation accidents,Clash,Missing,Other places,Streets and squares,Dibba Al -Dajara opposite the cement factory,Ambulance and rescue,Missing,No Clouds,natural,Important,basic,Children tampering,1,0,,
446,446,61542,84641,Sharjah,Civil Defense Center - Al Hamriyah,Police and traffic,8/22/2013,2013/08/22-11:30,2013/08/22-11:35,2013/08/22-11:45,8/22/2013 12:00,2013/08/22-12:20,2013/08/22-12:25,Transportation accidents,Clash,Cars,Means of transport,Cargo,Free Zone (Al Hamriyah),Rescue people,Cars,No Clouds,natural,Important,medium,Traffic accident,2,1,,
447,447,61561,84660,Ras Al Khaimah,Civil Defense Center - Administration,Police and traffic,8/22/2013,2013/08/22-08:20,2013/08/22-08:25,2013/08/22-08:26,8/22/2013 8:27,2013/08/22-08:28,2013/08/22-08:59,Transportation accidents,Clash,the person,governmental,governmental,In exchange for a wedding hall for wedding,take actions,Missing,No Clouds,natural,very important,basic,it is not determined yet,2,0,,
448,448,61572,84671,Ras Al Khaimah,Civil Defense Center - Northern Administration,Police and traffic,8/23/2013,2013/08/23-17:39,2013/08/23-17:46,2013/08/23-17:48,8/23/2013 17:50,2013/08/23-17:51,2013/08/23-18:25,Transportation accidents,Run over,the person,Other places,Streets and squares,Al -Rams area opposite the Eid prayer hall,Ambulance and transfer of injured and deceased,Missing,No Clouds,natural,Important,basic,Traffic accident,1,0,,
449,449,61573,84672,Ras Al Khaimah,Civil Defense Center - Administration,Police and traffic,8/23/2013,2013/08/23-18:58,2013/08/23-19:00,2013/08/23-19:02,8/23/2013 19:05,2013/08/23-19:06,2013/08/23-19:31,Transportation accidents,Clash,the person,Other places,Streets and squares,Al -Hosn Street at the Home Land intersection,Ambulance and transfer of injured and deceased,Missing,No Clouds,natural,Important,basic,Traffic accident,2,0,,
450,450,61579,84678,Ras Al Khaimah,Civil Defense Center - Administration,Police and traffic,8/23/2013,2013/08/23-19:57,2013/08/23-20:03,2013/08/23-20:07,8/23/2013 20:08,2013/08/23-20:13,2013/08/23-20:50,Transportation accidents,Clash,the person,Other places,Streets and squares,Al -Mairid Market at gold stores,Ambulance and transfer of injured and deceased,Missing,No Clouds,natural,Important,basic,Traffic accident,5,0,,
451,451,61585,84684,Ras Al Khaimah,Civil Defense Center - Administration,Police and traffic,8/24/2013,2013/08/24-03:21,2013/08/24-03:25,2013/08/24-03:27,8/24/2013 3:30,2013/08/24-03:32,2013/08/24-04:30,Transportation accidents,Deterioration,the person,Public facilities and services,Streets and squares,Al -Montaser Street inside the target supermarket roundabout,Ambulance and transfer of injured and deceased,Missing,No Clouds,natural,Important,basic,Traffic accident,1,0,,
452,452,61611,84710,Abu Dhabi,Civil Defense Center - Al -Maqta,Civil defense departments and centers,8/25/2013,2013/08/25-09:30,2013/08/25-09:32,2013/08/25-09:55,8/25/2013 10:15,2013/08/25-10:25,2013/08/25-10:30,Transportation accidents,Deterioration,Trucks,Public facilities and services,unknown,My street is armored towards the interior,take actions,Missing,No Clouds,natural,Normal,basic,it is not determined yet,0,0,,
453,453,61617,84716,Ras Al Khaimah,Civil Defense Center - Al -Jazeera Al -Hamra,Police and traffic,8/26/2013,2013/08/26-00:32,2013/08/26-00:37,2013/08/26-00:40,8/26/2013 0:42,2013/08/26-00:45,2013/08/26-01:16,Transportation accidents,Run over,the person,governmental,Streets and squares,The Red Island,Ambulance and transfer of a person,Specific,No Clouds,natural,Important,basic,Traffic accident,1,0,,
454,454,61623,84722,Ajman,Civil Defense Center - Administration,The audience,8/26/2013,2013/08/26-10:16,2013/08/26-10:21,2013/08/26-10:26,8/26/2013 10:32,2013/08/26-10:37,2013/08/26-10:42,Transportation accidents,Deterioration,Missing,Other places,Other places,Al -Jarf region -Chinese market,Ambulance,Missing,No Clouds,natural,Normal,basic,Traffic accident,1,0,,
455,455,61649,84748,Fujairah,Civil Defense Center - Al -Taween,Police and traffic,8/27/2013,2013/08/27-10:53,2013/08/27-11:07,2013/08/27-11:10,8/27/2013 11:14,2013/08/27-11:15,2013/08/27-11:30,Transportation accidents,Clash,Cars,governmental,Other places,Al -Miyah Al -Taweid area,take actions,Ceramic,No Clouds,natural,Important,basic,Traffic accident,3,0,,
456,456,61656,84755,Fujairah,Civil Defense Center - Al -Taween,Police and traffic,8/27/2013,2013/08/27-10:05,2013/08/27-10:08,2013/08/27-10:09,8/27/2013 10:14,2013/08/27-10:15,2013/08/27-10:20,Transportation accidents,One hundredth,Other things,governmental,unknown,Iron barrier shocked,Exit and transfer injured people,Cars,No Clouds,natural,Important,basic,The explosion of the packaging of the fireworks packaging,1,0,,
457,457,61657,84756,Fujairah,Civil Defense Center - Al -Taween,Police and traffic,8/27/2013,2013/08/27-10:05,2013/08/27-10:08,2013/08/27-10:09,8/27/2013 10:14,2013/08/27-10:15,2013/08/27-10:20,Transportation accidents,One hundredth,Other things,governmental,unknown,Iron barrier shocked,Exit and transfer injured people,Cars,No Clouds,natural,Important,basic,The explosion of the packaging of the fireworks packaging,1,0,,
458,458,61658,84757,Ras Al Khaimah,Civil Defense Center - Administration,Police and traffic,8/28/2013,2013/08/28-00:21,2013/08/28-00:25,2013/08/28-00:27,8/28/2013 0:28,2013/08/28-00:29,2013/08/28-00:55,Transportation accidents,Run over,the person,Other places,Streets and squares,Al -Mairid area in front of Al -Sajda supermarket,Ambulance and transfer of a person,Missing,No Clouds,natural,Important,basic,Traffic accident,1,0,,
459,459,61665,84764,Umm Al Quwain,Civil Defense Center - Administration,Police and traffic,8/28/2013,2013/08/28-11:20,2013/08/28-11:22,2013/08/28-11:23,8/28/2013 11:25,2013/08/28-11:27,2013/08/28-13:30,Transportation accidents,Deterioration,Cars,Public facilities and services,Public places and places,Al -Ittihad external circle Street,Transfer,Cars,No Clouds,natural,Normal,basic,Traffic accident,3,0,,
460,460,61679,84778,Fujairah,Civil Defense Center - Administration,Police and traffic,8/29/2013,2013/08/29-14:07,2013/08/29-14:09,2013/08/29-14:10,8/29/2013 14:11,2013/08/29-14:12,2013/08/29-14:30,Transportation accidents,Clash,Cars,Public facilities and services,Public places and places,Fujairah - the faction opposite the College of Technology - Students,Ambulance,Missing,No Clouds,natural,Normal,basic,Traffic accident,1,0,,
461,461,61684,84783,Ras Al Khaimah,Civil Defense Center - Northern Administration,Police and traffic,8/29/2013,2013/08/29-17:06,2013/08/29-17:10,2013/08/29-17:12,8/29/2013 17:14,2013/08/29-17:19,2013/08/29-17:31,Transportation accidents,Clash,the person,Other places,Streets and squares,Khorkheir area,Ambulance and transfer of a person,Specific,No Clouds,natural,Important,basic,Traffic accident,1,0,,
462,462,61685,84784,Ras Al Khaimah,Civil Defense Center - Administration,Police and traffic,8/29/2013,2013/08/29-17:45,2013/08/29-17:47,2013/08/29-17:49,8/29/2013 17:51,2013/08/29-17:52,2013/08/29-18:30,Transportation accidents,Clash,the person,Other places,Streets and squares,"In exchange for the Civil Defense Department, Ras Al Khaimah",Ambulance and transfer of a person,Specific,No Clouds,natural,Important,basic,Traffic accident,1,0,,
463,463,61687,84786,Ras Al Khaimah,Civil Defense Center - Administration,Police and traffic,8/29/2013,2013/08/29-20:10,2013/08/29-20:13,2013/08/29-20:15,8/29/2013 20:40,2013/08/29-22:12,2013/08/29-22:15,Transportation accidents,Deterioration,Trucks,Public facilities and services,Public places and places,Southern,Directing confined and transferring injured people,Specific,No Clouds,natural,Important,basic,Traffic accident,0,0,,
464,464,61708,84807,Ajman,Civil Defense Center - Administration,Police and traffic,9/1/2013,2013/09/01-01:52,2013/09/01-01:55,2013/09/01-02:00,9/1/2013 2:45,2013/09/01-02:49,2013/09/01-02:50,Transportation accidents,One hundredth,Light,Means of transport,car,Mashirf Commercial Zone near Gulf boats,Directing confined and transferring injured people,Cars,No Clouds,natural,very important,basic,Traffic accident,1,0,,
465,465,61717,84816,Ras Al Khaimah,Civil Defense Center - Administration,Police and traffic,9/1/2013,2013/09/01-08:22,2013/09/01-08:25,2013/09/01-08:27,9/1/2013 8:30,2013/09/01-08:31,2013/09/01-08:36,Transportation accidents,Clash,the person,governmental,unknown,Al -Montaser Street inside the Emirates Oil Station,Transfer,governmental,No Clouds,natural,very important,basic,Traffic accident,1,0,,