,Unnamed: 0,rec_id,Accident number,Competent Department,Competent Center,Amount rating,Date of the accident,The date and time of the notification,Date and time of first arrival,Date and time of completion of control,End date and time of the operation,Departure date and time,Date and time of return to the center,Accident Group,Type of accident,Direct damage,Acccident scene category,Accident scene,Accident title,The band's work summary,Activity,Weather condition,Road condition,Priority level,Accident size,The cause of the accident,The number of injured people,The number of deaths in the public,The number of injured members of the force,The number of deaths of members of the force
466,466,61718,84817,Ras Al Khaimah,Civil Defense Center - Administration,Police and traffic,9/1/2013,2013/09/01-08:22,2013/09/01-08:25,2013/09/01-08:27,9/1/2013 8:30,2013/09/01-08:32,2013/09/01-09:35,Transportation accidents,Clash,Missing,governmental,unknown,Al -Montaser Street inside the Emirates Petroleum Station,take actions,trade,No Clouds,natural,very important,basic,Traffic accident,1,0,,
467,467,61728,84827,Ras Al Khaimah,Civil Defense Center - Administration,Police and traffic,9/1/2013,2013/09/01-08:22,2013/09/01-08:26,2013/09/01-08:30,9/1/2013 8:35,2013/09/01-08:38,2013/09/01-08:55,Transportation accidents,Clash,the person,commercial,commercial,Al Montaser Street,rescue,governmental,No Clouds,natural,very important,basic,Traffic accident,1,0,,
468,468,61729,84828,Ras Al Khaimah,Civil Defense Center - Northern Administration,The audience,9/1/2013,2013/09/01-09:27,2013/09/01-09:33,2013/09/01-09:37,9/1/2013 9:40,2013/09/01-09:42,2013/09/01-10:29,Transportation accidents,Clash,Missing,governmental,governmental,Popular Backwear,take actions,governmental,No Clouds,natural,very important,basic,Traffic accident,1,0,,
469,469,61750,84849,Al Dhafra,Civil Defense Center - Liwa,Police and traffic,9/2/2013,2013/09/02-16:24,2013/09/02-16:45,2013/09/02-16:55,9/2/2013 16:56,2013/09/02-18:10,2013/09/02-18:30,Transportation accidents,Deterioration,Cars,Public facilities and services,Public places and places,"Liwa Hotim Road, Al -Thawani area",take actions,Cars,No Clouds,natural,Important,basic,Traffic accident,2,0,,
470,470,61763,84862,Ras Al Khaimah,Civil Defense Center - Administration,Police and traffic,9/3/2013,2013/09/03-16:55,2013/09/03-16:58,2013/09/03-17:00,9/3/2013 17:01,2013/09/03-17:02,2013/09/03-17:25,Transportation accidents,Clash,the person,governmental,governmental,In exchange for Al -Manar Center towards Crimea Street,take actions,Missing,No Clouds,natural,very important,basic,Traffic accident,1,0,,
471,471,61767,84866,Ras Al Khaimah,Civil Defense Center - Administration,Police and traffic,9/3/2013,2013/09/03-21:50,2013/09/03-21:51,2013/09/03-21:53,9/3/2013 21:55,2013/09/03-21:56,2013/09/03-22:25,Transportation accidents,Clash,the person,Public facilities and services,Public places and places,Against international cars,Ambulance and transfer of a person,furniture,No Clouds,natural,very important,basic,Traffic accident,3,0,,
472,472,61768,84867,Ras Al Khaimah,Civil Defense Center - Administration,The audience,9/4/2013,2013/09/04-00:01,2013/09/04-00:05,2013/09/04-00:07,9/4/2013 0:09,2013/09/04-00:10,2013/09/04-00:30,Transportation accidents,One hundredth,the person,Public facilities and services,Public places and places,Golan Street opposite the Emirati transportation,Ambulance and transfer of a person,furniture,No Clouds,natural,very important,basic,Traffic accident,2,0,,
473,473,61772,84871,Ras Al Khaimah,Civil Defense Center - Administration,Police and traffic,9/4/2013,2013/09/04-11:51,2013/09/04-11:56,2013/09/04-11:58,9/4/2013 12:04,2013/09/04-12:05,2013/09/04-12:40,Transportation accidents,Clash,the person,Public facilities and services,Public places and places,Al -Golan Street opposite the Gulf markets,Ambulance and transfer of injured and deceased,Missing,No Clouds,natural,Important,basic,Traffic accident,3,0,,
474,474,61777,84876,Ras Al Khaimah,Civil Defense Center - Administration,Police and traffic,9/4/2013,2013/09/04-20:32,2013/09/04-20:40,2013/09/04-20:42,9/4/2013 20:43,2013/09/04-20:46,2013/09/04-21:10,Transportation accidents,Deterioration,the person,Public facilities and services,Public places and places,"Al -Golan Street, opposite Rotana washbasin",Ambulance and transfer of injured and deceased,Missing,No Clouds,natural,Important,basic,Traffic accident,1,0,,
475,475,61784,84883,Fujairah,Civil Defense Center - against us,Civil defense departments and centers,9/5/2013,2013/09/05-07:24,2013/09/05-07:28,2013/09/05-07:30,9/5/2013 7:31,2013/09/05-07:31,2013/09/05-08:00,Transportation accidents,Deterioration,Cars,Means of transport,Truck,Al -Aqa area - Dibba Al -Fujairah,Rescue people,Cars,No Clouds,natural,very important,basic,Traffic accident,1,0,,
476,476,61785,84884,Ras Al Khaimah,Civil Defense Center - Administration,Police and traffic,9/5/2013,2013/09/05-11:19,2013/09/05-11:29,2013/09/05-11:30,9/5/2013 11:32,2013/09/05-11:37,2013/09/05-12:00,Transportation accidents,Run over,the person,governmental,governmental,Barirat,Rescue people,Missing,No Clouds,natural,Important,basic,Traffic accident,1,0,,
477,477,61794,84893,Fujairah,Civil Defense Center - against us,The audience,9/5/2013,2013/09/05-07:30,2013/09/05-07:34,2013/09/05-07:36,9/5/2013 7:39,2013/09/05-07:40,2013/09/05-08:37,Transportation accidents,Deterioration,Cars,governmental,governmental,Deterioration,Rescue and transfer injured people,Cars,No Clouds,natural,very important,basic,Traffic accident,2,0,,
478,478,61795,84894,Ras Al Khaimah,Civil Defense Center - Administration,The audience,9/5/2013,2013/09/05-20:50,2013/09/05-21:00,2013/09/05-21:02,9/5/2013 21:05,2013/09/05-21:07,2013/09/05-21:35,Transportation accidents,Clash,the person,Industrial,Industrial,Fool,Transfer,governmental,No Clouds,natural,very important,basic,Traffic accident,1,0,,
479,479,61802,84901,Ras Al Khaimah,Civil Defense Center - Kadra,Police and traffic,9/6/2013,2013/09/06-18:45,2013/09/06-18:50,2013/09/06-18:52,9/6/2013 18:58,2013/09/06-19:01,2013/09/06-19:58,Transportation accidents,Clash,the person,Other places,Streets and squares,Al -Munai’i Street,Ambulance and transfer of a person,Specific,No Clouds,natural,Important,basic,Traffic accident,1,0,,
480,480,61804,84903,Ras Al Khaimah,Civil Defense Center - Administration,Police and traffic,9/6/2013,2013/09/06-20:40,2013/09/06-20:43,2013/09/06-20:44,9/6/2013 20:45,2013/09/06-20:47,2013/09/06-21:30,Transportation accidents,Run over,the person,Other places,Streets and squares,Palm opposite Abu Dhabi Islamic Bank,Ambulance and transfer of a person,Specific,No Clouds,natural,Important,basic,Traffic accident,1,0,,
481,481,61808,84907,Ras Al Khaimah,Civil Defense Center - Administration,Police and traffic,9/7/2013,2013/09/07-00:25,2013/09/07-00:29,2013/09/07-00:30,9/7/2013 0:32,2013/09/07-00:34,2013/09/07-00:58,Transportation accidents,Run over,the person,Other places,Streets and squares,Palm crossing the Hilton Hotel,Ambulance and transfer of a person,Specific,No Clouds,natural,Important,basic,Traffic accident,1,0,,
482,482,61809,84908,Umm Al Quwain,Raise Center,Police and traffic,9/7/2013,2013/09/07-03:34,2013/09/07-03:42,2013/09/07-03:43,9/7/2013 3:44,2013/09/07-03:45,2013/09/07-04:17,Transportation accidents,Clash,Cars,Public facilities and services,Public places and places,"Sheikh Mohammed bin Zayed Street, near Edinuk Station",Transfer,Cars,No Clouds,natural,Normal,basic,Traffic accident,2,0,,
483,483,61819,84918,Ras Al Khaimah,Civil Defense Center - Administration,Police and traffic,9/7/2013,2013/09/07-10:56,2013/09/07-11:00,2013/09/07-11:03,9/7/2013 11:04,2013/09/07-11:05,2013/09/07-11:37,Transportation accidents,Clash,the person,governmental,governmental,For Expo Maireed,take actions,Missing,No Clouds,natural,very important,basic,Traffic accident,2,0,,
484,484,61823,84922,Ras Al Khaimah,Civil Defense Center - Al -Jazeera Al -Hamra,Police and traffic,9/8/2013,2013/09/08-07:40,2013/09/08-07:42,2013/09/08-07:45,9/8/2013 7:46,2013/09/08-07:48,2013/09/08-08:28,Transportation accidents,Clash,the person,Public facilities and services,Public places and places,Al -Jazeera Al -Hamra Street for Majan,Ambulance and transfer of injured and deceased,Missing,No Clouds,natural,Important,basic,Traffic accident,4,0,,
485,485,61830,84929,Ras Al Khaimah,Civil Defense Center - Administration,Police and traffic,9/8/2013,2013/09/08-19:31,2013/09/08-19:41,2013/09/08-19:43,9/8/2013 19:44,2013/09/08-19:45,2013/09/08-20:15,Transportation accidents,Clash,the person,Public facilities and services,Public places and places,Golan Street opposite the bus station,Ambulance and transfer of a person,Missing,No Clouds,natural,Important,basic,Traffic accident,1,0,,
486,486,61831,84930,Ras Al Khaimah,Civil Defense Center - Administration,Police and traffic,9/8/2013,2013/09/08-19:42,2013/09/08-19:47,2013/09/08-19:49,9/8/2013 19:50,2013/09/08-19:52,2013/09/08-20:17,Transportation accidents,Clash,the person,Public facilities and services,Public places and places,The poems area at Al -Fanar Roundabout (Al Fannus),Ambulance and transfer of a person,Missing,No Clouds,natural,Important,basic,Traffic accident,1,0,,
487,487,61832,84931,Ras Al Khaimah,Civil Defense Center - Administration,Police and traffic,9/8/2013,2013/09/08-20:29,2013/09/08-20:31,2013/09/08-20:33,9/8/2013 20:35,2013/09/08-20:36,2013/09/08-21:05,Transportation accidents,Run over,the person,Public facilities and services,Public places and places,Above the Ras Al Khaimah Bridge Street,Ambulance and transfer of injured and deceased,Missing,No Clouds,natural,Important,basic,Traffic accident,2,0,,
488,488,61837,84936,Eye,Civil Defense Center - Al -Foua,Police and traffic,9/9/2013,2013/09/09-06:03,2013/09/09-06:08,2013/09/09-06:11,9/9/2013 6:18,2013/09/09-06:22,2013/09/09-06:29,Transportation accidents,Deterioration,Cars,Means of transport,car,Caliph roundabout,Fire fighting,Transmission,No Clouds,natural,Normal,basic,Traffic accident,1,0,,
489,489,61846,84945,Ras Al Khaimah,Civil Defense Center - Administration,Police and traffic,9/9/2013,2013/09/09-18:37,2013/09/09-18:40,2013/09/09-18:42,9/9/2013 18:44,2013/09/09-18:45,2013/09/09-19:31,Transportation accidents,Clash,the person,residential,residential,The red island at the cemetery,Transfer,governmental,No Clouds,natural,very important,basic,Traffic accident,1,0,,
490,490,61850,84949,Ras Al Khaimah,Civil Defense Center - Northern Administration,Police and traffic,9/10/2013,2013/09/10-08:23,2013/09/10-08:29,2013/09/10-08:32,9/10/2013 8:38,2013/09/10-08:40,2013/09/10-09:20,Transportation accidents,Clash,the person,Public facilities and services,Public places and places,Whisper,Ambulance and rescue,Missing,No Clouds,natural,Important,basic,Traffic accident,1,0,,
491,491,61851,84950,Ras Al Khaimah,Civil Defense Center - Administration,Police and traffic,9/10/2013,2013/09/10-08:26,2013/09/10-08:27,2013/09/10-08:30,9/10/2013 8:40,2013/09/10-08:42,2013/09/10-09:19,Transportation accidents,Deterioration,the person,Public facilities and services,Public places and places,The Red Island near the markets of Ras Al Khaimah,Ambulance and rescue,Specific,No Clouds,natural,Important,basic,Traffic accident,1,0,,
492,492,61854,84953,Fujairah,Civil Defense Center - Administration,Police and traffic,9/10/2013,2013/09/10-11:36,2013/09/10-11:42,2013/09/10-11:43,9/10/2013 11:45,2013/09/10-11:46,2013/09/10-12:18,Transportation accidents,Clash,Cars,Public facilities and services,Public bathrooms,Fujairah Al -Souda area,Ambulance,Missing,No Clouds,natural,Normal,basic,Traffic accident,3,0,,
493,493,61881,84980,Ras Al Khaimah,Civil Defense Center - Administration,Police and traffic,9/11/2013,2013/09/11-16:15,2013/09/11-16:19,2013/09/11-16:21,9/11/2013 16:22,2013/09/11-16:23,2013/09/11-18:26,Transportation accidents,Deterioration,the person,Public facilities and services,Public places and places,Behind the house of Sheikh Abdul Malik (Al -Seha),Ambulance and transfer of a person,furniture,No Clouds,natural,very important,basic,Traffic accident,1,0,,
494,494,61882,84981,Ras Al Khaimah,Civil Defense Center - Administration,Police and traffic,9/11/2013,2013/09/11-17:00,2013/09/11-17:04,2013/09/11-17:06,9/11/2013 17:07,2013/09/11-17:08,2013/09/11-17:50,Transportation accidents,Run over,the person,Public facilities and services,Public places and places,Besides the Kars Garage (poems),Ambulance and transfer of a person,furniture,No Clouds,natural,very important,basic,Traffic accident,1,0,,
495,495,61893,84992,Ras Al Khaimah,Civil Defense Center - Administration,Civil defense departments and centers,9/12/2013,2013/09/12-18:31,2013/09/12-18:35,2013/09/12-18:37,9/12/2013 18:39,2013/09/12-18:43,2013/09/12-19:07,Transportation accidents,Clash,the person,Public facilities and services,Public places and places,Al -Montaser Street at the castle exhibition,Ambulance and transfer of a person,Cars,No Clouds,natural,Important,basic,Traffic accident,1,0,,
496,496,61899,84998,Fujairah,Civil Defense Center - Masafi,Police and traffic,9/13/2013,2013/09/13-04:00,2013/09/13-04:01,2013/09/13-04:04,9/13/2013 4:07,2013/09/13-04:25,2013/09/13-04:28,Transportation accidents,Deterioration,Missing,Public facilities and services,Public places and places,Massafi Fujairah,Take bodies,Missing,I did not specify,natural,Important,medium,it is not determined yet,1,1,,
497,497,61908,85007,Ras Al Khaimah,Civil Defense Center - Administration,Police and traffic,9/13/2013,2013/09/13-16:34,2013/09/13-16:38,2013/09/13-16:40,9/13/2013 16:45,2013/09/13-16:55,2013/09/13-17:05,Transportation accidents,Deterioration,the person,Public facilities and services,Public places and places,Circular before the Gulf markets,Ambulance and transfer of a person,Missing,No Clouds,natural,Normal,basic,it is not determined yet,2,0,,
498,498,61909,85008,Ras Al Khaimah,Civil Defense Center - Administration,Police and traffic,9/13/2013,2013/09/13-19:15,2013/09/13-19:23,2013/09/13-19:25,9/13/2013 19:27,2013/09/13-19:28,2013/09/13-20:16,Transportation accidents,Clash,the person,Public facilities and services,Public places and places,Al -Saadi Road in front of Khalifa Hospital,Transfer,governmental,No Clouds,natural,very important,basic,Traffic accident,2,0,,
499,499,61920,85019,Ras Al Khaimah,Civil Defense Center - Northern Administration,Police and traffic,9/14/2013,2013/09/14-18:44,2013/09/14-18:46,2013/09/14-18:48,9/14/2013 18:50,2013/09/14-18:51,2013/09/14-19:44,Transportation accidents,Run over,the person,Other places,Streets and squares,Whisper,Ambulance and transfer of a person,Specific,No Clouds,natural,Important,basic,Traffic accident,1,0,,
500,500,61926,85025,Fujairah,Civil Defense Center - Administration,The audience,9/14/2013,2013/09/14-19:55,2013/09/14-19:57,2013/09/14-19:58,9/14/2013 19:58,2013/09/14-20:58,2013/09/14-21:00,Transportation accidents,One hundredth,to forbid,Means of transport,Truck,A truck was shocked by a cement barrier,Remove petroleum materials from the street,Cars,No Clouds,natural,very important,basic,Traffic accident,1,0,,
501,501,61927,85026,Ras Al Khaimah,Civil Defense Center - Administration,Police and traffic,9/14/2013,2013/09/14-23:49,2013/09/14-23:54,2013/09/14-23:58,9/15/2013 0:00,2013/09/15-00:03,2013/09/15-00:22,Transportation accidents,Clash,the person,Other places,Streets and squares,Al -Mairid area,Ambulance and transfer of a person,Specific,No Clouds,natural,Important,basic,Traffic accident,2,0,,
502,502,61961,85060,Ras Al Khaimah,Civil Defense Center - Administration,Police and traffic,9/17/2013,2013/09/17-03:04,2013/09/17-03:08,2013/09/17-03:10,9/17/2013 3:12,2013/09/17-03:13,2013/09/17-03:55,Transportation accidents,Run over,the person,Public facilities and services,Public places and places,The palm area at the Hilton Hotel signals,Ambulance and transfer of injured and deceased,Missing,No Clouds,natural,very important,basic,Traffic accident,1,0,,
503,503,61967,85066,Ras Al Khaimah,Civil Defense Center - Al -Jazeera Al -Hamra,Police and traffic,9/17/2013,2013/09/17-07:14,2013/09/17-07:20,2013/09/17-07:22,9/17/2013 7:25,2013/09/17-07:26,2013/09/17-08:09,Transportation accidents,Clash,the person,Public facilities and services,Public places and places,Al -Tuwayen Street near the truck balance,Transfer,governmental,No Clouds,natural,very important,basic,Traffic accident,1,0,,
504,504,61971,85070,Ras Al Khaimah,Civil Defense Center - Al -Jazeera Al -Hamra,Police and traffic,9/17/2013,2013/09/17-15:56,2013/09/17-16:04,2013/09/17-16:30,9/17/2013 16:40,2013/09/17-16:48,2013/09/17-17:10,Transportation accidents,Clash,the person,Other places,Streets and squares,Al -Tuwaine Street near Khalifa Hospital,Ambulance and transfer of a person,Missing,No Clouds,natural,Normal,basic,it is not determined yet,1,0,,
505,505,61982,85081,Ras Al Khaimah,Civil Defense Center - Administration,Police and traffic,9/17/2013,2013/09/17-22:12,2013/09/17-22:15,2013/09/17-22:17,9/17/2013 22:18,2013/09/17-22:20,2013/09/17-22:40,Transportation accidents,Clash,the person,commercial,commercial,Palm,Transfer,governmental,No Clouds,natural,very important,basic,Traffic accident,1,0,,
506,506,61984,85083,Ras Al Khaimah,Civil Defense Center - Administration,Police and traffic,9/18/2013,2013/09/18-07:06,2013/09/18-07:10,2013/09/18-07:12,9/18/2013 7:21,2013/09/18-07:30,2013/09/18-08:20,Transportation accidents,Clash,the person,Other places,Streets and squares,Golan area,Ambulance and transfer of a person,Specific,No Clouds,natural,Important,basic,Traffic accident,3,0,,
507,507,62018,85117,Al Dhafra,Civil Defense Center - Ghayathi,Police and traffic,9/19/2013,2013/09/19-12:35,2013/09/19-12:45,2013/09/19-12:46,9/19/2013 12:47,2013/09/19-12:48,2013/09/19-13:45,Transportation accidents,Clash,Missing,Other places,Streets and squares,At the bridge on the Giathi Ruwais road towards Ghiathi,Transfer,Missing,No Clouds,natural,Normal,basic,Traffic accident,1,0,,
508,508,62023,85122,Ras Al Khaimah,Civil Defense Center - Administration,Police and traffic,9/20/2013,2013/09/20-16:27,2013/09/20-16:30,2013/09/20-16:32,9/20/2013 16:33,2013/09/20-16:35,2013/09/20-16:52,Transportation accidents,Clash,the person,Public facilities and services,Public places and places,For new contacts,Ambulance and rescue,Missing,No Clouds,natural,Important,basic,Traffic accident,1,0,,
509,509,62024,85123,Ras Al Khaimah,Civil Defense Center - Al -Jazeera Al -Hamra,Police and traffic,9/20/2013,2013/09/20-21:19,2013/09/20-21:30,2013/09/20-21:34,9/20/2013 21:35,2013/09/20-21:36,2013/09/20-22:21,Transportation accidents,Clash,the person,Public facilities and services,Public places and places,Etihad Street,Ambulance and rescue,Missing,No Clouds,natural,Important,basic,Traffic accident,1,0,,
510,510,62029,85128,Ras Al Khaimah,Civil Defense Center - Kadra,Police and traffic,9/21/2013,2013/09/21-01:15,2013/09/21-01:24,2013/09/21-01:27,9/21/2013 1:28,2013/09/21-01:30,2013/09/21-02:14,Transportation accidents,Clash,the person,Public facilities and services,Public places and places,Sheikh Khalifa Street at Kadra Bridge,Ambulance and transfer of a person,Missing,No Clouds,natural,Important,basic,Traffic accident,1,0,,
511,511,62033,85132,Ras Al Khaimah,Civil Defense Center - Administration,Police and traffic,9/21/2013,2013/09/21-10:05,2013/09/21-10:08,2013/09/21-10:10,9/21/2013 10:11,2013/09/21-10:12,2013/09/21-10:50,Transportation accidents,Clash,the person,commercial,Commercial market,Ras Al Khaimah Old at Brussley Building,Transfer,governmental,No Clouds,natural,Important,basic,Traffic accident,1,0,,
512,512,62045,85144,Umm Al Quwain,Raise Center,Police and traffic,9/22/2013,2013/09/22-05:33,2013/09/22-05:38,2013/09/22-05:39,9/22/2013 5:40,2013/09/22-05:41,2013/09/22-06:38,Transportation accidents,One hundredth,Cars,Public facilities and services,Public places and places,"Sheikh Mohammed bin Zayed Street, exit 93, direction of Sharjah",Ambulance and transfer of a person,Cars,No Clouds,natural,Normal,basic,Traffic accident,1,0,,
513,513,62047,85146,Ras Al Khaimah,Civil Defense Center - Administration,Police and traffic,9/22/2013,2013/09/22-08:33,2013/09/22-08:37,2013/09/22-08:38,9/22/2013 8:40,2013/09/22-08:43,2013/09/22-09:15,Transportation accidents,Clash,the person,Other places,Streets and squares,Palm area,Ambulance and transfer of a person,Specific,No Clouds,natural,Important,basic,Traffic accident,1,0,,
514,514,62051,85150,Ras Al Khaimah,Civil Defense Center - Al -Jazeera Al -Hamra,Police and traffic,9/22/2013,2013/09/22-13:05,2013/09/22-13:10,2013/09/22-13:12,9/22/2013 13:14,2013/09/22-13:15,2013/09/22-13:55,Transportation accidents,Clash,the person,Other places,Streets and squares,Welfare,Ambulance and transfer of a person,Specific,No Clouds,natural,Important,basic,Traffic accident,1,0,,
515,515,62052,85151,Ras Al Khaimah,Civil Defense Center - Administration,Police and traffic,9/22/2013,2013/09/22-16:25,2013/09/22-16:29,2013/09/22-16:31,9/22/2013 16:33,2013/09/22-16:34,2013/09/22-17:20,Transportation accidents,Clash,the person,Other places,Streets and squares,Globe,Ambulance and transfer of a person,Specific,No Clouds,natural,Important,basic,Traffic accident,4,0,,
516,516,62066,85165,Ras Al Khaimah,Civil Defense Center - Administration,Police and traffic,9/23/2013,2013/09/23-03:15,2013/09/23-03:16,2013/09/23-03:18,9/23/2013 3:19,2013/09/23-03:20,2013/09/23-03:55,Transportation accidents,Clash,the person,governmental,governmental,For Expo Ras Al Khaimah,take actions,Missing,No Clouds,natural,very important,basic,Traffic accident,1,0,,
517,517,62067,85166,Ras Al Khaimah,Civil Defense Center - Administration,Police and traffic,9/23/2013,2013/09/23-04:25,2013/09/23-04:29,2013/09/23-04:31,9/23/2013 4:32,2013/09/23-04:33,2013/09/23-05:00,Transportation accidents,Clash,the person,governmental,governmental,In exchange for Obaidullah Hospital,take actions,furniture,No Clouds,natural,very important,basic,Traffic accident,1,0,,
518,518,62080,85179,Ras Al Khaimah,Civil Defense Center - Northern Administration,Police and traffic,9/24/2013,2013/09/24-16:17,2013/09/24-16:21,2013/09/24-16:30,9/24/2013 16:33,2013/09/24-16:35,2013/09/24-17:22,Transportation accidents,Deterioration,the person,Public facilities and services,Public places and places,Whisper at the whispering club,Ambulance and rescue,Missing,No Clouds,natural,Important,basic,Traffic accident,4,0,,
519,519,62081,85180,Umm Al Quwain,Raise Center,Police and traffic,9/24/2013,2013/09/24-13:00,2013/09/24-13:05,2013/09/24-13:06,9/24/2013 13:07,2013/09/24-13:08,2013/09/24-13:50,Transportation accidents,Run over,the person,Public facilities and services,Public places and places,"Sheikh Mohammed bin Zayed Street, exit 103 direction towards Ras Al Khaimah",Ambulance and transfer of a person,Cars,No Clouds,natural,Normal,basic,Traffic accident,1,0,,
520,520,62082,85181,Ajman,Civil Defense Center - Administration,Police and traffic,9/24/2013,2013/09/24-15:57,2013/09/24-16:03,2013/09/24-16:09,9/24/2013 16:35,2013/09/24-16:40,2013/09/24-16:45,Transportation accidents,Deterioration,Cars,Means of transport,car,Al -Halaio area/Sheikh Mohammed bin Zayed Street,Directing confined and transferring injured people,Cars,No Clouds,natural,very important,basic,Traffic accident,1,0,,
521,521,62083,85182,Ras Al Khaimah,Civil Defense Center - Administration,Police and traffic,9/24/2013,2013/09/24-17:22,2013/09/24-17:26,2013/09/24-17:27,9/24/2013 17:31,2013/09/24-17:33,2013/09/24-17:59,Transportation accidents,Run over,the person,Public facilities and services,Public places and places,At preventive medicine near Saqr Hospital,Ambulance and transfer of injured and deceased,Missing,No Clouds,natural,Important,basic,Traffic accident,1,0,,
522,522,62084,85183,Ajman,Civil Defense Center - Manama,Police and traffic,9/24/2013,2013/09/24-16:30,2013/09/24-16:35,2013/09/24-16:39,9/24/2013 16:45,2013/09/24-16:50,2013/09/24-16:55,Transportation accidents,Clash,Light,Means of transport,car,The main street in the Suhaila area of the Emirate of Sharjah,Exit and transfer injured people,Cars,No Clouds,natural,very important,basic,Traffic accident,3,0,,
523,523,62087,85186,Umm Al Quwain,Civil Defense Center - Al -Madinah,Police and traffic,9/24/2013,2013/09/24-19:40,2013/09/24-19:41,2013/09/24-19:42,9/24/2013 19:43,2013/09/24-19:44,2013/09/24-19:50,Transportation accidents,Clash,the person,Public facilities and services,Public places and places,Passports Street opposite Sally,Transfer,Bicycle,No Clouds,natural,Normal,basic,Traffic accident,2,0,,
524,524,62101,85200,Al Dhafra,Civil Defense Center - Dalma,Police and traffic,9/25/2013,2013/09/25-15:42,2013/09/25-15:44,2013/09/25-15:55,9/25/2013 15:59,2013/09/25-16:03,2013/09/25-16:30,Transportation accidents,Deterioration,Missing,governmental,governmental,Delma popular green,take actions,furniture,No Clouds,natural,Important,basic,Traffic accident,1,0,,
525,525,62112,85211,Ras Al Khaimah,Civil Defense Center - Administration,Police and traffic,9/26/2013,2013/09/26-10:16,2013/09/26-10:19,2013/09/26-10:20,9/26/2013 10:22,2013/09/26-10:25,2013/09/26-10:46,Transportation accidents,Clash,the person,Other places,Streets and squares,Palm area,Ambulance and transfer of a person,Specific,No Clouds,natural,Important,basic,Traffic accident,1,0,,
526,526,62116,85215,Ras Al Khaimah,Civil Defense Center - Al -Jazeera Al -Hamra,Police and traffic,9/26/2013,2013/09/26-11:46,2013/09/26-11:47,2013/09/26-11:50,9/26/2013 11:51,2013/09/26-11:52,2013/09/26-13:11,Transportation accidents,Clash,the person,Other places,Streets and squares,The Red Island,Ambulance and transfer of a person,Specific,No Clouds,natural,Important,basic,Traffic accident,1,0,,
527,527,62141,85240,Ras Al Khaimah,Civil Defense Center - Al -Jazeera Al -Hamra,Police and traffic,9/27/2013,2013/09/27-15:30,2013/09/27-15:35,2013/09/27-15:38,9/27/2013 15:40,2013/09/27-15:41,2013/09/27-16:10,Transportation accidents,Deterioration,the person,Public facilities and services,Public places and places,The Golan / In exchange for the Emirates transportation,Ambulance and transfer of a person,furniture,No Clouds,natural,very important,basic,Traffic accident,2,0,,
528,528,62146,85245,Ras Al Khaimah,Civil Defense Center - Administration,Police and traffic,9/27/2013,2013/09/27-17:02,2013/09/27-17:15,2013/09/27-17:17,9/27/2013 17:18,2013/09/27-17:19,2013/09/27-18:18,Transportation accidents,Deterioration,the person,tourist,tourist,Sheikh Khalifa Hospital Street,take actions,Missing,No Clouds,natural,very important,basic,it is not determined yet,2,0,,
529,529,62149,85248,Ras Al Khaimah,Civil Defense Center - Administration,Police and traffic,9/27/2013,2013/09/27-20:40,2013/09/27-20:43,2013/09/27-20:45,9/27/2013 20:46,2013/09/27-20:47,2013/09/27-21:35,Transportation accidents,Deterioration,the person,governmental,governmental,Al -Ittihad Street towards Umm Al Quwain,take actions,Missing,No Clouds,natural,very important,basic,Traffic accident,1,0,,
530,530,62153,85252,Ras Al Khaimah,Civil Defense Center - Administration,Police and traffic,9/27/2013,2013/09/27-22:50,2013/09/27-22:53,2013/09/27-22:55,9/27/2013 22:56,2013/09/27-22:57,2013/09/27-23:35,Transportation accidents,Clash,the person,governmental,governmental,In exchange for Al -Manar Center Crimea Street,take actions,Missing,No Clouds,natural,very important,basic,it is not determined yet,2,0,,
531,531,62154,85253,Ras Al Khaimah,Civil Defense Center - Administration,Police and traffic,9/28/2013,2013/09/28-02:36,2013/09/28-02:42,2013/09/28-02:45,9/28/2013 2:46,2013/09/28-02:47,2013/09/28-03:40,Transportation accidents,Deterioration,the person,governmental,governmental,Next to Al -Marjan Island in the Red Island,take actions,furniture,No Clouds,natural,very important,basic,Traffic accident,1,0,,