,Unnamed: 0,rec_id,Accident number,Competent Department,Competent Center,Amount rating,Date of the accident,The date and time of the notification,Date and time of first arrival,Date and time of completion of control,End date and time of the operation,Departure date and time,Date and time of return to the center,Accident Group,Type of accident,Direct damage,Acccident scene category,Accident scene,Accident title,The band's work summary,Activity,Weather condition,Road condition,Priority level,Accident size,The cause of the accident,The number of injured people,The number of deaths in the public,The number of injured members of the force,The number of deaths of members of the force
532,532,62156,85255,Al Dhafra,Civil Defense Center - Liwa,Police and traffic,9/27/2013,2013/09/27-16:15,2013/09/27-16:25,2013/09/27-16:26,9/27/2013 16:56,2013/09/27-16:57,2013/09/27-17:30,Transportation accidents,Deterioration,Missing,Other places,Other places,"The Kasr al -Sarb area, 7 km from the public street",Take bodies,Missing,I did not specify,natural,Important,medium,it is not determined yet,0,1,,
533,533,62159,85258,Ras Al Khaimah,Civil Defense Center - Administration,Police and traffic,9/28/2013,2013/09/28-14:43,2013/09/28-14:50,2013/09/28-14:53,9/28/2013 14:55,2013/09/28-15:10,2013/09/28-15:23,Transportation accidents,Clash,the person,Public facilities and services,Public places and places,Shama Al Rams Street,Ambulance and rescue,Missing,No Clouds,natural,Important,basic,Traffic accident,3,0,,
534,534,62162,85261,Ras Al Khaimah,Civil Defense Center - Administration,The audience,9/28/2013,2013/09/28-20:55,2013/09/28-20:58,2013/09/28-21:00,9/28/2013 21:03,2013/09/28-21:04,2013/09/28-21:19,Transportation accidents,Clash,the person,Public facilities and services,Public places and places,New Communications Street opposite Al Naeem Mall,Ambulance and transfer of a person,Missing,No Clouds,natural,Important,basic,Traffic accident,1,0,,
535,535,62175,85274,Sharjah / Eastern Region,Civil Defense Center - Khor Fakkan,Civil defense departments and centers,9/29/2013,2013/09/29-11:52,2013/09/29-11:53,2013/09/29-11:53,9/29/2013 11:55,2013/09/29-11:59,2013/09/29-12:05,Transportation accidents,Run over,Cars,Other places,Streets and squares,Khor Fakkan - Sheikh Khaled Street,Ambulance,Missing,No Clouds,natural,Normal,basic,Traffic accident,1,0,,
536,536,62178,85277,Ras Al Khaimah,Civil Defense Center - Administration,Police and traffic,9/29/2013,2013/09/29-16:15,2013/09/29-16:19,2013/09/29-16:25,9/29/2013 16:38,2013/09/29-16:42,2013/09/29-16:50,Transportation accidents,Run over,the person,Other places,Streets and squares,"Al -Mairid, next to the Kuwaiti Mosque",Ambulance and transfer of a person,Missing,No Clouds,natural,Normal,basic,it is not determined yet,1,0,,
537,537,62185,85284,Ras Al Khaimah,Civil Defense Center - Al -Jazeera Al -Hamra,Police and traffic,9/29/2013,2013/09/29-20:42,2013/09/29-20:56,2013/09/29-20:59,9/29/2013 21:02,2013/09/29-21:03,2013/09/29-22:37,Transportation accidents,Deterioration,the person,Public facilities and services,Public places and places,Al -Tuwain Street in the direction of the Banyan Tree Hotel,Transfer,governmental,No Clouds,natural,very important,basic,Traffic accident,3,0,,
538,538,62186,85285,Ras Al Khaimah,Civil Defense Center - Administration,Police and traffic,9/29/2013,2013/09/29-22:27,2013/09/29-22:28,2013/09/29-22:30,9/29/2013 22:31,2013/09/29-22:32,2013/09/29-22:50,Transportation accidents,Clash,the person,commercial,commercial,Crimea Street,Transfer,governmental,No Clouds,natural,very important,basic,Traffic accident,1,0,,
539,539,62191,85290,Umm Al Quwain,Civil Defense Center - Administration,Police and traffic,9/29/2013,2013/09/29-17:19,2013/09/29-17:22,2013/09/29-17:23,9/29/2013 17:24,2013/09/29-17:26,2013/09/29-17:30,Transportation accidents,Clash,the person,governmental,governmental,Salama area after Sheikh Khalifa Hospital,Ambulance and rescue,Missing,No Clouds,natural,Normal,basic,Traffic accident,1,0,,
540,540,62195,85294,Ras Al Khaimah,Civil Defense Center - Administration,Police and traffic,9/30/2013,2013/09/30-08:11,2013/09/30-08:15,2013/09/30-08:17,9/30/2013 8:20,2013/09/30-08:30,2013/09/30-08:55,Transportation accidents,Clash,the person,Other places,Streets and squares,Poems,Ambulance and transfer of a person,Specific,No Clouds,natural,very important,basic,Traffic accident,3,0,,
541,541,62200,85299,Ras Al Khaimah,Civil Defense Center - Administration,Police and traffic,9/30/2013,2013/09/30-15:13,2013/09/30-15:18,2013/09/30-15:20,9/30/2013 15:21,2013/09/30-15:23,2013/09/30-15:45,Transportation accidents,Clash,the person,Other places,Streets and squares,Near Saqr Hospital,Ambulance and transfer of a person,Specific,No Clouds,natural,Important,basic,Traffic accident,1,0,,
542,542,62202,85301,Umm Al Quwain,Civil Defense Center - Al -Madinah,Police and traffic,9/30/2013,2013/09/30-17:00,2013/09/30-17:01,2013/09/30-17:03,9/30/2013 17:05,2013/09/30-17:06,2013/09/30-17:20,Transportation accidents,Clash,Cars,Public facilities and services,Public bathrooms,"King Faisal Street, opposite Carrefour, directed the hour roundabout",Ambulance and transfer of a person,Cars,No Clouds,natural,Normal,basic,Traffic accident,1,0,,
543,543,62204,85303,Umm Al Quwain,Civil Defense Center - Administration,Police and traffic,10/1/2013,2013/10/01-00:11,2013/10/01-00:13,2013/10/01-00:14,10/1/2013 0:15,2013/10/01-00:16,2013/10/01-00:45,Transportation accidents,One hundredth,the person,Public facilities and services,Public places and places,Salama area,Ambulance and transfer of a person,Cars,No Clouds,natural,Normal,basic,Traffic accident,1,0,,
544,544,62207,85306,Ras Al Khaimah,Civil Defense Center - Administration,Police and traffic,10/1/2013,2013/10/01-11:25,2013/10/01-11:29,2013/10/01-11:31,10/1/2013 11:33,2013/10/01-11:34,2013/10/01-11:50,Transportation accidents,Clash,the person,Public facilities and services,Public places and places,Mairid Street,Ambulance and transfer of a person,furniture,No Clouds,natural,very important,basic,Traffic accident,1,0,,
545,545,62218,85317,Ras Al Khaimah,Civil Defense Center - Administration,Police and traffic,10/1/2013,2013/10/01-21:28,2013/10/01-21:35,2013/10/01-21:37,10/1/2013 21:39,2013/10/01-21:40,2013/10/01-22:10,Transportation accidents,Clash,the person,Public facilities and services,Public places and places,The two stallions towards the central prison,Ambulance and transfer of a person,furniture,No Clouds,natural,very important,basic,Traffic accident,2,0,,
546,546,62219,85318,Ajman,Civil Defense Center - Administration,The audience,10/1/2013,2013/10/01-22:13,2013/10/01-22:18,2013/10/01-22:23,10/1/2013 22:28,2013/10/01-22:33,2013/10/01-22:38,Transportation accidents,Deterioration,Missing,Other places,unknown,Al Jarf District - Chinese Market,Ambulance and rescue,Missing,No Clouds,natural,Important,basic,Traffic accident,4,0,,
547,547,62226,85325,Umm Al Quwain,Raise Center,Police and traffic,10/2/2013,2013/10/02-13:40,2013/10/02-13:52,2013/10/02-13:53,10/2/2013 13:55,2013/10/02-14:15,2013/10/02-14:45,Transportation accidents,Deterioration,the person,Other places,Streets and squares,"Sheikh Mohammed bin Zayed Street, exit 116 towards Sharjah",Transfer,Cars,No Clouds,natural,Normal,basic,Traffic accident,1,0,,
548,548,62229,85328,Ras Al Khaimah,Civil Defense Center - Administration,Police and traffic,10/2/2013,2013/10/02-17:14,2013/10/02-17:20,2013/10/02-17:22,10/2/2013 17:23,2013/10/02-17:24,2013/10/02-17:50,Transportation accidents,Clash,the person,Public facilities and services,Public places and places,Al -Ghab area near the Eid prayer hall,Ambulance and transfer of a person,Missing,No Clouds,natural,Important,basic,The explosion of the packaging of the fireworks packaging,4,0,,
549,549,62231,85330,Ras Al Khaimah,Civil Defense Center - Administration,Police and traffic,10/2/2013,2013/10/02-18:31,2013/10/02-18:34,2013/10/02-18:37,10/2/2013 18:39,2013/10/02-18:39,2013/10/02-19:05,Transportation accidents,Run over,the person,Public facilities and services,Public places and places,Al -Montaser Street opposite Dubai Islamic Bank,Ambulance and transfer of a person,Missing,No Clouds,natural,Important,basic,Traffic accident,1,0,,
550,550,62235,85334,Abu Dhabi,Civil Defense Center - Al -Falah (Al -Falah City),Civil defense departments and centers,10/2/2013,2013/10/02-21:02,2013/10/02-21:07,2013/10/02-21:20,10/2/2013 21:52,2013/10/02-22:00,2013/10/02-22:30,Transportation accidents,a fire,Cars,governmental,governmental,Sweihan roundabout,take actions,Trade and import,No Clouds,natural,very important,medium,Traffic accident,1,1,,
551,551,62238,85337,Umm Al Quwain,Civil Defense Center - Administration,Police and traffic,10/2/2013,2013/10/02-08:01,2013/10/02-08:05,2013/10/02-08:06,10/2/2013 8:07,2013/10/02-08:12,2013/10/02-08:20,Transportation accidents,Clash,the person,Other places,Streets and squares,King Faisal Street near the Galleh Supermarket,Ambulance and transfer of a person,Missing,No Clouds,natural,Normal,basic,Traffic accident,1,0,,
552,552,62246,85345,Umm Al Quwain,Raise Center,Police and traffic,10/3/2013,2013/10/03-18:28,2013/10/03-18:38,2013/10/03-18:41,10/3/2013 18:43,2013/10/03-18:44,2013/10/03-19:15,Transportation accidents,Clash,Cars,Public facilities and services,Public places and places,Sheikh Mohammed bin Zayed Street near ADNOC Station,Ambulance and transfer of a person,Cars,No Clouds,natural,Normal,basic,Traffic accident,1,0,,
553,553,62248,85347,Ras Al Khaimah,Civil Defense Center - Al -Jazeera Al -Hamra,Police and traffic,10/3/2013,2013/10/03-19:17,2013/10/03-19:20,2013/10/03-19:30,10/3/2013 20:12,2013/10/03-20:30,2013/10/03-20:42,Transportation accidents,Run over,the person,Other places,Streets and squares,In front of the Majan Press - Al -Jazeera Al -Hamra,Ambulance and transfer of a person,Missing,No Clouds,natural,Normal,basic,it is not determined yet,1,0,,
554,554,62249,85348,Fujairah,Civil Defense Center - Administration,Police and traffic,10/3/2013,2013/10/03-20:55,2013/10/03-21:12,2013/10/03-21:13,10/3/2013 21:25,2013/10/03-21:29,2013/10/03-21:47,Transportation accidents,Deterioration,Missing,Public facilities and services,Public places and places,Village - Fujairah,Transfer,Missing,I did not specify,natural,Important,basic,it is not determined yet,2,0,,
555,555,62269,85368,Ras Al Khaimah,Civil Defense Center - Administration,Police and traffic,10/5/2013,2013/10/05-19:31,2013/10/05-19:35,2013/10/05-19:37,10/5/2013 19:38,2013/10/05-19:39,2013/10/05-20:00,Transportation accidents,Clash,the person,governmental,governmental,Al -Sih area,take actions,Missing,No Clouds,natural,very important,basic,Traffic accident,2,0,,
556,556,62277,85376,Ras Al Khaimah,Civil Defense Center - Northern Administration,Police and traffic,10/6/2013,2013/10/06-19:37,2013/10/06-19:41,2013/10/06-19:48,10/6/2013 19:50,2013/10/06-19:53,2013/10/06-20:25,Transportation accidents,Run over,the person,Public facilities and services,Public places and places,Near the Aras Al -Khaima Cooperative Association,Ambulance and transfer of a person,Missing,No Clouds,natural,Important,basic,Traffic accident,1,0,,
557,557,62281,85380,Ras Al Khaimah,Civil Defense Center - Al -Jazeera Al -Hamra,Police and traffic,10/7/2013,2013/10/07-00:54,2013/10/07-00:57,2013/10/07-00:59,10/7/2013 1:00,2013/10/07-01:11,2013/10/07-02:15,Transportation accidents,Clash,the person,Public facilities and services,Public places and places,Al -Jazeera Al -Hamra area opposite the Axia Hotel,Ambulance and transfer of a person,Missing,No Clouds,natural,Important,basic,Traffic accident,5,0,,
558,558,62288,85387,Ras Al Khaimah,Civil Defense Center - Kadra,Police and traffic,10/7/2013,2013/10/07-19:16,2013/10/07-19:26,2013/10/07-19:30,10/7/2013 19:33,2013/10/07-19:35,2013/10/07-20:15,Transportation accidents,Deterioration,the person,governmental,governmental,Sheikh Khalifa Street in Sharjah,Bodies,governmental,No Clouds,natural,very important,medium,Traffic accident,0,1,,
559,559,62298,85397,Ajman,Civil Defense Center - Administration,Police and traffic,10/8/2013,2013/10/08-11:45,2013/10/08-11:50,2013/10/08-11:53,10/8/2013 11:58,2013/10/08-12:37,2013/10/08-12:44,Transportation accidents,One hundredth,Cars,Other places,Other places,Al -Jarf area inside the campus of Ajman University,Fire combat and rescue,Cars,No Clouds,natural,Normal,basic,Traffic accident,1,0,,
560,560,62303,85402,Ras Al Khaimah,Civil Defense Center - Al -Jazeera Al -Hamra,Police and traffic,10/8/2013,2013/10/08-17:15,2013/10/08-17:19,2013/10/08-17:22,10/8/2013 17:23,2013/10/08-17:24,2013/10/08-18:15,Transportation accidents,Clash,the person,Other places,Streets and squares,The Red Island,Ambulance and transfer of a person,Specific,No Clouds,natural,Important,basic,Traffic accident,2,0,,
561,561,62313,85412,Ras Al Khaimah,Civil Defense Center - Al -Jazeera Al -Hamra,Police and traffic,10/9/2013,2013/10/09-03:23,2013/10/09-03:26,2013/10/09-03:28,10/9/2013 3:32,2013/10/09-03:36,2013/10/09-04:22,Transportation accidents,Deterioration,the person,Other places,Streets and squares,Al -Jazeera Al -Hamra area,Ambulance and transfer of a person,Specific,No Clouds,natural,Important,basic,Traffic accident,1,0,,
562,562,62317,85416,Umm Al Quwain,Raise Center,Police and traffic,10/9/2013,2013/10/09-11:47,2013/10/09-12:02,2013/10/09-12:04,10/9/2013 12:05,2013/10/09-12:06,2013/10/09-12:45,Transportation accidents,Deterioration,Cars,Public facilities and services,Public places and places,"Sheikh Mohammed bin Zayed Street, exit 110 towards Ras Al Khaimah",Transfer,Cars,No Clouds,natural,Normal,basic,Traffic accident,2,0,,
563,563,62321,85420,Ras Al Khaimah,Civil Defense Center - Administration,The audience,10/9/2013,2013/10/09-09:14,2013/10/09-09:19,2013/10/09-09:21,10/9/2013 9:22,2013/10/09-09:23,2013/10/09-09:55,Transportation accidents,Clash,the person,governmental,governmental,Al -Mairid area,take actions,Missing,No Clouds,natural,very important,basic,it is not determined yet,4,0,,
564,564,62322,85421,Ras Al Khaimah,Civil Defense Center - Administration,The audience,10/9/2013,2013/10/09-11:49,2013/10/09-11:54,2013/10/09-11:57,10/9/2013 11:58,2013/10/09-11:59,2013/10/09-12:45,Transportation accidents,Clash,the person,governmental,governmental,Passports Street,take actions,Missing,No Clouds,natural,very important,basic,Traffic accident,5,0,,
565,565,62323,85422,Ras Al Khaimah,Civil Defense Center - Administration,Police and traffic,10/9/2013,2013/10/09-12:06,2013/10/09-12:11,2013/10/09-12:14,10/9/2013 12:15,2013/10/09-12:16,2013/10/09-12:45,Transportation accidents,Clash,the person,governmental,governmental,Behind Sarramic Ras Al Khaimah,take actions,Missing,No Clouds,natural,very important,basic,Traffic accident,1,0,,
566,566,62324,85423,Ras Al Khaimah,Civil Defense Center - Administration,Police and traffic,10/9/2013,2013/10/09-12:58,2013/10/09-13:03,2013/10/09-13:05,10/9/2013 13:06,2013/10/09-13:07,2013/10/09-13:35,Transportation accidents,Clash,the person,governmental,governmental,Palm area,take actions,Missing,No Clouds,natural,very important,basic,Traffic accident,2,0,,
567,567,62330,85429,Ras Al Khaimah,Civil Defense Center - Administration,Civil defense departments and centers,10/9/2013,2013/10/09-05:00,2013/10/09-05:05,2013/10/09-05:08,10/9/2013 5:09,2013/10/09-05:10,2013/10/09-05:50,Transportation accidents,Clash,the person,governmental,governmental,Al -Fella Street,take actions,Missing,No Clouds,natural,very important,basic,Traffic accident,1,0,,
568,568,62333,85432,Umm Al Quwain,Civil Defense Center - Al -Madinah,Police and traffic,10/9/2013,2013/10/09-21:32,2013/10/09-21:35,2013/10/09-21:36,10/9/2013 21:37,2013/10/09-21:38,2013/10/09-22:02,Transportation accidents,Clash,Cars,Public facilities and services,Public places and places,Sheikh Ahmed bin Rashid Street opposite Sheikh Rashid Palace,Ambulance and transfer of a person,Cars,No Clouds,natural,Normal,basic,Traffic accident,1,0,,
569,569,62335,85434,Ras Al Khaimah,Civil Defense Center - Administration,Police and traffic,10/9/2013,2013/10/09-20:15,2013/10/09-20:18,2013/10/09-20:20,10/9/2013 20:22,2013/10/09-22:23,2013/10/09-22:50,Transportation accidents,Clash,the person,Public facilities and services,Public places and places,Al -Qawasim Street,Ambulance and transfer of a person,furniture,No Clouds,natural,very important,basic,Traffic accident,2,0,,
570,570,62336,85435,Ras Al Khaimah,Civil Defense Center - Administration,The audience,10/9/2013,2013/10/09-21:00,2013/10/09-21:06,2013/10/09-21:09,10/9/2013 21:10,2013/10/09-21:11,2013/10/09-21:50,Transportation accidents,Deterioration,the person,Public facilities and services,Public places and places,Al -Falaiya Street,Ambulance and transfer of a person,furniture,No Clouds,natural,very important,basic,Traffic accident,1,0,,
571,571,62339,85438,Ras Al Khaimah,Civil Defense Center - Al -Jazeera Al -Hamra,Police and traffic,10/9/2013,2013/10/09-23:41,2013/10/09-23:46,2013/10/09-23:49,10/9/2013 23:50,2013/10/09-23:51,2013/10/10-00:20,Transportation accidents,Deterioration,the person,Public facilities and services,Public places and places,Riffa Street,Ambulance and transfer of a person,furniture,No Clouds,natural,very important,basic,Traffic accident,1,0,,
572,572,62341,85440,Ras Al Khaimah,Civil Defense Center - Al -Jazeera Al -Hamra,Police and traffic,10/10/2013,2013/10/10-04:54,2013/10/10-04:57,2013/10/10-04:59,10/10/2013 5:01,2013/10/10-05:02,2013/10/10-06:20,Transportation accidents,Clash,the person,Public facilities and services,Public places and places,Al -Jazeera Al -Hamra near Al Hamra Hotel,Ambulance and transfer of a person,furniture,No Clouds,natural,very important,basic,Traffic accident,1,0,,
573,573,62354,85453,Ras Al Khaimah,Civil Defense Center - Administration,Police and traffic,10/11/2013,2013/10/11-04:34,2013/10/11-04:42,2013/10/11-04:44,10/11/2013 4:45,2013/10/11-04:46,2013/10/11-05:25,Transportation accidents,Deterioration,the person,Public facilities and services,Public places and places,Sheikh Mohammed bin Zayed Street,Transfer,governmental,No Clouds,natural,very important,basic,Traffic accident,1,0,,
574,574,62358,85457,Umm Al Quwain,Civil Defense Center - Al -Madinah,Police and traffic,10/11/2013,2013/10/11-12:03,2013/10/11-12:06,2013/10/11-12:07,10/11/2013 12:08,2013/10/11-12:15,2013/10/11-12:30,Transportation accidents,Clash,the person,Other places,Streets and squares,Al -Balad region opposite the cemetery (Corniche),Transfer,Missing,No Clouds,natural,Normal,basic,Traffic accident,1,0,,
575,575,62387,85486,Ras Al Khaimah,Civil Defense Center - Administration,Police and traffic,10/13/2013,2013/10/13-16:40,2013/10/13-16:44,2013/10/13-16:47,10/13/2013 16:48,2013/10/13-16:49,2013/10/13-17:20,Transportation accidents,One hundredth,the person,Public facilities and services,Public places and places,Shaml Street for a lounge for joys,Ambulance and transfer of a person,furniture,No Clouds,natural,very important,basic,Traffic accident,1,0,,
576,576,62396,85495,Ras Al Khaimah,Civil Defense Center - Administration,Police and traffic,10/13/2013,2013/10/13-19:45,2013/10/13-19:50,2013/10/13-19:53,10/13/2013 19:55,2013/10/13-19:56,2013/10/13-20:20,Transportation accidents,Clash,the person,Public facilities and services,Public places and places,Julphar Street (Gulf Markets),Ambulance and transfer of a person,furniture,No Clouds,natural,very important,basic,Traffic accident,1,0,,
577,577,62403,85502,Abu Dhabi,Civil Defense Center - Al Samha,Police and traffic,10/10/2013,2013/10/10-12:30,2013/10/10-12:35,2013/10/10-12:45,10/10/2013 12:55,2013/10/10-13:15,2013/10/10-13:30,Transportation accidents,Deterioration,Cars,Other places,Streets and squares,After the long bridge towards Dubai,take actions,Cars,No Clouds,natural,Normal,basic,it is not determined yet,0,0,,
578,578,62417,85516,Umm Al Quwain,Civil Defense Center - Administration,Police and traffic,10/14/2013,2013/10/14-23:04,2013/10/14-23:19,2013/10/14-23:22,10/14/2013 23:23,2013/10/14-23:30,2013/10/15-00:10,Transportation accidents,Clash,the person,Other places,Streets and squares,Emirates Street near a 427 column towards Ras Al Khaimah,Transfer of injured and deceased,Missing,No Clouds,natural,unclassified,medium,Traffic accident,3,1,,
579,579,62419,85518,Ras Al Khaimah,Civil Defense Center - Administration,Police and traffic,10/15/2013,2013/10/15-03:49,2013/10/15-03:52,2013/10/15-03:59,10/15/2013 4:06,2013/10/15-04:10,2013/10/15-04:40,Transportation accidents,One hundredth,the person,Public facilities and services,Public places and places,Al -Hosn Street inside the Lulu Roundabout,Ambulance and transfer of a person,Missing,No Clouds,natural,Important,basic,Traffic accident,5,0,,
580,580,62424,85523,Umm Al Quwain,Raise Center,Police and traffic,10/15/2013,2013/10/15-15:16,2013/10/15-15:19,2013/10/15-15:20,10/15/2013 15:21,2013/10/15-15:22,2013/10/15-15:49,Transportation accidents,Clash,Cars,Public facilities and services,Public places and places,Umm Al -Thawab area,Ambulance and transfer of a person,Cars,No Clouds,natural,Normal,basic,Traffic accident,1,0,,
581,581,62425,85524,Eye,Civil Defense Center - Al -Khaza,Civil defense departments and centers,10/15/2013,2013/10/15-14:30,2013/10/15-14:32,2013/10/15-14:44,10/15/2013 15:13,2013/10/15-15:27,2013/10/15-15:30,Transportation accidents,Clash,Cars,Means of transport,car,In exchange for the Civil Defense Center Al -Khaznah,Conquest,Cars,No Clouds,natural,Important,medium,it is not determined yet,3,2,,
582,582,62434,85533,Ras Al Khaimah,Civil Defense Center - Administration,Police and traffic,10/15/2013,2013/10/15-09:42,2013/10/15-09:47,2013/10/15-09:50,10/15/2013 9:55,2013/10/15-09:58,2013/10/15-10:33,Transportation accidents,Run over,the person,governmental,governmental,Golan region - opposite Sas supermarket,Ambulance and transfer of a person,Missing,No Clouds,natural,very important,basic,Traffic accident,1,0,,
583,583,62435,85534,Ras Al Khaimah,Civil Defense Center - Al -Jazeera Al -Hamra,Police and traffic,10/15/2013,2013/10/15-22:27,2013/10/15-22:32,2013/10/15-22:36,10/15/2013 22:39,2013/10/15-22:44,2013/10/15-23:17,Transportation accidents,Clash,the person,governmental,governmental,Near the roundabout of Sheikh Mohammed bin Zayed Street,Ambulance and transfer of a person,Missing,No Clouds,natural,very important,basic,Traffic accident,1,0,,
584,584,62474,85573,Ras Al Khaimah,Civil Defense Center - Kadra,Police and traffic,10/18/2013,2013/10/18-10:56,2013/10/18-11:37,2013/10/18-11:46,10/18/2013 11:49,2013/10/18-11:51,2013/10/18-12:11,Transportation accidents,Deterioration,the person,Public facilities and services,Public places and places,Al -Mana Street,Ambulance and rescue,Missing,No Clouds,natural,Important,basic,Traffic accident,1,0,,
585,585,62494,85593,Ras Al Khaimah,Civil Defense Center - Administration,Police and traffic,10/19/2013,2013/10/19-11:34,2013/10/19-11:39,2013/10/19-11:41,10/19/2013 11:42,2013/10/19-11:43,2013/10/19-12:25,Transportation accidents,Clash,the person,Public facilities and services,Public places and places,Al -Seha is near Sheikh Saud's house,Transfer,governmental,No Clouds,natural,very important,basic,Traffic accident,1,0,,
586,586,62505,85604,Ras Al Khaimah,Civil Defense Center - Administration,Police and traffic,10/19/2013,2013/10/19-22:36,2013/10/19-22:41,2013/10/19-22:42,10/19/2013 22:43,2013/10/19-22:44,2013/10/19-23:20,Transportation accidents,Clash,the person,residential,residential,Al -Barirat opposite Ras Al Khaimah Club,Transfer,governmental,No Clouds,natural,Important,basic,Traffic accident,3,0,,
587,587,62509,85608,Ras Al Khaimah,Civil Defense Center - Administration,Police and traffic,10/20/2013,2013/10/20-08:02,2013/10/20-08:06,2013/10/20-08:07,10/20/2013 8:09,2013/10/20-08:11,2013/10/20-08:40,Transportation accidents,Clash,the person,Other places,Streets and squares,Golan area,Ambulance and transfer of a person,Specific,No Clouds,natural,Important,basic,Traffic accident,1,0,,
588,588,62519,85618,Ras Al Khaimah,Civil Defense Center - Administration,Police and traffic,10/20/2013,2013/10/20-20:12,2013/10/20-20:17,2013/10/20-20:17,10/20/2013 20:20,2013/10/20-20:23,2013/10/20-20:43,Transportation accidents,Clash,the person,Other places,Streets and squares,Globe,Ambulance and transfer of a person,Specific,No Clouds,natural,Important,basic,Traffic accident,1,0,,
589,589,62521,85620,Ras Al Khaimah,Civil Defense Center - Kadra,Police and traffic,10/20/2013,2013/10/20-11:12,2013/10/20-11:16,2013/10/20-11:17,10/20/2013 11:18,2013/10/20-11:20,2013/10/21-12:11,Transportation accidents,Clash,the person,Other places,Streets and squares,Sheikh Khalifa Street Roundabout,take actions,Missing,No Clouds,natural,Important,basic,Traffic accident,1,0,,
590,590,62525,85624,Ras Al Khaimah,Civil Defense Center - Administration,Civil defense departments and centers,10/21/2013,2013/10/21-07:29,2013/10/21-07:32,2013/10/21-07:33,10/21/2013 7:34,2013/10/21-07:37,2013/10/21-07:58,Transportation accidents,Clash,the person,Public facilities and services,Public places and places,Palm,Ambulance and transfer of a person,Missing,No Clouds,natural,very important,basic,Traffic accident,1,0,,
591,591,62535,85634,Ras Al Khaimah,Civil Defense Center - Administration,Police and traffic,10/22/2013,2013/10/22-03:30,2013/10/22-03:35,2013/10/22-03:37,10/22/2013 3:39,2013/10/22-03:40,2013/10/22-03:59,Transportation accidents,Deterioration,the person,governmental,governmental,Julpar,take actions,Missing,No Clouds,natural,very important,basic,Traffic accident,1,0,,
592,592,62537,85636,Ras Al Khaimah,Civil Defense Center - Administration,The audience,10/22/2013,2013/10/22-07:30,2013/10/22-07:34,2013/10/22-07:40,10/22/2013 7:43,2013/10/22-07:45,2013/10/22-08:00,Transportation accidents,Clash,the person,Public facilities and services,Public places and places,Arab region,Ambulance and rescue,Missing,No Clouds,natural,Important,basic,Traffic accident,2,0,,
593,593,62538,85637,Ras Al Khaimah,Civil Defense Center - Administration,Civil defense departments and centers,10/22/2013,2013/10/22-08:24,2013/10/22-08:29,2013/10/22-08:34,10/22/2013 8:36,2013/10/22-08:40,2013/10/22-09:00,Transportation accidents,Clash,the person,Public facilities and services,Public places and places,Surname,Ambulance and transfer of a person,Missing,No Clouds,natural,Important,basic,Traffic accident,2,0,,
594,594,62560,85659,Sharjah,Civil Defense Center - Al Hamriyah,Police and traffic,10/23/2013,2013/10/23-09:24,2013/10/23-09:37,2013/10/23-09:44,10/23/2013 9:57,2013/10/23-10:15,2013/10/23-10:30,Transportation accidents,Clash,Cars,Means of transport,Methods and transport facilities,Emirates Street,Directing and transporting bodies,Cars,No Clouds,natural,Important,medium,it is not determined yet,0,1,,
595,595,62562,85661,Ras Al Khaimah,Civil Defense Center - Administration,Police and traffic,10/23/2013,2013/10/23-13:58,2013/10/23-13:59,2013/10/23-14:05,10/23/2013 14:08,2013/10/23-14:10,2013/10/23-14:26,Transportation accidents,Run over,the person,Other places,Streets and squares,Behind the Ras Al Khaimah Museum,Ambulance and transfer of a person,Missing,No Clouds,natural,very important,basic,it is not determined yet,1,0,,