,Unnamed: 0,rec_id,Accident number,Competent Department,Competent Center,Amount rating,Date of the accident,The date and time of the notification,Date and time of first arrival,Date and time of completion of control,End date and time of the operation,Departure date and time,Date and time of return to the center,Accident Group,Type of accident,Direct damage,Acccident scene category,Accident scene,Accident title,The band's work summary,Activity,Weather condition,Road condition,Priority level,Accident size,The cause of the accident,The number of injured people,The number of deaths in the public,The number of injured members of the force,The number of deaths of members of the force
727,727,63322,86421,Ras Al Khaimah,Civil Defense Center - Administration,Police and traffic,12/6/2013,2013/12/06-00:08,2013/12/06-00:12,2013/12/06-00:14,12/6/2013 0:16,2013/12/06-00:17,2013/12/06-00:55,Transportation accidents,Clash,the person,residential,residential,Al -Shorisha before the Gulf markets,Transfer,governmental,No Clouds,natural,very important,basic,Traffic accident,2,0,,
728,728,63325,86424,Ras Al Khaimah,Civil Defense Center - Administration,Police and traffic,12/6/2013,2013/12/06-06:52,2013/12/06-07:02,2013/12/06-07:05,12/6/2013 7:08,2013/12/06-07:10,2013/12/06-07:40,Transportation accidents,One hundredth,the person,Other places,Streets and squares,Shamal Al Rams Street - next to the Bengali School,Ambulance and transfer of a person,Missing,No Clouds,natural,very important,basic,Traffic accident,1,0,,
729,729,63330,86429,Abu Dhabi,Civil Defense Center - Shakhbout City,Civil defense departments and centers,12/6/2013,2013/12/06-07:25,2013/12/06-08:20,2013/12/06-08:50,12/6/2013 9:35,2013/12/06-09:55,2013/12/06-11:00,Transportation accidents,a fire,Cars,Means of transport,car,Intimate road,Fire fighting,Cars,I did not specify,natural,very important,particle,it is not determined yet,0,8,,
730,730,63340,86439,Sharjah / Eastern Region,Civil Defense Center - Kalba,Police and traffic,12/6/2013,2013/12/06-18:20,2013/12/06-18:25,2013/12/06-18:26,12/6/2013 18:27,2013/12/06-18:28,2013/12/06-18:33,Transportation accidents,Deterioration,Missing,governmental,governmental,Kalba City - Al -Madiq Street,Rescue people,Missing,No Clouds,natural,Important,basic,it is not determined yet,8,0,,
731,731,63346,86445,Ras Al Khaimah,Civil Defense Center - Administration,Police and traffic,12/7/2013,2013/12/07-11:31,2013/12/07-11:37,2013/12/07-11:39,12/7/2013 11:43,2013/12/07-11:45,2013/12/07-12:03,Transportation accidents,Clash,the person,Public facilities and services,Public places and places,Al -Falafah Street opposite Italy for marble,Ambulance and transfer of a person,Missing,No Clouds,natural,Important,basic,it is not determined yet,1,0,,
732,732,63347,86446,Ras Al Khaimah,Civil Defense Center - Administration,Police and traffic,12/7/2013,2013/12/07-12:29,2013/12/07-12:36,2013/12/07-12:39,12/7/2013 12:40,2013/12/07-12:42,2013/12/07-13:00,Transportation accidents,Clash,the person,Public facilities and services,Public places and places,Pamphlet,Ambulance and transfer of a person,Missing,No Clouds,natural,Important,basic,Traffic accident,1,0,,
733,733,63348,86447,Umm Al Quwain,Civil Defense Center - Administration,Police and traffic,12/7/2013,2013/12/07-13:15,2013/12/07-13:16,2013/12/07-13:17,12/7/2013 13:20,2013/12/07-13:25,2013/12/07-13:30,Transportation accidents,Clash,the person,governmental,governmental,Salama area,Transfer,Missing,No Clouds,natural,Normal,basic,Traffic accident,1,0,,
734,734,63355,86454,Umm Al Quwain,Civil Defense Center - Al -Madinah,Police and traffic,12/7/2013,2013/12/07-20:43,2013/12/07-20:45,2013/12/07-20:47,12/7/2013 20:50,2013/12/07-20:52,2013/12/07-20:53,Transportation accidents,One hundredth,the person,governmental,governmental,The old country area next to the Ibco station,Transfer,Missing,No Clouds,natural,Normal,basic,Traffic accident,1,0,,
735,735,63357,86456,Umm Al Quwain,Civil Defense Center - Al -Madinah,Police and traffic,12/8/2013,2013/12/08-01:10,2013/12/08-01:12,2013/12/08-01:13,12/8/2013 1:14,2013/12/08-01:15,2013/12/08-01:35,Transportation accidents,Deterioration,the person,governmental,governmental,Near the Sheikh Zayed Mosque,Transfer,Missing,No Clouds,natural,Normal,basic,Traffic accident,1,0,,
736,736,63366,86465,Ras Al Khaimah,Civil Defense Center - Administration,Police and traffic,12/8/2013,2013/12/08-16:25,2013/12/08-16:27,2013/12/08-16:30,12/8/2013 16:31,2013/12/08-16:32,2013/12/08-17:00,Transportation accidents,Clash,the person,governmental,governmental,Al -Mairid,Transfer,governmental,No Clouds,natural,very important,basic,Traffic accident,1,0,,
737,737,63369,86468,Umm Al Quwain,Civil Defense Center - Al -Madinah,Police and traffic,12/8/2013,2013/12/08-23:53,2013/12/08-23:57,2013/12/08-23:58,12/8/2013 23:59,2013/12/09-00:00,2013/12/09-00:30,Transportation accidents,Clash,Cars,Public facilities and services,Public places and places,Guard Street,Ambulance and transfer of a person,governmental,No Clouds,natural,Normal,basic,Traffic accident,1,0,,
738,738,63372,86471,Ras Al Khaimah,Civil Defense Center - Administration,Police and traffic,12/9/2013,2013/12/09-06:32,2013/12/09-06:33,2013/12/09-06:33,12/9/2013 6:35,2013/12/09-06:36,2013/12/09-07:00,Transportation accidents,Clash,the person,commercial,commercial,Al -Montaser Street in Dana,Transfer,governmental,No Clouds,natural,very important,basic,Traffic accident,1,0,,
739,739,63374,86473,Ras Al Khaimah,Civil Defense Center - Administration,Police and traffic,12/9/2013,2013/12/09-09:09,2013/12/09-09:12,2013/12/09-09:13,12/9/2013 9:15,2013/12/09-09:18,2013/12/09-09:45,Transportation accidents,Clash,the person,Other places,Streets and squares,Palm,Ambulance and transfer of a person,Specific,No Clouds,natural,Important,basic,Traffic accident,1,0,,
740,740,63375,86474,Ras Al Khaimah,Civil Defense Center - Administration,Police and traffic,12/9/2013,2013/12/09-09:55,2013/12/09-09:57,2013/12/09-10:00,12/9/2013 10:05,2013/12/09-10:07,2013/12/09-10:35,Transportation accidents,Clash,the person,Other places,Streets and squares,Palm opposite the ambassador supermarket,Ambulance and transfer of a person,bakery,No Clouds,natural,Important,basic,Traffic accident,2,0,,
741,741,63377,86476,Ajman,Civil Defense Center - Administration,The audience,12/9/2013,2013/12/09-11:30,2013/12/09-11:35,2013/12/09-11:40,12/9/2013 11:45,2013/12/09-11:50,2013/12/09-11:55,Transportation accidents,Run over,Missing,Means of transport,Methods and transport facilities,Missing,Ambulance and transfer of a person,Missing,No Clouds,natural,Important,basic,Traffic accident,1,0,,
742,742,63378,86477,Ras Al Khaimah,Civil Defense Center - Administration,Police and traffic,12/9/2013,2013/12/09-12:15,2013/12/09-12:17,2013/12/09-12:19,12/9/2013 12:23,2013/12/09-12:26,2013/12/09-12:55,Transportation accidents,Clash,the person,Other places,Streets and squares,Palm,Ambulance and transfer of a person,Specific,No Clouds,natural,Important,basic,Traffic accident,1,0,,
743,743,63381,86480,Ajman,Civil Defense Center - Administration,The audience,12/9/2013,2013/12/09-13:40,2013/12/09-13:45,2013/12/09-13:50,12/9/2013 13:55,2013/12/09-14:00,2013/12/09-14:05,Transportation accidents,Clash,Missing,Means of transport,Methods and transport facilities,The main street near the GV Bridge,Ambulance and transfer of a person,Missing,No Clouds,natural,Important,basic,Traffic accident,1,0,,
744,744,63383,86482,Ras Al Khaimah,Civil Defense Center - Al -Jazeera Al -Hamra,Police and traffic,12/9/2013,2013/12/09-16:06,2013/12/09-16:12,2013/12/09-16:15,12/9/2013 16:16,2013/12/09-16:17,2013/12/09-17:10,Transportation accidents,Clash,the person,Other places,Streets and squares,The Red Island,Ambulance and transfer of a person,Specific,No Clouds,natural,Important,basic,Traffic accident,1,0,,
745,745,63387,86486,Umm Al Quwain,Civil Defense Center - Administration,Police and traffic,12/10/2013,2013/12/10-07:18,2013/12/10-07:21,2013/12/10-07:24,12/10/2013 7:26,2013/12/10-07:28,2013/12/10-07:35,Transportation accidents,Clash,the person,governmental,governmental,After the horse roundabout towards Salamah,Transfer,Missing,No Clouds,natural,Normal,basic,Traffic accident,1,0,,
746,746,63391,86490,Umm Al Quwain,Civil Defense Center - Administration,Police and traffic,12/10/2013,2013/12/10-14:45,2013/12/10-14:47,2013/12/10-14:48,12/10/2013 14:49,2013/12/10-14:51,2013/12/10-14:53,Transportation accidents,Deterioration,the person,governmental,governmental,Near the navel bridge towards Sharjah,Inspection,Missing,No Clouds,natural,Normal,Limited,Traffic accident,0,0,,
747,747,63394,86493,Umm Al Quwain,Civil Defense Center - Administration,Police and traffic,12/10/2013,2013/12/10-16:00,2013/12/10-16:10,2013/12/10-16:12,12/10/2013 16:14,2013/12/10-16:15,2013/12/10-16:20,Transportation accidents,Deterioration,the person,governmental,governmental,After the Umm al -Thawas roundabout near the third round,Transfer,Missing,No Clouds,natural,Normal,basic,Traffic accident,1,0,,
748,748,63397,86496,Ras Al Khaimah,Civil Defense Center - Administration,Police and traffic,12/10/2013,2013/12/10-18:29,2013/12/10-18:32,2013/12/10-18:36,12/10/2013 18:38,2013/12/10-18:40,2013/12/10-19:32,Transportation accidents,Clash,the person,Public facilities and services,Public places and places,Shukka Street,Ambulance and transfer of a person,Missing,No Clouds,natural,Important,basic,Traffic accident,1,0,,
749,749,63407,86506,Ras Al Khaimah,Civil Defense Center - Administration,Civil defense departments and centers,12/11/2013,2013/12/11-12:00,2013/12/11-12:04,2013/12/11-12:05,12/11/2013 12:07,2013/12/11-12:08,2013/12/11-12:30,Transportation accidents,Clash,the person,governmental,governmental,Palm,take actions,Missing,No Clouds,natural,very important,basic,Traffic accident,1,0,,
750,750,63413,86512,Ras Al Khaimah,Civil Defense Center - Al -Jazeera Al -Hamra,Police and traffic,12/11/2013,2013/12/11-18:35,2013/12/11-18:38,2013/12/11-18:39,12/11/2013 18:42,2013/12/11-18:44,2013/12/11-19:30,Transportation accidents,Clash,the person,tourist,tourist,"Al -Jazeera Al -Hamra, close to the resort of Ibn Majid",Transfer,governmental,No Clouds,natural,very important,basic,Traffic accident,1,0,,
751,751,63414,86513,Ras Al Khaimah,Civil Defense Center - Al -Jazeera Al -Hamra,Civil defense departments and centers,12/11/2013,2013/12/11-19:53,2013/12/11-19:57,2013/12/11-19:59,12/11/2013 20:01,2013/12/11-20:02,2013/12/11-21:00,Transportation accidents,Run over,the person,commercial,commercial,Al -Jazeera Al -Hamra near the Akassia Hotel,Transfer,governmental,No Clouds,natural,very important,basic,Traffic accident,1,0,,
752,752,63423,86522,Ras Al Khaimah,Civil Defense Center - Administration,Police and traffic,12/12/2013,2013/12/12-12:31,2013/12/12-12:33,2013/12/12-12:34,12/12/2013 12:36,2013/12/12-12:38,2013/12/12-13:00,Transportation accidents,Run over,the person,Other places,Streets and squares,Palm area,Ambulance and transfer of a person,Specific,No Clouds,natural,Important,basic,Traffic accident,2,0,,
753,753,63438,86537,Ajman,Civil Defense Center - Administration,Police and traffic,12/13/2013,2013/12/13-09:09,2013/12/13-09:12,2013/12/13-09:13,12/13/2013 9:15,2013/12/13-09:16,2013/12/13-09:55,Transportation accidents,Run over,the person,Other places,Streets and squares,Al -Yawarah area 2 Sheikh Rashid bin Saeed Street,Transfer,Missing,No Clouds,natural,Normal,basic,Traffic accident,1,0,,
754,754,63440,86539,Umm Al Quwain,Civil Defense Center - Administration,Police and traffic,12/13/2013,2013/12/13-13:10,2013/12/13-13:22,2013/12/13-13:26,12/13/2013 13:30,2013/12/13-13:35,2013/12/13-13:40,Transportation accidents,Deterioration,the person,tourist,tourist,"The desert store for bicycles, Sheikh Mohammed Road",Transfer,Missing,No Clouds,natural,Normal,basic,it is not determined yet,1,0,,
755,755,63443,86542,Ras Al Khaimah,Civil Defense Center - Northern Administration,Civil defense departments and centers,12/13/2013,2013/12/13-12:45,2013/12/13-12:50,2013/12/13-12:52,12/13/2013 12:56,2013/12/13-12:57,2013/12/13-13:14,Transportation accidents,Run over,the person,Public facilities and services,Public places and places,Whisper (opposite supermarket),Ambulance and transfer of a person,Missing,No Clouds,natural,Important,basic,Traffic accident,1,0,,
756,756,63451,86550,Ras Al Khaimah,Civil Defense Center - Al -Jazeera Al -Hamra,Police and traffic,12/14/2013,2013/12/14-00:53,2013/12/14-00:58,2013/12/14-01:20,12/14/2013 1:40,2013/12/14-01:58,2013/12/14-02:14,Transportation accidents,Run over,the person,Other places,Streets and squares,Al -Jazeera Al -Hamra - near the dolphin roundabout,Ambulance and transfer of a person,Missing,No Clouds,natural,Normal,basic,it is not determined yet,1,0,,
757,757,63455,86554,Ras Al Khaimah,Civil Defense Center - Al -Jazeera Al -Hamra,Police and traffic,12/14/2013,2013/12/14-07:13,2013/12/14-07:18,2013/12/14-07:20,12/14/2013 7:23,2013/12/14-07:25,2013/12/14-07:57,Transportation accidents,One hundredth,the person,Other places,Streets and squares,Al -Jazeera Al -Hamra next to Al -Jazeera Cemetery,Ambulance and transfer of a person,Missing,No Clouds,natural,very important,basic,Traffic accident,1,0,,
758,758,63456,86555,Umm Al Quwain,Civil Defense Center - Administration,Police and traffic,12/14/2013,2013/12/14-11:33,2013/12/14-11:38,2013/12/14-11:39,12/14/2013 11:40,2013/12/14-11:41,2013/12/14-12:17,Transportation accidents,Clash,Cars,Public facilities and services,Public places and places,Sheikh Mohammed bin Zayed Street opposite Bolland,Transfer,Cars,No Clouds,natural,Normal,basic,Traffic accident,2,0,,
759,759,63462,86561,Umm Al Quwain,Civil Defense Center - Administration,Police and traffic,12/14/2013,2013/12/14-22:48,2013/12/14-22:52,2013/12/14-22:54,12/14/2013 22:55,2013/12/14-22:56,2013/12/14-23:38,Transportation accidents,Clash,Cars,Public facilities and services,Public places and places,"Sheikh Mohammed bin Zaida Road, near the exit 110",Transfer,Cars,No Clouds,natural,Normal,basic,Traffic accident,2,0,,
760,760,63473,86572,Sharjah,Civil Defense Center - Administration,Police and traffic,12/15/2013,2013/12/15-07:34,2013/12/15-07:42,2013/12/15-07:45,12/15/2013 8:15,2013/12/15-08:20,2013/12/15-08:40,Transportation accidents,One hundredth,Cars,commercial,Consumption,Al -Nad area Al Qasimia neighborhood,Talent,Cars,No Clouds,natural,Normal,basic,Traffic accident,0,0,,
761,761,63476,86575,Ras Al Khaimah,Civil Defense Center - Al -Jazeera Al -Hamra,Police and traffic,12/15/2013,2013/12/15-12:52,2013/12/15-13:03,2013/12/15-13:05,12/15/2013 13:05,2013/12/15-13:07,2013/12/15-13:45,Transportation accidents,Deterioration,the person,Other places,Streets and squares,In exchange for the Arab port on the red island,Ambulance and transfer of a person,Specific,No Clouds,natural,Important,basic,it is not determined yet,1,0,,
762,762,63478,86577,Ajman,Civil Defense Center - Administration,The audience,12/15/2013,2013/12/15-17:20,2013/12/15-17:25,2013/12/15-17:30,12/15/2013 17:35,2013/12/15-17:40,2013/12/15-17:45,Transportation accidents,Clash,Missing,Other places,unknown,Al -Rawda area - near whale supermarket,Transfer,Missing,No Clouds,natural,Normal,basic,it is not determined yet,2,0,,
763,763,63480,86579,Ras Al Khaimah,Civil Defense Center - Administration,Police and traffic,12/15/2013,2013/12/15-18:30,2013/12/15-18:36,2013/12/15-18:37,12/15/2013 18:38,2013/12/15-18:39,2013/12/15-19:10,Transportation accidents,Clash,the person,Other places,Streets and squares,Popular Rashid Al -Golan,Ambulance and transfer of a person,bakery,No Clouds,natural,Important,basic,it is not determined yet,2,0,,
764,764,63481,86580,Ajman,Civil Defense Center - Administration,Police and traffic,12/15/2013,2013/12/15-21:15,2013/12/15-21:20,2013/12/15-21:25,12/15/2013 21:30,2013/12/15-21:35,2013/12/15-21:45,Transportation accidents,Clash,Cars,Other places,unknown,Rawda area,Transfer,Missing,No Clouds,natural,Normal,basic,Traffic accident,0,0,,
765,765,63489,86588,Al Dhafra,Civil Defense Center - Ghayathi,Civil defense departments and centers,12/16/2013,2013/12/16-16:45,2013/12/16-17:05,2013/12/16-17:08,12/16/2013 17:10,2013/12/16-17:11,2013/12/16-17:35,Transportation accidents,Deterioration,Cars,Other places,unknown,A car deterioration in the city of Ghayathi,take actions,Cars,No Clouds,natural,Important,basic,Traffic accident,1,0,,
766,766,63492,86591,Fujairah,Civil Defense Center - Masafi,Police and traffic,12/16/2013,2013/12/16-21:28,2013/12/16-21:36,2013/12/16-21:40,12/16/2013 21:41,2013/12/16-21:41,2013/12/16-22:35,Transportation accidents,Deterioration,Cars,governmental,governmental,New Mafia Dibba Street,Transfer,Missing,No Clouds,natural,very important,basic,Traffic accident,2,0,,
767,767,63497,86596,Ras Al Khaimah,Civil Defense Center - Administration,Police and traffic,12/17/2013,2013/12/17-08:32,2013/12/17-08:34,2013/12/17-08:36,12/17/2013 8:37,2013/12/17-08:38,2013/12/17-09:05,Transportation accidents,One hundredth,the person,Public facilities and services,Public places and places,"Al -Uraibi area, after the sapphire salon, in the direction of Saqr Hospital",Ambulance and transfer of injured and deceased,Missing,No Clouds,natural,Important,basic,Traffic accident,1,0,,
768,768,63520,86619,Ras Al Khaimah,Civil Defense Center - Administration,Police and traffic,12/19/2013,2013/12/19-00:00,2013/12/19-00:01,2013/12/19-00:03,12/19/2013 0:04,2013/12/19-00:05,2013/12/19-00:35,Transportation accidents,Clash,the person,Other places,Streets and squares,Near Al -Manar Center,Ambulance and transfer of a person,Specific,No Clouds,natural,Important,basic,Traffic accident,2,0,,
769,769,63521,86620,Dubai,Dignity Center,Police and traffic,12/18/2013,2013/12/18-19:36,2013/12/18-19:40,2013/12/18-19:53,12/18/2013 22:00,2013/12/18-22:00,2013/12/18-22:11,Transportation accidents,Clash,Cars,Means of transport,Various transportation,Bardabi - Zabeel,Fire inspection and cooling,Missing,No Clouds,natural,Important,basic,it is not determined yet,0,0,,
770,770,63532,86631,Ras Al Khaimah,Civil Defense Center - Northern Administration,Civil defense departments and centers,12/19/2013,2013/12/19-12:01,2013/12/19-12:02,2013/12/19-12:15,12/19/2013 12:20,2013/12/19-12:45,2013/12/19-12:55,Transportation accidents,Deterioration,the person,Other places,Streets and squares,Free Zone - Al -Haliya,Ambulance and transfer of a person,Missing,No Clouds,natural,Normal,basic,it is not determined yet,1,0,,
771,771,63536,86635,Ajman,Civil Defense Center - Rumaila,The audience,12/19/2013,2013/12/19-21:00,2013/12/19-21:03,2013/12/19-21:06,12/19/2013 21:07,2013/12/19-21:08,2013/12/19-22:00,Transportation accidents,Run over,the person,Other places,Streets and squares,Al -Rumaiba area for civil real estate,Ambulance and transfer of a person,Missing,No Clouds,natural,unclassified,basic,Traffic accident,1,0,,
772,772,63538,86637,Ras Al Khaimah,Civil Defense Center - Administration,Police and traffic,12/19/2013,2013/12/19-23:31,2013/12/19-23:35,2013/12/19-23:45,12/19/2013 23:50,2013/12/19-23:55,2013/12/20-00:00,Transportation accidents,Run over,Baby,Other places,Streets and squares,Corniche Al -Qawasim,Ambulance and transfer of a person,Missing,No Clouds,natural,Normal,basic,it is not determined yet,1,0,,
773,773,63539,86638,Fujairah,Civil Defense Center - Masafi,Civil defense departments and centers,12/19/2013,2013/12/19-22:43,2013/12/19-22:45,2013/12/19-22:50,12/20/2013 22:55,2013/12/20-23:00,2013/12/20-23:50,Transportation accidents,Clash,Missing,Public facilities and services,Public places and places,Massafi Fujairah,Transfer,Missing,I did not specify,natural,Normal,basic,it is not determined yet,1,0,,
774,774,63543,86642,Abu Dhabi,Civil Defense Center - Al -Maqta,Police and traffic,12/20/2013,2013/12/20-04:47,2013/12/20-04:50,2013/12/20-05:00,12/20/2013 5:45,2013/12/20-05:55,2013/12/20-06:00,Transportation accidents,Deterioration,tank,Means of transport,bridge,On the bridge of the clip,Pulling,Transfer and contracting,No Clouds,natural,Important,basic,Traffic accident,0,0,,
775,775,63552,86651,Ras Al Khaimah,Civil Defense Center - Administration,Police and traffic,12/20/2013,2013/12/20-15:30,2013/12/20-15:35,2013/12/20-15:40,12/20/2013 15:43,2013/12/20-15:45,2013/12/20-16:12,Transportation accidents,Clash,the person,Other places,Streets and squares,Shama Al Rams Street next to the UAE markets,Ambulance and transfer of a person,Missing,No Clouds,natural,very important,basic,Traffic accident,1,0,,
776,776,63568,86667,Ras Al Khaimah,Civil Defense Center - Administration,Police and traffic,12/21/2013,2013/12/21-12:32,2013/12/21-12:37,2013/12/21-12:38,12/21/2013 12:39,2013/12/21-12:40,2013/12/21-13:30,Transportation accidents,Deterioration,the person,governmental,governmental,In front of the Rams Police,take actions,Missing,No Clouds,natural,very important,basic,it is not determined yet,1,0,,
777,777,63573,86672,Ras Al Khaimah,Civil Defense Center - Northern Administration,Police and traffic,12/21/2013,2013/12/21-18:36,2013/12/21-18:41,2013/12/21-18:43,12/21/2013 18:44,2013/12/21-18:46,2013/12/21-19:25,Transportation accidents,Deterioration,the person,Public facilities and services,Public places and places,Rams is popular Rashid,Ambulance and transfer of a person,Missing,No Clouds,natural,Important,basic,Traffic accident,2,0,,
778,778,63581,86680,Ras Al Khaimah,Civil Defense Center - Al -Jazeera Al -Hamra,Police and traffic,12/22/2013,2013/12/22-15:17,2013/12/22-15:22,2013/12/22-15:26,12/22/2013 15:28,2013/12/22-15:30,2013/12/22-16:10,Transportation accidents,Clash,the person,Public facilities and services,Public places and places,Al -Jazeera Al -Hamra near ADNOC Station,Ambulance and transfer of a person,Missing,No Clouds,natural,Important,basic,Traffic accident,2,0,,
779,779,63591,86690,Ras Al Khaimah,Civil Defense Center - Al -Jazeera Al -Hamra,Civil defense departments and centers,12/23/2013,2013/12/23-06:31,2013/12/23-06:35,2013/12/23-06:40,12/23/2013 6:44,2013/12/23-06:45,2013/12/23-07:35,Transportation accidents,Clash,the person,Other places,Streets and squares,Near the Arab port,Ambulance and transfer of a person,Missing,No Clouds,natural,Normal,basic,it is not determined yet,2,0,,
780,780,63594,86693,Al Dhafra,Civil Defense Center - Ghayathi,The audience,12/23/2013,2013/12/23-09:20,2013/12/23-09:25,2013/12/23-09:27,12/23/2013 9:29,2013/12/23-09:30,2013/12/23-09:45,Transportation accidents,One hundredth,the person,governmental,governmental,The accident is a car column by a car,take actions,Electricity,No Clouds,natural,very important,basic,Traffic accident,1,0,,
781,781,63597,86696,Ras Al Khaimah,Civil Defense Center - Administration,The audience,12/23/2013,2013/12/23-16:45,2013/12/23-16:51,2013/12/23-16:53,12/23/2013 16:56,2013/12/23-16:57,2013/12/23-17:23,Transportation accidents,Clash,the person,Other places,Streets and squares,Al -Uraibi District - next to preventive medicine,Ambulance and transfer of a person,Missing,No Clouds,natural,Important,basic,Traffic accident,1,0,,
782,782,63598,86697,Ras Al Khaimah,Civil Defense Center - Administration,Police and traffic,12/23/2013,2013/12/23-21:12,2013/12/23-21:17,2013/12/23-21:20,12/23/2013 21:22,2013/12/23-21:25,2013/12/23-21:50,Transportation accidents,Clash,the person,Other places,Streets and squares,Popular Golan next to Jet gifts,Ambulance and transfer of a person,Missing,No Clouds,natural,Important,basic,Traffic accident,1,0,,
783,783,63607,86706,Fujairah,Civil Defense Center - Al -Taween,Civil defense departments and centers,12/24/2013,2013/12/24-13:30,2013/12/24-13:38,2013/12/24-13:40,12/24/2013 13:43,2013/12/24-13:45,2013/12/24-13:50,Transportation accidents,Clash,Cars,Other places,Streets and squares,Al -Fajr Amara - Al -Tawiyeen Region,take actions,Cars,No Clouds,natural,very important,basic,it is not determined yet,1,0,,
784,784,63618,86717,Sharjah,Madame Unit,Police and traffic,12/25/2013,2013/12/25-07:28,2013/12/25-07:48,2013/12/25-08:10,12/25/2013 8:25,2013/12/25-08:40,2013/12/25-08:50,Transportation accidents,Clash,Cars,Means of transport,car,Nand Nizwa Street towards Sharjah,Ambulance and rescue,Cars,No Clouds,natural,very important,medium,Traffic accident,2,1,,
785,785,63621,86720,Ras Al Khaimah,Civil Defense Center - Administration,Police and traffic,12/25/2013,2013/12/25-12:24,2013/12/25-12:26,2013/12/25-12:28,12/25/2013 12:30,2013/12/25-12:32,2013/12/25-13:15,Transportation accidents,Run over,the person,Public facilities and services,Public places and places,In exchange for Al -Manar Center,Ambulance and transfer of a person,Missing,No Clouds,natural,Important,basic,Traffic accident,1,0,,
786,786,63628,86727,Ras Al Khaimah,Civil Defense Center - Administration,Police and traffic,12/25/2013,2013/12/25-20:12,2013/12/25-20:15,2013/12/25-20:20,12/25/2013 20:32,2013/12/25-20:40,2013/12/25-20:47,Transportation accidents,Clash,the person,Other places,Streets and squares,Al -Montaser Street - Al -Maamoura,Ambulance and transfer of a person,Missing,No Clouds,natural,Normal,basic,it is not determined yet,2,0,,
787,787,63642,86741,Umm Al Quwain,Civil Defense Center - Administration,Police and traffic,12/26/2013,2013/12/26-15:23,2013/12/26-15:26,2013/12/26-15:27,12/26/2013 15:28,2013/12/26-15:29,2013/12/26-15:50,Transportation accidents,Clash,Cars,governmental,governmental,Al -Nifa area near Sheikh Marwan Palace,Ambulance and transfer of a person,governmental,No Clouds,natural,Normal,basic,Traffic accident,2,0,,
788,788,63652,86751,Umm Al Quwain,Civil Defense Center - Administration,Police and traffic,12/26/2013,2013/12/26-23:40,2013/12/26-23:43,2013/12/26-23:44,12/26/2013 23:47,2013/12/26-23:48,2013/12/26-23:55,Transportation accidents,Deterioration,the person,tourist,tourist,Before the navel bridge in the land towards Sharjah,Transfer,Missing,No Clouds,natural,Normal,basic,Traffic accident,2,0,,
789,789,63658,86757,Ajman,Civil Defense Center - Administration,Police and traffic,12/27/2013,2013/12/27-20:20,2013/12/27-20:25,2013/12/27-20:30,12/27/2013 20:35,2013/12/27-20:40,2013/12/27-20:45,Transportation accidents,Clash,Missing,Other places,Other places,Industrial Zone -Gas Signs,Ambulance and transfer of a person,Missing,No Clouds,natural,Normal,basic,it is not determined yet,1,0,,
790,790,63663,86762,Ras Al Khaimah,Civil Defense Center - Administration,Police and traffic,12/27/2013,2013/12/27-01:58,2013/12/27-02:06,2013/12/27-02:08,12/27/2013 2:09,2013/12/27-02:10,2013/12/27-02:59,Transportation accidents,Clash,the person,governmental,governmental,Valley Al -Bayh Al -Sadd,take actions,Missing,No Clouds,natural,very important,basic,it is not determined yet,6,0,,
791,791,63666,86765,Ras Al Khaimah,Civil Defense Center - Administration,Police and traffic,12/27/2013,2013/12/27-07:19,2013/12/27-07:22,2013/12/27-07:24,12/27/2013 7:25,2013/12/27-07:26,2013/12/27-08:01,Transportation accidents,Deterioration,the person,governmental,governmental,Al Montaser Street,take actions,Missing,No Clouds,natural,very important,basic,Traffic accident,1,0,,
792,792,63678,86777,Ras Al Khaimah,Civil Defense Center - Al -Jazeera Al -Hamra,Police and traffic,12/28/2013,2013/12/28-21:26,2013/12/28-21:30,2013/12/28-21:40,12/28/2013 22:05,2013/12/28-22:55,2013/12/28-23:21,Transportation accidents,Clash,the person,Other places,Streets and squares,Mohammed bin Zayed Street - Exit 119,Ambulance and transfer of a person,Missing,No Clouds,natural,Normal,basic,Traffic accident,2,0,,