,Unnamed: 0,rec_id,Accident number,Competent Department,Competent Center,Amount rating,Date of the accident,The date and time of the notification,Date and time of first arrival,Date and time of completion of control,End date and time of the operation,Departure date and time,Date and time of return to the center,Accident Group,Type of accident,Direct damage,Acccident scene category,Accident scene,Accident title,The band's work summary,Activity,Weather condition,Road condition,Priority level,Accident size,The cause of the accident,The number of injured people,The number of deaths in the public,The number of injured members of the force,The number of deaths of members of the force
793,793,63684,86783,Umm Al Quwain,Civil Defense Center - Administration,Police and traffic,12/29/2013,2013/12/29-17:00,2013/12/29-17:03,2013/12/29-17:04,12/29/2013 17:05,2013/12/29-17:06,2013/12/29-17:45,Transportation accidents,Clash,Cars,Public facilities and services,Public places and places,Ramla Street opposite the families of the families,Ambulance and transfer of a person,governmental,No Clouds,natural,Normal,basic,Traffic accident,1,0,,
794,794,63685,86784,Ras Al Khaimah,Civil Defense Center - Al -Jazeera Al -Hamra,Police and traffic,12/29/2013,2013/12/29-14:05,2013/12/29-14:11,2013/12/29-14:14,12/29/2013 14:16,2013/12/29-14:18,2013/12/29-14:44,Transportation accidents,Clash,the person,Other places,Streets and squares,Al -Rifaa area opposite the Prince Restaurant,Ambulance and transfer of a person,Missing,No Clouds,natural,Important,basic,Traffic accident,1,0,,
795,795,63689,86788,Ras Al Khaimah,Civil Defense Center - Administration,Civil defense departments and centers,12/29/2013,2013/12/29-18:40,2013/12/29-18:44,2013/12/29-18:47,12/29/2013 18:50,2013/12/29-19:14,2013/12/29-19:24,Transportation accidents,Clash,the person,governmental,governmental,Palm Street,take actions,Missing,No Clouds,natural,Important,basic,Traffic accident,1,0,,
796,796,63704,86803,Ras Al Khaimah,Civil Defense Center - Administration,Police and traffic,12/30/2013,2013/12/30-12:15,2013/12/30-12:19,2013/12/30-12:21,12/30/2013 12:22,2013/12/30-12:23,2013/12/30-12:57,Transportation accidents,Run over,the person,governmental,governmental,Besides Oman Parts Al -Rams Street,take actions,Missing,No Clouds,natural,very important,basic,Traffic accident,1,0,,
797,797,63707,86806,Ras Al Khaimah,Civil Defense Center - Administration,Police and traffic,12/30/2013,2013/12/30-06:17,2013/12/30-06:19,2013/12/30-06:21,12/30/2013 6:22,2013/12/30-06:23,2013/12/30-07:00,Transportation accidents,Clash,the person,governmental,governmental,"Next to the Diwan Mosque, Mairid area",take actions,Missing,No Clouds,natural,very important,basic,Traffic accident,2,0,,
798,798,63708,86807,Ras Al Khaimah,Civil Defense Center - Administration,Civil defense departments and centers,12/30/2013,2013/12/30-18:23,2013/12/30-18:26,2013/12/30-18:28,12/30/2013 18:29,2013/12/30-18:30,2013/12/30-19:25,Transportation accidents,Clash,the person,governmental,governmental,Al -Jazeera Al -Hamra Al -Ittihad New roundabout,take actions,furniture,No Clouds,natural,very important,basic,Traffic accident,4,0,,
799,799,63714,86813,Ras Al Khaimah,Civil Defense Center - Administration,Police and traffic,12/30/2013,2013/12/30-22:20,2013/12/30-22:25,2013/12/30-22:31,12/30/2013 22:35,2013/12/30-22:36,2013/12/30-23:00,Transportation accidents,Run over,the person,Other places,Streets and squares,Rashid popularity,Ambulance and transfer of a person,Missing,No Clouds,natural,Normal,basic,it is not determined yet,1,0,,
800,800,63722,86821,Ras Al Khaimah,Civil Defense Center - Administration,Police and traffic,12/31/2013,2013/12/31-11:54,2013/12/31-11:58,2013/12/31-12:10,12/31/2013 12:15,2013/12/31-12:16,2013/12/31-12:55,Transportation accidents,Deterioration,the person,Other places,Streets and squares,Golan Street,Ambulance and transfer of a person,Missing,No Clouds,natural,Normal,basic,it is not determined yet,2,0,,
801,801,63723,86822,Ajman,Civil Defense Center - Al -Jarf,Civil defense departments and centers,12/31/2013,2013/12/31-12:08,2013/12/31-12:12,2013/12/31-12:15,12/31/2013 12:23,2013/12/31-12:29,2013/12/31-12:33,Transportation accidents,Deterioration,Missing,Other places,Streets and squares,Al -Jarf area behind the China market,Sand -dropped oil coverage,Missing,No Clouds,natural,Normal,basic,it is not determined yet,0,0,,
802,802,63725,86824,Ras Al Khaimah,Civil Defense Center - Al -Jazeera Al -Hamra,The audience,12/31/2013,2013/12/31-13:25,2013/12/31-13:29,2013/12/31-13:31,12/31/2013 13:35,2013/12/31-13:37,2013/12/31-14:20,Transportation accidents,Clash,Missing,Public facilities and services,Public places and places,Al -Jazeera Al -Hamra (near Al Hamra Mall),Ambulance and transfer of a person,Missing,No Clouds,natural,Important,basic,Traffic accident,3,0,,
803,803,63726,86825,Sharjah / Eastern Region,Civil Defense Center - Kalba,Police and traffic,12/31/2013,2013/12/31-16:13,2013/12/31-16:28,2013/12/31-16:28,12/31/2013 16:28,2013/12/31-16:45,2013/12/31-17:05,Transportation accidents,Deterioration,Cars,Means of transport,car,Wadi El Helou Street (Claba City),take actions,Cars,No Clouds,natural,Normal,medium,it is not determined yet,0,1,,
804,804,63727,86826,Ras Al Khaimah,Civil Defense Center - Northern Administration,The audience,12/31/2013,2013/12/31-16:55,2013/12/31-17:01,2013/12/31-17:06,12/31/2013 17:15,2013/12/31-17:30,2013/12/31-17:40,Transportation accidents,Clash,the person,Other places,Streets and squares,Rams- opposite Al-Qishai Restaurant,Ambulance and transfer of a person,Missing,No Clouds,natural,Normal,basic,Traffic accident,1,0,,
805,805,63733,86832,Ras Al Khaimah,Civil Defense Center - Al -Jazeera Al -Hamra,Police and traffic,1/1/2014,2014/01/01-00:44,2014/01/01-00:48,2014/01/01-00:59,1/1/2014 1:05,2014/01/01-01:15,2014/01/01-01:38,Transportation accidents,Deterioration,the person,Other places,Streets and squares,Al -Jazeera Al -Hamra - near Iceland,Ambulance and transfer of a person,Missing,No Clouds,natural,Normal,basic,it is not determined yet,3,0,,
806,806,63735,86834,Ras Al Khaimah,Civil Defense Center - Administration,Police and traffic,1/1/2014,2014/01/01-06:10,2014/01/01-06:13,2014/01/01-06:25,1/1/2014 6:40,2014/01/01-06:56,2014/01/01-07:03,Transportation accidents,Deterioration,the person,Other places,Streets and squares,Ras Al -Khaimah - near the Bakery of the Spring of Lebanon,Ambulance and transfer of a person,Missing,No Clouds,natural,Normal,basic,it is not determined yet,2,0,,
807,807,63736,86835,Umm Al Quwain,Civil Defense Center - Administration,Police and traffic,1/1/2014,2014/01/01-06:15,2014/01/01-06:33,2014/01/01-06:34,1/1/2014 6:35,2014/01/01-06:40,2014/01/01-07:30,Transportation accidents,Deterioration,the person,Other places,Streets and squares,"Sheikh Mohammed bin Zayed Street, exit 93 towards Ras Al Khaimah",Transfer,Missing,No Clouds,natural,Normal,basic,Traffic accident,1,0,,
808,808,63737,86836,Fujairah,Civil Defense Center - Administration,Civil defense departments and centers,1/1/2014,2014/01/01-01:15,2014/01/01-01:18,2014/01/01-01:20,1/1/2014 1:25,2014/01/01-01:30,2014/01/01-01:35,Transportation accidents,Clash,Cars,Means of transport,car,Al -Safa Street opposite the umbrella area,take actions,Cars,No Clouds,natural,Normal,basic,Traffic accident,3,0,,
809,809,63741,86840,Ras Al Khaimah,Civil Defense Center - Administration,Police and traffic,1/1/2014,2014/01/01-16:41,2014/01/01-16:42,2014/01/01-16:47,1/1/2014 16:50,2014/01/01-16:52,2014/01/01-17:11,Transportation accidents,Deterioration,the person,Other places,Streets and squares,Near Al -Manar Center,Ambulance and transfer of a person,Missing,No Clouds,natural,Important,basic,Traffic accident,1,0,,
810,810,63744,86843,Fujairah,Civil Defense Center - Al -Taween,Police and traffic,1/1/2014,2014/01/01-15:50,2014/01/01-15:55,2014/01/01-15:57,1/1/2014 15:59,2014/01/01-16:05,2014/01/01-16:20,Transportation accidents,Clash,Cars,governmental,governmental,Ear District - Ras Al Khaimah,Ambulance,Missing,No Clouds,natural,very important,medium,Traffic accident,0,1,,
811,811,63749,86848,Fujairah,Civil Defense Center - Dibba,Police and traffic,1/2/2014,2014/01/02-09:10,2014/01/02-09:17,2014/01/02-09:19,1/2/2014 9:21,2014/01/02-09:23,2014/01/02-09:28,Transportation accidents,Clash,Cars,Public facilities and services,Public places and places,Al -Ras Dibba Al -Fujairah area,cooling,Missing,No Clouds,natural,Important,basic,Traffic accident,0,0,,
812,812,63760,86859,Ras Al Khaimah,Civil Defense Center - Administration,Police and traffic,1/2/2014,2014/01/02-09:56,2014/01/02-10:22,2014/01/02-10:24,1/2/2014 10:25,2014/01/02-10:26,2014/01/02-11:00,Transportation accidents,Deterioration,the person,tourist,tourist,Wadi Al -Bayh Borders of Oman,take actions,Missing,No Clouds,natural,very important,basic,it is not determined yet,1,0,,
813,813,63765,86864,Ras Al Khaimah,Civil Defense Center - Administration,Police and traffic,1/2/2014,2014/01/02-19:50,2014/01/02-19:54,2014/01/02-19:56,1/2/2014 19:58,2014/01/02-19:59,2014/01/02-20:27,Transportation accidents,Clash,the person,governmental,governmental,"Near the chicken factory, Kadra",take actions,Missing,No Clouds,natural,very important,medium,Traffic accident,1,1,,
814,814,63770,86869,Ajman,Civil Defense Center - Administration,Police and traffic,1/3/2014,2014/01/03-20:15,2014/01/03-20:18,2014/01/03-20:19,1/3/2014 20:21,2014/01/03-20:42,2014/01/03-20:49,Transportation accidents,Clash,Missing,Other places,Streets and squares,Al -Nuaimia area Al -Faisal Street,Ambulance and transfer of a person,Missing,No Clouds,natural,unclassified,basic,Traffic accident,1,0,,
815,815,63771,86870,Ras Al Khaimah,Civil Defense Center - Administration,Police and traffic,1/3/2014,2014/01/03-19:46,2014/01/03-19:50,2014/01/03-20:00,1/3/2014 20:10,2014/01/03-20:25,2014/01/03-20:30,Transportation accidents,Run over,the person,Other places,Streets and squares,Palm - when indicated,Ambulance and transfer of a person,Missing,No Clouds,natural,Normal,basic,it is not determined yet,1,0,,
816,816,63772,86871,Ras Al Khaimah,Civil Defense Center - Administration,Police and traffic,1/3/2014,2014/01/03-21:20,2014/01/03-21:22,2014/01/03-21:30,1/3/2014 21:40,2014/01/03-21:56,2014/01/03-22:04,Transportation accidents,Clash,the person,Other places,Streets and squares,Sidra - near Khaled Restaurant,Ambulance and transfer of a person,Missing,No Clouds,natural,Normal,basic,Traffic accident,1,0,,
817,817,63774,86873,Al Dhafra,Civil Defense Center - Liwa,Police and traffic,1/3/2014,2014/01/03-16:05,2014/01/03-16:20,2014/01/03-16:25,1/3/2014 16:26,2014/01/03-16:27,2014/01/03-17:15,Transportation accidents,Deterioration,the person,Entertaining and entertaining,Cultural entertainment,"Liwa Mazira, Allyv area",Ambulance and transfer of a person,club,No Clouds,natural,Important,basic,Traffic accident,2,0,,
818,818,63783,86882,Ras Al Khaimah,Civil Defense Center - Administration,Police and traffic,1/4/2014,2014/01/04-12:58,2014/01/04-13:04,2014/01/04-13:06,1/4/2014 13:08,2014/01/04-13:27,2014/01/04-13:35,Transportation accidents,Run over,the person,governmental,governmental,Near the marine criticism,take actions,Missing,No Clouds,natural,Important,basic,Traffic accident,1,0,,
819,819,63803,86902,Fujairah,Civil Defense Center - Administration,Police and traffic,1/5/2014,2014/01/05-14:50,2014/01/05-14:54,2014/01/05-14:56,1/5/2014 14:57,2014/01/05-14:58,2014/01/05-15:02,Transportation accidents,Clash,Cars,Public facilities and services,Public places and places,Sakmkm area,Ambulance and transfer of a person,Missing,No Clouds,natural,Normal,basic,Traffic accident,1,0,,
820,820,63820,86919,Ras Al Khaimah,Civil Defense Center - Administration,Police and traffic,1/6/2014,2014/01/06-17:45,2014/01/06-17:50,2014/01/06-17:59,1/6/2014 18:15,2014/01/06-18:25,2014/01/06-18:30,Transportation accidents,Clash,the person,Other places,Streets and squares,Golan,Ambulance and transfer of a person,Missing,No Clouds,natural,Normal,basic,Traffic accident,1,0,,
821,821,63822,86921,Ras Al Khaimah,Civil Defense Center - Northern Administration,Police and traffic,1/7/2014,2014/01/07-07:58,2014/01/07-08:06,2014/01/07-08:10,1/7/2014 8:13,2014/01/07-08:15,2014/01/07-09:10,Transportation accidents,Deterioration,the person,Other places,Streets and squares,The public street boil,Ambulance and transfer of a person,Missing,No Clouds,natural,Important,basic,Traffic accident,1,0,,
822,822,63824,86923,Ras Al Khaimah,Civil Defense Center - Northern Administration,Police and traffic,1/7/2014,2014/01/07-10:32,2014/01/07-10:37,2014/01/07-10:39,1/7/2014 10:43,2014/01/07-10:44,2014/01/07-11:05,Transportation accidents,Clash,the person,Other places,Streets and squares,Daea Street,Ambulance and transfer of a person,Missing,No Clouds,natural,Important,basic,Traffic accident,1,0,,
823,823,63828,86927,Umm Al Quwain,Civil Defense Center - Al -Madinah,Police and traffic,1/7/2014,2014/01/07-21:01,2014/01/07-21:02,2014/01/07-21:03,1/7/2014 21:03,2014/01/07-21:04,2014/01/07-21:12,Transportation accidents,Run over,the person,governmental,governmental,King Faisal Street opposite Abu Dhabi Bank,Ambulance and transfer of a person,governmental,No Clouds,natural,Normal,basic,Traffic accident,1,0,,
824,824,63835,86934,Ras Al Khaimah,Civil Defense Center - Administration,Police and traffic,1/7/2014,2014/01/07-18:33,2014/01/07-18:43,2014/01/07-18:47,1/7/2014 18:49,2014/01/07-18:51,2014/01/07-19:14,Transportation accidents,Clash,the person,Other places,Streets and squares,Shama Street,Ambulance and transfer of a person,Missing,No Clouds,natural,Important,basic,Traffic accident,1,0,,
825,825,63837,86936,Ras Al Khaimah,Civil Defense Center - Administration,Police and traffic,1/8/2014,2014/01/08-01:25,2014/01/08-01:31,2014/01/08-01:34,1/8/2014 1:36,2014/01/08-01:38,2014/01/08-01:57,Transportation accidents,One hundredth,the person,Other places,Streets and squares,Al -Fanner Roundabout - next to the Golden Restaurant,Ambulance and transfer of a person,Missing,No Clouds,natural,very important,basic,Traffic accident,1,0,,
826,826,63841,86940,Eye,Civil Defense Center - Maqam,Police and traffic,1/8/2014,2014/01/08-04:00,2014/01/08-04:18,2014/01/08-04:20,1/8/2014 4:22,2014/01/08-04:40,2014/01/08-04:50,Transportation accidents,Deterioration,Cars,Means of transport,Methods and transport facilities,Al -Tawa roundabout towards the airport roundabout,Inspection,Missing,No Clouds,natural,Important,medium,it is not determined yet,0,1,,
827,827,63851,86950,Ajman,Civil Defense Center - Administration,Police and traffic,1/8/2014,2014/01/08-20:40,2014/01/08-20:45,2014/01/08-20:50,1/8/2014 20:55,2014/01/08-21:00,2014/01/08-21:05,Transportation accidents,Clash,Missing,Other places,Streets and squares,Khan Sahib area,Transfer of injured and deceased,Missing,No Clouds,natural,Important,basic,Traffic accident,2,0,,
828,828,63864,86963,Fujairah,Civil Defense Center - Administration,Civil defense departments and centers,1/9/2014,2014/01/09-07:45,2014/01/09-07:46,2014/01/09-07:46,1/9/2014 7:47,2014/01/09-08:05,2014/01/09-08:10,Transportation accidents,Clash,Cars,Means of transport,car,Clash,Ambulance,Cars,No Clouds,natural,very important,basic,Traffic accident,1,0,,
829,829,63867,86966,Umm Al Quwain,Civil Defense Center - Administration,Police and traffic,1/9/2014,2014/01/09-16:19,2014/01/09-16:24,2014/01/09-16:25,1/9/2014 16:26,2014/01/09-16:27,2014/01/09-17:30,Transportation accidents,Clash,the person,Other places,Streets and squares,Sheikh Mohammed bin Zayed Street at the exit of the Edinuk Petroleum Station,Transfer,Missing,No Clouds,natural,Normal,basic,Traffic accident,1,0,,
830,830,63871,86970,Fujairah,Civil Defense Center - Dibba,Civil defense departments and centers,1/9/2014,2014/01/09-16:20,2014/01/09-16:25,2014/01/09-16:27,1/9/2014 16:30,2014/01/09-16:35,2014/01/09-16:40,Transportation accidents,Clash,Cars,Means of transport,Light,Al -Faqit region -Dibba Al -Fujairah,take actions,Cars,No Clouds,natural,Important,basic,Traffic accident,3,0,,
831,831,63872,86971,Ras Al Khaimah,Civil Defense Center - Administration,Civil defense departments and centers,1/9/2014,2014/01/09-18:57,2014/01/09-19:02,2014/01/09-19:03,1/9/2014 19:05,2014/01/09-19:06,2014/01/09-19:28,Transportation accidents,Run over,the person,Other places,Streets and squares,"Ras Al -Khaimah, the old, opposite Khaled Restaurant",Ambulance and transfer of a person,Specific,No Clouds,natural,Important,basic,Traffic accident,1,0,,
832,832,63875,86974,Umm Al Quwain,Civil Defense Center - Al -Madinah,Police and traffic,1/9/2014,2014/01/09-22:17,2014/01/09-22:20,2014/01/09-22:21,1/9/2014 22:22,2014/01/09-22:23,2014/01/09-22:33,Transportation accidents,Clash,the person,commercial,Shopping center,King Faisal Street opposite the Manama Hyper Market,Transfer,Missing,No Clouds,natural,Normal,basic,Traffic accident,5,0,,
833,833,63876,86975,Abu Dhabi,Civil Defense Center - Mossafah (M33),Police and traffic,1/9/2014,2014/01/09-15:30,2014/01/09-15:34,2014/01/09-15:50,1/9/2014 16:00,2014/01/09-16:10,2014/01/09-16:30,Transportation accidents,Clash,Cars,Public facilities and services,Public places and places,Oil leak and collision four cars after the bridge complex b,take actions,furniture,No Clouds,natural,very important,basic,Traffic accident,3,0,,
834,834,63880,86979,Ras Al Khaimah,Civil Defense Center - Administration,Police and traffic,1/10/2014,2014/01/10-17:47,2014/01/10-17:48,2014/01/10-17:50,1/10/2014 17:52,2014/01/10-17:55,2014/01/10-18:11,Transportation accidents,Deterioration,the person,Other places,unknown,Awafi area,take actions,furniture,No Clouds,natural,Important,basic,Traffic accident,1,0,,
835,835,63881,86980,Ras Al Khaimah,Civil Defense Center - Administration,Police and traffic,1/10/2014,2014/01/10-19:06,2014/01/10-19:08,2014/01/10-19:12,1/10/2014 19:15,2014/01/10-19:16,2014/01/10-19:50,Transportation accidents,Clash,the person,Other places,Streets and squares,Communications Street,Ambulance and transfer of a person,Missing,No Clouds,natural,very important,basic,Traffic accident,1,0,,
836,836,63884,86983,Ras Al Khaimah,Civil Defense Center - Administration,Police and traffic,1/10/2014,2014/01/10-22:25,2014/01/10-22:28,2014/01/10-22:31,1/10/2014 22:33,2014/01/10-22:35,2014/01/10-23:12,Transportation accidents,Clash,the person,Other places,Streets and squares,Al -Manar Street intersection,Ambulance and transfer of a person,Missing,No Clouds,natural,Important,basic,Traffic accident,1,0,,
837,837,63909,87008,Ras Al Khaimah,Civil Defense Center - Al -Jazeera Al -Hamra,Police and traffic,1/11/2014,2014/01/11-16:23,2014/01/11-16:30,2014/01/11-16:38,1/11/2014 16:42,2014/01/11-16:43,2014/01/11-17:00,Transportation accidents,Deterioration,the person,Other places,Streets and squares,Sheikh Mohammed bin Zayed Street - Balkar from Al -Ittihad University,Ambulance and transfer of a person,Missing,No Clouds,natural,Normal,basic,it is not determined yet,1,0,,
838,838,63919,87018,Ras Al Khaimah,Civil Defense Center - Administration,Police and traffic,1/12/2014,2014/01/12-21:07,2014/01/12-21:10,2014/01/12-21:25,1/12/2014 21:34,2014/01/12-21:45,2014/01/12-21:58,Transportation accidents,Run over,the person,Other places,Streets and squares,Al -Mairid - opposite the IPCO station,Ambulance and transfer of a person,Missing,Clouds,natural,Normal,basic,it is not determined yet,1,0,,
839,839,63922,87021,Ras Al Khaimah,Civil Defense Center - Northern Administration,Police and traffic,1/12/2014,2014/01/12-23:26,2014/01/12-23:29,2014/01/12-23:45,1/12/2014 23:50,2014/01/13-00:00,2014/01/13-00:10,Transportation accidents,Clash,the person,Other places,Streets and squares,In front of his popularity,Ambulance and transfer of a person,Missing,No Clouds,natural,Normal,basic,it is not determined yet,1,0,,
840,840,63933,87032,Ras Al Khaimah,Civil Defense Center - Northern Administration,Police and traffic,1/13/2014,2014/01/13-14:11,2014/01/13-14:19,2014/01/13-14:24,1/13/2014 14:27,2014/01/13-14:29,2014/01/13-14:50,Transportation accidents,Clash,the person,Other places,Streets and squares,Higer in Glila,Ambulance and transfer of a person,Missing,No Clouds,natural,very important,basic,Traffic accident,1,0,,
841,841,63935,87034,Umm Al Quwain,Civil Defense Center - Administration,Police and traffic,1/13/2014,2014/01/13-16:12,2014/01/13-16:14,2014/01/13-16:15,1/13/2014 16:16,2014/01/13-16:17,2014/01/13-16:57,Transportation accidents,Deterioration,the person,Public facilities and services,Public places and places,"UAE Street, Umm Al Quwain",Bodies,Cars,No Clouds,natural,Important,medium,Traffic accident,0,1,,
842,842,63939,87038,Ras Al Khaimah,Civil Defense Center - Al -Jazeera Al -Hamra,Police and traffic,1/13/2014,2014/01/13-19:19,2014/01/13-19:20,2014/01/13-19:25,1/13/2014 19:50,2014/01/13-20:00,2014/01/13-20:20,Transportation accidents,Clash,the person,Other places,Streets and squares,The Red Island,Ambulance and transfer of a person,Specific,No Clouds,natural,Important,basic,Traffic accident,1,0,,
843,843,63946,87045,Ras Al Khaimah,Civil Defense Center - Administration,Police and traffic,1/14/2014,2014/01/14-10:44,2014/01/14-10:50,2014/01/14-10:52,1/14/2014 10:54,2014/01/14-10:55,2014/01/14-13:35,Transportation accidents,Clash,the person,Public facilities and services,Public places and places,Al Qusaidat Street,Ambulance and transfer of a person,furniture,No Clouds,natural,very important,basic,Traffic accident,2,0,,
844,844,63948,87047,Ras Al Khaimah,Civil Defense Center - Administration,Police and traffic,1/14/2014,2014/01/14-11:08,2014/01/14-11:12,2014/01/14-11:16,1/14/2014 11:18,2014/01/14-11:19,2014/01/14-13:35,Transportation accidents,Clash,the person,healthy,hospital,In front of Saqr Hospital portal,Ambulance and transfer of a person,furniture,No Clouds,natural,very important,basic,Traffic accident,1,0,,
845,845,63951,87050,Ras Al Khaimah,Civil Defense Center - Administration,Civil defense departments and centers,1/14/2014,2014/01/14-12:46,2014/01/14-12:51,2014/01/14-12:54,1/14/2014 12:58,2014/01/14-13:02,2014/01/14-13:35,Transportation accidents,Deterioration,the person,governmental,governmental,Al Montaser Street,Ambulance and transfer of a person,Missing,No Clouds,natural,very important,basic,Traffic accident,3,0,,
846,846,63956,87055,Ras Al Khaimah,Civil Defense Center - Administration,Civil defense departments and centers,1/14/2014,2014/01/14-19:31,2014/01/14-19:32,2014/01/14-19:35,1/14/2014 19:37,2014/01/14-19:39,2014/01/14-20:20,Transportation accidents,Deterioration,the person,Public facilities and services,Public places and places,New Communications Street,Ambulance and transfer of a person,Missing,No Clouds,natural,very important,medium,Traffic accident,11,0,,
847,847,63973,87072,Ras Al Khaimah,Civil Defense Center - Administration,Police and traffic,1/15/2014,2014/01/15-18:07,2014/01/15-18:10,2014/01/15-18:20,1/15/2014 18:30,2014/01/15-18:50,2014/01/15-18:55,Transportation accidents,Run over,the person,Other places,Streets and squares,Al -Nakhla - opposite the Al -Manar Center,Ambulance and transfer of a person,Missing,No Clouds,natural,Normal,basic,it is not determined yet,1,0,,
848,848,63974,87073,Ras Al Khaimah,Civil Defense Center - Administration,Police and traffic,1/15/2014,2014/01/15-18:08,2014/01/15-18:12,2014/01/15-18:18,1/15/2014 18:30,2014/01/15-19:00,2014/01/15-19:05,Transportation accidents,Clash,the person,Other places,Streets and squares,Rass Street,Ambulance and transfer of a person,Missing,No Clouds,natural,Normal,medium,it is not determined yet,1,1,,
849,849,63978,87077,Ajman,Civil Defense Center - Administration,Police and traffic,1/15/2014,2014/01/15-21:50,2014/01/15-21:54,2014/01/15-21:56,1/15/2014 22:03,2014/01/15-22:10,2014/01/15-22:15,Transportation accidents,One hundredth,Cars,Other places,Streets and squares,"Al -Rashidiya District, Al -Sheikh Street/ Khalifa",Ambulance and transfer of a person,Missing,No Clouds,natural,Normal,basic,Traffic accident,1,0,,
850,850,63986,87085,Eye,Civil Defense Center - Civil,Police and traffic,1/16/2014,2014/01/16-08:21,2014/01/16-08:30,2014/01/16-09:52,1/16/2014 10:38,2014/01/16-10:43,2014/01/16-10:51,Transportation accidents,Clash,Cars,Means of transport,car,Abu Dhabi Al Ain Road in both directions,take actions,Cars,fog,Crowded,very important,medium,Traffic accident,14,0,,
851,851,63995,87094,Ras Al Khaimah,Civil Defense Center - Administration,Police and traffic,1/16/2014,2014/01/16-21:57,2014/01/16-22:00,2014/01/16-22:05,1/16/2014 22:10,2014/01/16-22:12,2014/01/16-22:35,Transportation accidents,Clash,the person,Other places,Streets and squares,Palm Dubai Islamic Bank,Ambulance and transfer of a person,Specific,No Clouds,natural,Important,basic,Traffic accident,3,0,,
852,852,63996,87095,Ras Al Khaimah,Civil Defense Center - Administration,Police and traffic,1/16/2014,2014/01/16-22:33,2014/01/16-22:38,2014/01/16-22:39,1/16/2014 22:40,2014/01/16-22:42,2014/01/16-23:10,Transportation accidents,Deterioration,the person,Other places,Streets and squares,Al -Mairid,Ambulance and transfer of a person,Specific,No Clouds,natural,Important,basic,Traffic accident,1,0,,
853,853,64002,87101,Ras Al Khaimah,Civil Defense Center - Administration,Police and traffic,1/17/2014,2014/01/17-06:17,2014/01/17-06:22,2014/01/17-06:23,1/17/2014 6:25,2014/01/17-06:28,2014/01/17-06:45,Transportation accidents,One hundredth,the person,Other places,Streets and squares,Palm,Ambulance and transfer of a person,Specific,No Clouds,natural,Important,basic,Traffic accident,1,0,,
854,854,64051,87150,Fujairah,Civil Defense Center - Al -Taween,Police and traffic,1/17/2014,2014/01/17-19:58,2014/01/17-20:05,2014/01/17-21:35,1/17/2014 21:40,2014/01/17-21:41,2014/01/17-22:00,Transportation accidents,Clash,Cars,Other places,Streets and squares,The main street of the head of Ras Al -Khaimah,Recovery and raise a car,Missing,No Clouds,natural,Important,medium,Traffic accident,1,1,,
855,855,64061,87160,Fujairah,Civil Defense Center - Masafi,Police and traffic,1/17/2014,2014/01/17-19:10,2014/01/17-19:15,2014/01/17-19:17,1/17/2014 19:18,2014/01/17-19:19,2014/01/17-19:25,Transportation accidents,Clash,Cars,Other places,Streets and squares,"Friday market, public street, Massafi Fujairah",Ambulance and transfer of a person,Missing,No Clouds,natural,Normal,basic,Traffic accident,1,0,,
856,856,64063,87162,Ras Al Khaimah,Civil Defense Center - Administration,Civil defense departments and centers,1/17/2014,2014/01/17-23:46,2014/01/17-23:47,2014/01/17-23:50,1/17/2014 23:53,2014/01/17-23:55,2014/01/18-00:20,Transportation accidents,Run over,the person,governmental,governmental,Agiving Rak Moon,Ambulance and transfer of injured and deceased,Missing,No Clouds,natural,Important,medium,Traffic accident,2,1,,
857,857,64064,87163,Fujairah,Civil Defense Center - Masafi,Police and traffic,1/17/2014,2014/01/17-23:17,2014/01/17-23:24,2014/01/17-23:34,1/18/2014 23:35,2014/01/18-23:36,2014/01/18-23:46,Transportation accidents,Clash,Cars,Other places,Streets and squares,Dibba Masafi Road,Disturbing injured,Missing,No Clouds,natural,Normal,basic,Traffic accident,1,0,,
858,858,64081,87180,Ras Al Khaimah,Civil Defense Center - Kadra,Police and traffic,1/19/2014,2014/01/19-08:41,2014/01/19-08:50,2014/01/19-08:55,1/19/2014 9:08,2014/01/19-09:10,2014/01/19-09:17,Transportation accidents,Clash,the person,Public facilities and services,Public places and places,Sheikh Khalifa Street towards Fujairah,Ambulance and transfer of a person,Missing,Clouds,natural,Important,basic,Traffic accident,1,0,,