,Unnamed: 0,rec_id,Accident number,Competent Department,Competent Center,Amount rating,Date of the accident,The date and time of the notification,Date and time of first arrival,Date and time of completion of control,End date and time of the operation,Departure date and time,Date and time of return to the center,Accident Group,Type of accident,Direct damage,Acccident scene category,Accident scene,Accident title,The band's work summary,Activity,Weather condition,Road condition,Priority level,Accident size,The cause of the accident,The number of injured people,The number of deaths in the public,The number of injured members of the force,The number of deaths of members of the force
859,859,64086,87185,Umm Al Quwain,Civil Defense Center - Administration,Police and traffic,1/19/2014,2014/01/19-19:30,2014/01/19-19:33,2014/01/19-19:34,1/19/2014 19:35,2014/01/19-19:36,2014/01/19-20:15,Transportation accidents,One hundredth,the person,Public facilities and services,Public places and places,Behind Al Manama Commercial Center,Ambulance and transfer of a person,Cars,No Clouds,natural,Normal,basic,Traffic accident,1,0,,
860,860,64094,87193,Ras Al Khaimah,Civil Defense Center - Administration,Police and traffic,1/20/2014,2014/01/20-08:17,2014/01/20-08:20,2014/01/20-08:22,1/20/2014 8:24,2014/01/20-08:25,2014/01/20-08:56,Transportation accidents,Clash,the person,Public facilities and services,Public places and places,Golan,Ambulance and rescue,Missing,No Clouds,natural,Important,basic,Traffic accident,4,0,,
861,861,64102,87201,Ras Al Khaimah,Civil Defense Center - Al -Jazeera Al -Hamra,Police and traffic,1/21/2014,2014/01/21-01:23,2014/01/21-01:26,2014/01/21-01:28,1/21/2014 1:30,2014/01/21-01:31,2014/01/21-02:00,Transportation accidents,Clash,the person,Public facilities and services,Public places and places,The Red Island,Ambulance and transfer of a person,furniture,No Clouds,natural,very important,basic,Traffic accident,2,0,,
862,862,64106,87205,Umm Al Quwain,Civil Defense Center - Al -Madinah,Police and traffic,1/21/2014,2014/01/21-17:10,2014/01/21-17:12,2014/01/21-17:14,1/21/2014 17:15,2014/01/21-17:16,2014/01/21-17:25,Transportation accidents,Clash,the person,Other places,Streets and squares,The new popularity next to the Choueifat Private School,Transfer,Missing,No Clouds,natural,Normal,basic,Traffic accident,1,0,,
863,863,64118,87217,Ras Al Khaimah,Civil Defense Center - Al -Jazeera Al -Hamra,Police and traffic,1/22/2014,2014/01/22-18:43,2014/01/22-18:52,2014/01/22-18:55,1/22/2014 19:19,2014/01/22-19:22,2014/01/22-19:38,Transportation accidents,Clash,the person,Other places,Streets and squares,Al -Jazeera Al -Hamra near the city supermarket,Ambulance and transfer of a person,Specific,No Clouds,natural,Important,basic,Traffic accident,1,0,,
864,864,64135,87234,Ras Al Khaimah,Civil Defense Center - Administration,Civil defense departments and centers,1/23/2014,2014/01/23-20:42,2014/01/23-20:46,2014/01/23-20:47,1/23/2014 20:49,2014/01/23-20:50,2014/01/23-21:15,Transportation accidents,Clash,the person,governmental,governmental,Golan,Ambulance and transfer of a person,Missing,No Clouds,natural,very important,basic,Traffic accident,1,0,,
865,865,64153,87252,Ras Al Khaimah,Civil Defense Center - Al -Jazeera Al -Hamra,Police and traffic,1/24/2014,2014/01/24-19:54,2014/01/24-19:59,2014/01/24-20:10,1/24/2014 20:25,2014/01/24-20:40,2014/01/24-20:59,Transportation accidents,Clash,the person,Other places,Streets and squares,The red neighbor near the Acacia Hotel,Ambulance and transfer of a person,Missing,No Clouds,natural,Normal,basic,Traffic accident,3,0,,
866,866,64184,87283,Ras Al Khaimah,Civil Defense Center - Administration,Police and traffic,1/27/2014,2014/01/27-13:22,2014/01/27-13:23,2014/01/27-13:26,1/27/2014 13:30,2014/01/27-13:31,2014/01/27-14:09,Transportation accidents,Clash,the person,Other places,Streets and squares,In exchange for the Civil Defense Administration in Ras Al Khaimah,Ambulance and transfer of a person,Missing,No Clouds,natural,Normal,basic,it is not determined yet,1,0,,
867,867,64209,87308,Ras Al Khaimah,Civil Defense Center - Northern Administration,Police and traffic,1/28/2014,2014/01/28-10:48,2014/01/28-10:53,2014/01/28-10:55,1/28/2014 11:00,2014/01/28-11:05,2014/01/28-11:19,Transportation accidents,Clash,the person,Other places,Streets and squares,Salad area,Ambulance and transfer of a person,Specific,No Clouds,natural,very important,basic,Traffic accident,1,0,,
868,868,64210,87309,Al Dhafra,Civil Defense Center - Ghayathi,Civil defense departments and centers,1/28/2014,2014/01/28-12:25,2014/01/28-12:28,2014/01/28-12:34,1/28/2014 12:37,2014/01/28-12:39,2014/01/28-12:50,Transportation accidents,Deterioration,Missing,governmental,governmental,Ghayathi at the new police station,take actions,furniture,No Clouds,natural,very important,basic,Traffic accident,1,0,,
869,869,64217,87316,Ras Al Khaimah,Civil Defense Center - Administration,Police and traffic,1/29/2014,2014/01/29-07:46,2014/01/29-07:48,2014/01/29-07:50,1/29/2014 7:51,2014/01/29-07:52,2014/01/29-08:10,Transportation accidents,Clash,the person,Public facilities and services,Public places and places,Crimea Street,Transfer,governmental,No Clouds,natural,very important,basic,Traffic accident,1,0,,
870,870,64237,87336,Ras Al Khaimah,Civil Defense Center - Administration,Police and traffic,1/30/2014,2014/01/30-15:36,2014/01/30-15:42,2014/01/30-15:46,1/30/2014 15:50,2014/01/30-15:52,2014/01/30-16:25,Transportation accidents,Clash,the person,Other places,Streets and squares,Poems,Ambulance and transfer of a person,Missing,No Clouds,natural,Normal,basic,it is not determined yet,1,0,,
871,871,64245,87344,Ajman,Civil Defense Center - Administration,Civil defense departments and centers,1/31/2014,2014/01/31-00:03,2014/01/31-00:06,2014/01/31-00:07,1/31/2014 0:20,2014/01/31-00:21,2014/01/31-00:49,Transportation accidents,Clash,Cars,Other places,Streets and squares,Near the Suhaila area,Ambulance and rescue,Missing,No Clouds,natural,Normal,basic,it is not determined yet,1,0,,
872,872,64246,87345,Ras Al Khaimah,Civil Defense Center - Al -Jazeera Al -Hamra,Police and traffic,1/31/2014,2014/01/31-00:48,2014/01/31-00:53,2014/01/31-01:12,1/31/2014 1:20,2014/01/31-01:30,2014/01/31-01:44,Transportation accidents,Clash,the person,Other places,Streets and squares,Al -Jazeera Al -Hamra - opposite the Arab Port,Ambulance and transfer of a person,Missing,No Clouds,natural,Normal,basic,Traffic accident,1,0,,
873,873,64248,87347,Ras Al Khaimah,Civil Defense Center - Al -Jazeera Al -Hamra,Police and traffic,1/31/2014,2014/01/31-02:05,2014/01/31-02:15,2014/01/31-02:20,1/31/2014 2:25,2014/01/31-02:40,2014/01/31-02:58,Transportation accidents,Clash,the person,Other places,Streets and squares,Al -Jazeera Al -Hamra opposite the Edinuk station,Ambulance and transfer of a person,Missing,No Clouds,natural,Normal,basic,it is not determined yet,1,0,,
874,874,64251,87350,Al Dhafra,Civil Defense Center - Ghayathi,Police and traffic,1/31/2014,2014/01/31-00:00,2014/01/31-00:25,2014/01/31-00:26,1/31/2014 0:27,2014/01/31-00:28,2014/01/31-01:00,Transportation accidents,One hundredth,animals,Other places,Other places,Bida Al -Mutawa - Ghiathi Road - The General Road,take actions,Missing,No Clouds,natural,Normal,basic,it is not determined yet,5,0,,
875,875,64252,87351,Umm Al Quwain,Civil Defense Center - Administration,Civil defense departments and centers,1/31/2014,2014/01/31-11:39,2014/01/31-11:44,2014/01/31-11:45,1/31/2014 11:46,2014/01/31-11:47,2014/01/31-12:15,Transportation accidents,Deterioration,the person,Public facilities and services,Public places and places,"Sheikh Mohammed bin Zayed Street, exit 93 direction towards Ras Al Khaimah",Ambulance and transfer of a person,Cars,No Clouds,natural,Normal,basic,Traffic accident,1,0,,
876,876,64256,87355,Ras Al Khaimah,Civil Defense Center - Al -Jazeera Al -Hamra,Civil defense departments and centers,1/31/2014,2014/01/31-16:36,2014/01/31-16:42,2014/01/31-16:46,1/31/2014 17:09,2014/01/31-17:13,2014/01/31-17:28,Transportation accidents,Clash,the person,Other places,Streets and squares,"Sheikh /Mohammed bin Zayed Street, exit 119",Ambulance and transfer of a person,Specific,No Clouds,natural,Important,basic,Traffic accident,1,0,,
877,877,64263,87362,Ras Al Khaimah,Civil Defense Center - Administration,Police and traffic,2/1/2014,2014/02/01-03:38,2014/02/01-03:41,2014/02/01-03:45,2/1/2014 3:48,2014/02/01-03:50,2014/02/01-04:22,Transportation accidents,Clash,the person,Other places,Streets and squares,Next to the restaurant and Falefal Abu Naim,Ambulance and transfer of a person,Missing,No Clouds,natural,very important,basic,Traffic accident,2,0,,
878,878,64269,87368,Abu Dhabi,Civil Defense Center - Shakhbout City,Police and traffic,2/1/2014,2014/02/01-17:55,2014/02/01-17:58,2014/02/01-18:04,2/1/2014 18:09,2014/02/01-18:12,2014/02/01-18:18,Transportation accidents,Deterioration,Trucks,Means of transport,Truck,Khalifa b,Remove petroleum materials from the street,Cars,No Clouds,natural,Normal,basic,Traffic accident,1,0,,
879,879,64279,87378,Ras Al Khaimah,Civil Defense Center - Administration,Police and traffic,2/2/2014,2014/02/02-12:21,2014/02/02-12:24,2014/02/02-12:28,2/2/2014 12:32,2014/02/02-12:33,2014/02/02-13:13,Transportation accidents,Clash,the person,Other places,Streets and squares,Svaine Roundabout,Ambulance and transfer of a person,Missing,No Clouds,natural,Normal,basic,it is not determined yet,1,0,,
880,880,64281,87380,Ras Al Khaimah,Civil Defense Center - Administration,Police and traffic,2/2/2014,2014/02/02-13:48,2014/02/02-13:52,2014/02/02-13:57,2/2/2014 14:03,2014/02/02-14:04,2014/02/02-14:36,Transportation accidents,Clash,the person,Other places,Streets and squares,In exchange for the Faculty of Supreme Technology,Ambulance and transfer of a person,Missing,No Clouds,natural,Normal,basic,it is not determined yet,1,0,,
881,881,64288,87387,Ras Al Khaimah,Civil Defense Center - Administration,Civil defense departments and centers,2/2/2014,2014/02/02-18:41,2014/02/02-18:45,2014/02/02-18:52,2/2/2014 19:05,2014/02/02-19:15,2014/02/02-19:30,Transportation accidents,Run over,the person,Other places,Streets and squares,Al -Uraibi,Ambulance and transfer of a person,Missing,No Clouds,natural,Normal,basic,Traffic accident,1,0,,
882,882,64293,87392,Ras Al Khaimah,Civil Defense Center - Administration,Police and traffic,2/3/2014,2014/02/03-14:25,2014/02/03-14:33,2014/02/03-14:36,2/3/2014 14:39,2014/02/03-14:41,2014/02/03-15:12,Transportation accidents,Clash,the person,Other places,Streets and squares,Al -Dhait - Coff Rotana article,Ambulance and transfer of a person,Missing,No Clouds,natural,very important,basic,Traffic accident,1,0,,
883,883,64300,87399,Ras Al Khaimah,Civil Defense Center - Administration,Police and traffic,2/3/2014,2014/02/03-19:43,2014/02/03-19:47,2014/02/03-19:50,2/3/2014 19:53,2014/02/03-19:55,2014/02/03-20:20,Transportation accidents,Deterioration,the person,Other places,Streets and squares,Al -Barirat opposite Ras Al Khaimah Club,Ambulance and transfer of a person,Missing,No Clouds,natural,very important,basic,Traffic accident,1,0,,
884,884,64301,87400,Ras Al Khaimah,Civil Defense Center - Administration,Police and traffic,2/3/2014,2014/02/03-21:31,2014/02/03-21:37,2014/02/03-21:40,2/3/2014 21:44,2014/02/03-21:46,2014/02/03-22:10,Transportation accidents,Clash,the person,Other places,Streets and squares,"Al -Seih area, Sheikh Rashid bin Humaid Street",Ambulance and transfer of a person,Missing,No Clouds,natural,very important,basic,Traffic accident,1,0,,
885,885,64315,87414,Ras Al Khaimah,Civil Defense Center - Administration,Police and traffic,2/4/2014,2014/02/04-23:40,2014/02/04-23:43,2014/02/04-23:45,2/4/2014 23:47,2014/02/04-23:48,2014/02/05-00:09,Transportation accidents,Run over,the person,Public facilities and services,Public places and places,Palm,Ambulance and transfer of a person,furniture,No Clouds,natural,very important,basic,Traffic accident,1,0,,
886,886,64318,87417,Ras Al Khaimah,Civil Defense Center - Al -Jazeera Al -Hamra,Police and traffic,2/5/2014,2014/02/05-01:29,2014/02/05-01:35,2014/02/05-01:38,2/5/2014 1:40,2014/02/05-01:41,2014/02/05-02:30,Transportation accidents,Deterioration,the person,Public facilities and services,Public places and places,"Mohammed bin Zayed Street, after the exit 116 towards Umm Al Quwain",Ambulance and transfer of a person,furniture,No Clouds,natural,very important,medium,Traffic accident,0,1,,
887,887,64319,87418,Abu Dhabi,Rapid Intervention Center - Khalifa A.,he did not specify,2/4/2014,2014/02/04-21:48,2014/02/04-21:55,2014/02/04-22:10,2/4/2014 22:13,2014/02/04-22:41,2014/02/04-22:48,Transportation accidents,Clash,Cars,Public facilities and services,Public places and places,Khalifa area a,take actions,Missing,No Clouds,natural,Important,basic,it is not determined yet,4,0,,
888,888,64320,87419,Abu Dhabi,Rapid Intervention Center - Khalifa A.,he did not specify,2/4/2014,2014/02/04-21:48,2014/02/04-21:55,2014/02/04-22:10,2/4/2014 22:13,2014/02/04-22:41,2014/02/04-22:48,Transportation accidents,Clash,Cars,Public facilities and services,Public places and places,Khalifa area a,take actions,Missing,No Clouds,natural,Important,basic,it is not determined yet,4,0,,
889,889,64323,87422,Al Dhafra,Civil Defense Center - Liwa,Police and traffic,2/5/2014,2014/02/05-07:03,2014/02/05-07:35,2014/02/05-07:36,2/5/2014 7:37,2014/02/05-07:38,2014/02/05-08:50,Transportation accidents,Clash,Cars,Public facilities and services,Public places and places,Liwa the cowardice area,Ambulance and transfer of a person,Cars,No Clouds,natural,Important,basic,Traffic accident,2,0,,
890,890,64326,87425,Ras Al Khaimah,Civil Defense Center - Administration,Police and traffic,2/5/2014,2014/02/05-17:21,2014/02/05-17:26,2014/02/05-17:32,2/5/2014 17:37,2014/02/05-17:38,2014/02/05-18:10,Transportation accidents,Clash,the person,Other places,Streets and squares,Opposite,Ambulance and transfer of a person,Missing,No Clouds,natural,Normal,basic,it is not determined yet,1,0,,
891,891,64328,87427,Ras Al Khaimah,Civil Defense Center - Northern Administration,Police and traffic,2/5/2014,2014/02/05-18:26,2014/02/05-18:31,2014/02/05-18:40,2/5/2014 18:55,2014/02/05-19:10,2014/02/05-19:16,Transportation accidents,Clash,the person,Other places,Streets and squares,Rams opposite the interlock factory,Ambulance and transfer of a person,Missing,No Clouds,natural,Normal,basic,Traffic accident,1,0,,
892,892,64335,87434,Fujairah,Civil Defense Center - Al -Taween,Police and traffic,2/6/2014,2014/02/06-13:03,2014/02/06-13:08,2014/02/06-13:09,2/6/2014 13:35,2014/02/06-13:39,2014/02/06-14:42,Transportation accidents,Deterioration,Cars,governmental,governmental,Wadi Al-Fai District- Al-Tuwaine Street,Directing and transporting injured and deceased,Missing,Dust and wind,natural,very important,medium,Traffic accident,0,1,,
893,893,64337,87436,Ras Al Khaimah,Civil Defense Center - Administration,Police and traffic,2/6/2014,2014/02/06-16:00,2014/02/06-16:04,2014/02/06-16:08,2/6/2014 16:12,2014/02/06-16:15,2014/02/06-16:50,Transportation accidents,Clash,the person,Other places,Streets and squares,Al -Ghab District - next to Sheikh Saud's old house,Ambulance and transfer of a person,Missing,No Clouds,natural,very important,basic,Traffic accident,4,0,,
894,894,64357,87456,Sharjah,Civil Defense Center - Administration,Civil defense departments and centers,2/7/2014,2014/02/07-19:40,2014/02/07-19:44,2014/02/07-20:30,2/7/2014 20:45,2014/02/07-20:50,2014/02/07-20:55,Transportation accidents,Clash,Cars,governmental,governmental,Missing,take actions,furniture,No Clouds,natural,very important,basic,Delight,0,0,,
895,895,64358,87457,Ras Al Khaimah,Civil Defense Center - Administration,Police and traffic,2/8/2014,2014/02/08-08:25,2014/02/08-08:28,2014/02/08-08:31,2/8/2014 8:44,2014/02/08-08:50,2014/02/08-08:57,Transportation accidents,Clash,the person,Other places,Streets and squares,Ras Al -Khaimah opposite the Al -Sahari Restaurant,Ambulance and transfer of a person,Missing,No Clouds,natural,Normal,basic,Traffic accident,2,0,,
896,896,64360,87459,Ras Al Khaimah,Civil Defense Center - Al -Jazeera Al -Hamra,Police and traffic,2/8/2014,2014/02/08-10:35,2014/02/08-10:42,2014/02/08-10:58,2/8/2014 11:10,2014/02/08-11:20,2014/02/08-11:40,Transportation accidents,Run over,the person,Other places,Streets and squares,The Red Island near the Akassia Hotel,Ambulance and transfer of a person,Missing,No Clouds,natural,Normal,basic,Traffic accident,1,0,,
897,897,64368,87467,Ras Al Khaimah,Civil Defense Center - Al -Jazeera Al -Hamra,Police and traffic,2/8/2014,2014/02/08-19:24,2014/02/08-19:29,2014/02/08-19:35,2/8/2014 20:15,2014/02/08-20:30,2014/02/08-20:40,Transportation accidents,Deterioration,the person,Other places,Streets and squares,The Red Island near Aceland,Ambulance and transfer of a person,Missing,No Clouds,natural,Normal,basic,it is not determined yet,1,0,,
898,898,64375,87474,Fujairah,Civil Defense Center - Al -Madinah,Police and traffic,2/9/2014,2014/02/09-06:53,2014/02/09-06:54,2014/02/09-07:10,2/9/2014 7:18,2014/02/09-07:20,2014/02/09-07:30,Transportation accidents,Clash,Cars,governmental,governmental,Tricks,Directing confined and transferring injured people,Missing,Clouds,natural,very important,basic,Traffic accident,3,0,,
899,899,64380,87479,Eye,Civil Defense Center - Civil,Police and traffic,2/9/2014,2014/02/09-15:29,2014/02/09-15:49,2014/02/09-15:59,2/9/2014 16:15,2014/02/09-16:20,2014/02/09-16:39,Transportation accidents,Deterioration,Cars,Means of transport,car,Summ of the public street from Abu Dhabi towards Al Ain,Fire control and cooling,Cars,No Clouds,natural,Normal,basic,Traffic accident,0,0,,
900,900,64383,87482,Fujairah,Civil Defense Center - Dibba,Police and traffic,2/9/2014,2014/02/09-20:15,2014/02/09-20:24,2014/02/09-20:27,2/9/2014 20:30,2014/02/09-20:35,2014/02/09-20:55,Transportation accidents,Clash,Cars,governmental,governmental,Al -Basira region - Dibba Al -Fujairah,Cooling and transferring infected,Missing,No Clouds,natural,very important,basic,Traffic accident,1,0,,
901,901,64385,87484,Ras Al Khaimah,Civil Defense Center - Administration,Police and traffic,2/9/2014,2014/02/09-21:34,2014/02/09-21:38,2014/02/09-21:43,2/9/2014 21:46,2014/02/09-21:48,2014/02/09-22:15,Transportation accidents,Clash,the person,Other places,Streets and squares,Supermarket target roundabout,Ambulance and transfer of a person,Missing,No Clouds,natural,Important,basic,Traffic accident,1,0,,
902,902,64386,87485,Fujairah,Civil Defense Center - Dibba,Police and traffic,2/9/2014,2014/02/09-22:45,2014/02/09-22:53,2014/02/09-22:54,2/9/2014 22:55,2014/02/09-23:00,2014/02/09-23:26,Transportation accidents,Deterioration,Cars,governmental,governmental,Gop District - Dibba Fujairah,Ambulance and transfer of a person,Missing,No Clouds,natural,very important,basic,Traffic accident,1,0,,
903,903,64397,87496,Al Dhafra,Civil Defense Center - Liwa,Police and traffic,2/10/2014,2014/02/10-10:42,2014/02/10-11:00,2014/02/10-11:01,2/10/2014 11:03,2014/02/10-11:04,2014/02/10-12:00,Transportation accidents,Deterioration,Missing,Other places,unknown,"The Arada Road, 14 km from the center",take actions,Cars,No Clouds,natural,Important,basic,Traffic accident,1,0,,
904,904,64404,87503,Fujairah,Civil Defense Center - Dibba,The audience,2/10/2014,2014/02/10-21:30,2014/02/10-21:35,2014/02/10-21:38,2/10/2014 21:39,2014/02/10-21:40,2014/02/10-21:45,Transportation accidents,Clash,Cars,Other places,Streets and squares,Al -Akkamiya Dibba Al -Fujairah,Transfer,Missing,No Clouds,natural,Important,basic,Traffic accident,3,0,,
905,905,64411,87510,Ras Al Khaimah,Civil Defense Center - Administration,Police and traffic,2/11/2014,2014/02/11-13:20,2014/02/11-13:26,2014/02/11-13:29,2/11/2014 13:30,2014/02/11-13:30,2014/02/11-14:50,Transportation accidents,Clash,the person,Public facilities and services,Public places and places,Al -Jazeera Al -Hamra near the Pan Yan Thrie Hotel,Transfer,governmental,No Clouds,natural,very important,basic,Traffic accident,1,0,,
906,906,64412,87511,Ras Al Khaimah,Civil Defense Center - Administration,Police and traffic,2/11/2014,2014/02/11-14:31,2014/02/11-14:39,2014/02/11-14:40,2/11/2014 14:41,2014/02/11-14:42,2014/02/11-15:30,Transportation accidents,Clash,the person,Public facilities and services,Public places and places,Record at the local guard,Transfer,governmental,No Clouds,natural,very important,basic,Traffic accident,1,0,,
907,907,64424,87523,Ras Al Khaimah,Civil Defense Center - Administration,Police and traffic,2/12/2014,2014/02/12-00:38,2014/02/12-00:42,2014/02/12-00:45,2/12/2014 0:46,2014/02/12-00:50,2014/02/12-01:20,Transportation accidents,Deterioration,the person,Public facilities and services,Public places and places,Julpar after Rotana washbasin,Transfer,governmental,No Clouds,natural,very important,basic,Traffic accident,1,0,,
908,908,64427,87526,Ras Al Khaimah,Civil Defense Center - Administration,Police and traffic,2/12/2014,2014/02/12-11:24,2014/02/12-11:26,2014/02/12-11:28,2/12/2014 11:30,2014/02/12-11:32,2014/02/12-11:55,Transportation accidents,Clash,the person,Public facilities and services,Public places and places,The old Ras Al Khaimah area at the Borsley building,Ambulance and transfer of a person,Missing,No Clouds,natural,Important,basic,Traffic accident,1,0,,
909,909,64435,87534,Umm Al Quwain,Civil Defense Center - Administration,Police and traffic,2/12/2014,2014/02/12-20:15,2014/02/12-20:17,2014/02/12-20:18,2/12/2014 20:19,2014/02/12-20:20,2014/02/12-21:47,Transportation accidents,Clash,Cars,Public facilities and services,Public places and places,The external roundabout near the Emirates station,Transfer,Cars,No Clouds,natural,Normal,basic,Traffic accident,2,0,,
910,910,64444,87543,Al Dhafra,Civil Defense Center - Ghayathi,Police and traffic,2/13/2014,2014/02/13-06:50,2014/02/13-07:05,2014/02/13-07:07,2/13/2014 7:08,2014/02/13-07:09,2014/02/13-07:50,Transportation accidents,Deterioration,Cars,Public facilities and services,Public places and places,Ghayathi / Ruwais Ghiathi Road,Ambulance and transfer of a person,Cars,No Clouds,natural,Important,basic,Traffic accident,4,0,,
911,911,64447,87546,Umm Al Quwain,Civil Defense Center - Administration,Police and traffic,2/13/2014,2014/02/13-18:00,2014/02/13-18:03,2014/02/13-18:05,2/13/2014 18:06,2014/02/13-18:07,2014/02/13-18:09,Transportation accidents,Clash,the person,Other places,Streets and squares,After the horse roundabout towards the interior of the Salamah area,Ambulance and transfer of a person,Missing,No Clouds,natural,Normal,basic,Traffic accident,2,0,,
912,912,64449,87548,Ras Al Khaimah,Civil Defense Center - Administration,Police and traffic,2/13/2014,2014/02/13-17:35,2014/02/13-17:40,2014/02/13-17:42,2/13/2014 17:44,2014/02/13-17:45,2014/02/13-18:25,Transportation accidents,Clash,the person,Public facilities and services,Public places and places,Shama Al Rams Street,Ambulance and transfer of a person,furniture,No Clouds,natural,very important,basic,Traffic accident,2,0,,
913,913,64453,87552,Ras Al Khaimah,Civil Defense Center - Administration,Police and traffic,2/13/2014,2014/02/13-21:12,2014/02/13-21:14,2014/02/13-21:16,2/13/2014 21:17,2014/02/13-21:18,2014/02/13-21:55,Transportation accidents,Clash,the person,Other places,Streets and squares,Ras Al Khaimah Bridge Street,Ambulance and transfer of a person,furniture,No Clouds,natural,very important,basic,Traffic accident,1,0,,
914,914,64461,87560,Ras Al Khaimah,Civil Defense Center - Administration,Police and traffic,2/14/2014,2014/02/14-11:31,2014/02/14-11:35,2014/02/14-11:42,2/14/2014 11:48,2014/02/14-11:49,2014/02/14-12:30,Transportation accidents,Clash,the person,Other places,Streets and squares,The poems area,Ambulance and transfer of a person,Missing,No Clouds,natural,Normal,basic,it is not determined yet,1,0,,
915,915,64467,87566,Ras Al Khaimah,Civil Defense Center - Administration,Police and traffic,2/14/2014,2014/02/14-16:19,2014/02/14-16:23,2014/02/14-16:28,2/14/2014 16:31,2014/02/14-16:32,2014/02/14-17:15,Transportation accidents,Clash,the person,Other places,Streets and squares,Golan,Ambulance and transfer of a person,Missing,No Clouds,natural,Normal,basic,it is not determined yet,1,0,,
916,916,64477,87576,Ras Al Khaimah,Civil Defense Center - Al -Jazeera Al -Hamra,Police and traffic,2/14/2014,2014/02/14-21:11,2014/02/14-21:16,2014/02/14-21:37,2/14/2014 21:40,2014/02/14-21:58,2014/02/14-22:19,Transportation accidents,Deterioration,the person,Other places,Streets and squares,In front of Al Hamra Mall,Ambulance and transfer of a person,Missing,No Clouds,natural,Normal,basic,it is not determined yet,1,0,,
917,917,64479,87578,Sharjah / Eastern Region,Civil Defense Center - Kalba,Police and traffic,2/15/2014,2014/02/15-06:10,2014/02/15-06:12,2014/02/15-06:12,2/15/2014 6:14,2014/02/15-06:22,2014/02/15-06:25,Transportation accidents,One hundredth,Cars,governmental,Government department,The Emiri Diwan in Kalba,cooling,governmental,No Clouds,natural,Normal,basic,Traffic accident,1,0,,
918,918,64488,87587,Umm Al Quwain,Civil Defense Center - Administration,Police and traffic,2/15/2014,2014/02/15-16:25,2014/02/15-16:30,2014/02/15-16:31,2/15/2014 16:33,2014/02/15-16:34,2014/02/15-17:00,Transportation accidents,Clash,the person,Public facilities and services,Public places and places,"Sheikh Zayed Street, directed by Falaj Al -Mualla",Ambulance and transfer of a person,Cars,No Clouds,natural,Normal,basic,Traffic accident,1,0,,
919,919,64490,87589,Sharjah,Civil Defense Center - Al Dhaid,Police and traffic,2/15/2014,2014/02/15-17:28,2014/02/15-17:37,2014/02/15-17:40,2/15/2014 17:50,2014/02/15-18:05,2014/02/15-18:20,Transportation accidents,Deterioration,Cars,Means of transport,Methods and transport facilities,From Al -Dhaid to Falaj Al -Mualla,take actions,furniture,No Clouds,natural,Important,medium,it is not determined yet,0,2,,
920,920,64500,87599,Ras Al Khaimah,Civil Defense Center - Administration,Police and traffic,2/16/2014,2014/02/16-10:48,2014/02/16-10:50,2014/02/16-10:52,2/16/2014 10:53,2014/02/16-10:54,2014/02/16-11:50,Transportation accidents,Clash,the person,Public facilities and services,Public places and places,Al -Jazeera Al -Hamra roundabout Al -Ittihad Street,Transfer,governmental,No Clouds,natural,very important,basic,Traffic accident,1,0,,
921,921,64501,87600,Ras Al Khaimah,Civil Defense Center - Al -Jazeera Al -Hamra,Police and traffic,2/16/2014,2014/02/16-12:35,2014/02/16-12:37,2014/02/16-12:39,2/16/2014 12:41,2014/02/16-12:42,2014/02/16-13:25,Transportation accidents,Clash,the person,Other places,Streets and squares,Etihad Street opposite Al Hamra Mall,Ambulance and transfer of a person,furniture,No Clouds,natural,very important,basic,Traffic accident,1,0,,
922,922,64502,87601,Ras Al Khaimah,Civil Defense Center - Administration,Police and traffic,2/16/2014,2014/02/16-13:37,2014/02/16-13:39,2014/02/16-13:43,2/16/2014 13:45,2014/02/16-13:46,2014/02/16-14:05,Transportation accidents,Clash,the person,Other places,Streets and squares,In exchange for the bliss mall,Ambulance and transfer of a person,furniture,No Clouds,natural,very important,basic,Traffic accident,1,0,,
923,923,64508,87607,Ajman,Civil Defense Center - Rumaila,Police and traffic,2/16/2014,2014/02/16-18:10,2014/02/16-18:15,2014/02/16-18:20,2/16/2014 18:25,2014/02/16-18:30,2014/02/16-18:35,Transportation accidents,Deterioration,Missing,Other places,Other places,Missing,Ambulance and transfer of a person,furniture,No Clouds,natural,Important,basic,it is not determined yet,1,0,,