,Unnamed: 0,rec_id,Accident number,Competent Department,Competent Center,Amount rating,Date of the accident,The date and time of the notification,Date and time of first arrival,Date and time of completion of control,End date and time of the operation,Departure date and time,Date and time of return to the center,Accident Group,Type of accident,Direct damage,Acccident scene category,Accident scene,Accident title,The band's work summary,Activity,Weather condition,Road condition,Priority level,Accident size,The cause of the accident,The number of injured people,The number of deaths in the public,The number of injured members of the force,The number of deaths of members of the force
924,924,64513,87612,Ras Al Khaimah,Civil Defense Center - Administration,Police and traffic,2/17/2014,2014/02/17-01:06,2014/02/17-01:09,2014/02/17-01:11,2/17/2014 1:13,2014/02/17-01:14,2014/02/17-01:35,Transportation accidents,Clash,the person,Other places,Streets and squares,Ship,Ambulance and transfer of a person,furniture,No Clouds,natural,very important,basic,Traffic accident,1,0,,
925,925,64517,87616,Ras Al Khaimah,Civil Defense Center - Administration,Police and traffic,2/17/2014,2014/02/17-12:20,2014/02/17-12:24,2014/02/17-12:35,2/17/2014 12:40,2014/02/17-12:44,2014/02/17-12:48,Transportation accidents,Clash,the person,Other places,Streets and squares,Golan,Ambulance and transfer of a person,Missing,No Clouds,natural,Normal,basic,Traffic accident,1,0,,
926,926,64527,87626,Ajman,Civil Defense Center - Administration,Police and traffic,2/17/2014,2014/02/17-21:45,2014/02/17-21:47,2014/02/17-21:50,2/17/2014 21:51,2014/02/17-22:00,2014/02/17-22:04,Transportation accidents,Clash,Cars,Other places,Streets and squares,Ajman Corniche,Ambulance,Missing,No Clouds,natural,very important,basic,it is not determined yet,2,0,,
927,927,64531,87630,Ajman,Civil Defense Center - Administration,Police and traffic,2/18/2014,2014/02/18-08:03,2014/02/18-08:05,2014/02/18-08:10,2/18/2014 8:20,2014/02/18-08:22,2014/02/18-08:26,Transportation accidents,Clash,Cars,Other places,Streets and squares,Mashwaraf commercial area opposite Qinga Rameda,Rescue and transfer injured people,Missing,No Clouds,natural,very important,basic,Traffic accident,1,0,,
928,928,64535,87634,Al Dhafra,Civil Defense Center - Ghayathi,Police and traffic,2/18/2014,2014/02/18-12:15,2014/02/18-12:17,2014/02/18-12:18,2/18/2014 12:19,2014/02/18-12:20,2014/02/18-12:30,Transportation accidents,Deterioration,Cars,Other places,Streets and squares,Ghiathi Road - Ruwais,take actions,Missing,No Clouds,natural,Normal,basic,it is not determined yet,1,0,,
929,929,64537,87636,Ras Al Khaimah,Civil Defense Center - Administration,Civil defense departments and centers,2/18/2014,2014/02/18-12:09,2014/02/18-12:11,2014/02/18-12:15,2/18/2014 12:18,2014/02/18-12:20,2014/02/18-12:57,Transportation accidents,Clash,the person,Other places,Streets and squares,Bin Zahir Center Street,Ambulance and transfer of a person,Missing,No Clouds,natural,very important,basic,Traffic accident,1,0,,
930,930,64568,87667,Umm Al Quwain,Civil Defense Center - Administration,Police and traffic,2/20/2014,2014/02/20-14:30,2014/02/20-14:32,2014/02/20-14:33,2/20/2014 14:33,2014/02/20-14:34,2014/02/20-15:45,Transportation accidents,Deterioration,the person,Other places,Streets and squares,"Emirates Street, near the un.",Transfer,Missing,No Clouds,natural,Normal,basic,Traffic accident,1,0,,
931,931,64569,87668,Ras Al Khaimah,Civil Defense Center - Administration,Police and traffic,2/20/2014,2014/02/20-18:30,2014/02/20-18:35,2014/02/20-18:45,2/20/2014 18:50,2014/02/20-19:05,2014/02/20-19:15,Transportation accidents,Clash,the person,Other places,Streets and squares,Circular,Ambulance and transfer of a person,Missing,No Clouds,natural,Normal,basic,it is not determined yet,2,0,,
932,932,64570,87669,Ras Al Khaimah,Civil Defense Center - Administration,Police and traffic,2/20/2014,2014/02/20-21:51,2014/02/20-22:54,2014/02/20-22:59,2/20/2014 23:10,2014/02/20-23:17,2014/02/20-23:30,Transportation accidents,Clash,the person,Other places,Streets and squares,Bridge roundabout near the Sufi toose,Ambulance and transfer of a person,Missing,No Clouds,natural,Normal,basic,it is not determined yet,1,0,,
933,933,64571,87670,Ras Al Khaimah,Civil Defense Center - Administration,Police and traffic,2/20/2014,2014/02/20-21:10,2014/02/20-21:15,2014/02/20-21:25,2/20/2014 21:30,2014/02/20-21:40,2014/02/20-21:45,Transportation accidents,Run over,the person,Other places,Streets and squares,Al -Uraibi,Ambulance and transfer of a person,Missing,No Clouds,natural,Normal,basic,it is not determined yet,1,0,,
934,934,64575,87674,Ras Al Khaimah,Civil Defense Center - Administration,Police and traffic,2/21/2014,2014/02/21-00:31,2014/02/21-00:34,2014/02/21-00:39,2/21/2014 0:44,2014/02/21-00:45,2014/02/21-01:09,Transportation accidents,Clash,the person,Other places,Streets and squares,In exchange for Al -Manar Center,Ambulance and transfer of a person,Missing,No Clouds,natural,Normal,basic,it is not determined yet,1,0,,
935,935,64590,87689,Ras Al Khaimah,Civil Defense Center - Administration,Police and traffic,2/21/2014,2014/02/21-19:04,2014/02/21-19:10,2014/02/21-19:13,2/21/2014 19:16,2014/02/21-19:18,2014/02/21-19:50,Transportation accidents,Clash,the person,Other places,Streets and squares,Shamal area - Popular Baluch,Ambulance and transfer of a person,Missing,No Clouds,natural,very important,basic,Traffic accident,2,0,,
936,936,64592,87691,Ras Al Khaimah,Civil Defense Center - Administration,The audience,2/21/2014,2014/02/21-20:17,2014/02/21-20:21,2014/02/21-20:25,2/21/2014 20:28,2014/02/21-20:32,2014/02/21-20:54,Transportation accidents,Clash,the person,Other places,Streets and squares,Khuzam Street towards the watch roundabout,Ambulance and transfer of a person,Missing,No Clouds,natural,very important,basic,Traffic accident,1,0,,
937,937,64596,87695,Ras Al Khaimah,Civil Defense Center - Al -Jazeera Al -Hamra,Police and traffic,2/22/2014,2014/02/22-07:32,2014/02/22-07:34,2014/02/22-07:38,2/22/2014 7:40,2014/02/22-07:42,2014/02/22-08:35,Transportation accidents,Deterioration,the person,Public facilities and services,Public places and places,Mohammed bin Zayed Street towards Al -Tawayen,Ambulance and transfer of a person,Missing,No Clouds,natural,Important,basic,Traffic accident,1,0,,
938,938,64604,87703,Al Dhafra,Civil Defense Center - Liwa,Police and traffic,2/22/2014,2014/02/22-21:00,2014/02/22-21:05,2014/02/22-21:06,2/22/2014 21:07,2014/02/22-21:08,2014/02/22-21:55,Transportation accidents,Run over,the person,Public facilities and services,Public places and places,Liwa / in front of the Civil Defense Center,Ambulance and transfer of a person,Cars,No Clouds,natural,Important,basic,Traffic accident,1,0,,
939,939,64609,87708,Ras Al Khaimah,Civil Defense Center - Administration,Police and traffic,2/23/2014,2014/02/23-11:10,2014/02/23-11:15,2014/02/23-11:17,2/23/2014 11:18,2014/02/23-11:19,2014/02/23-11:35,Transportation accidents,Clash,the person,Public facilities and services,Public places and places,Al -Nakheel Street included at Al -Nasr for auto parts,Transfer,governmental,No Clouds,natural,very important,basic,Traffic accident,1,0,,
940,940,64612,87711,Ras Al Khaimah,Civil Defense Center - Administration,Police and traffic,2/23/2014,2014/02/23-13:43,2014/02/23-13:49,2014/02/23-13:50,2/23/2014 13:51,2014/02/23-13:52,2014/02/23-14:32,Transportation accidents,Clash,the person,residential,residential,Sih Al Ghob,Transfer,governmental,No Clouds,natural,very important,basic,Traffic accident,2,0,,
941,941,64615,87714,Ras Al Khaimah,Civil Defense Center - Administration,Police and traffic,2/23/2014,2014/02/23-16:49,2014/02/23-16:52,2014/02/23-16:53,2/23/2014 16:55,2014/02/23-16:56,2014/02/23-17:30,Transportation accidents,Run over,the person,governmental,governmental,Old Communications Street,Transfer,governmental,No Clouds,natural,very important,basic,Traffic accident,1,0,,
942,942,64630,87729,Ras Al Khaimah,Civil Defense Center - Administration,Police and traffic,2/24/2014,2014/02/24-18:36,2014/02/24-18:41,2014/02/24-18:46,2/24/2014 18:51,2014/02/24-18:52,2014/02/24-19:18,Transportation accidents,Clash,the person,Other places,Streets and squares,Rashid popularity,Ambulance and transfer of a person,Missing,No Clouds,natural,Normal,basic,it is not determined yet,2,0,,
943,943,64634,87733,Sharjah,Civil Defense Center - Al Dhaid,Civil defense departments and centers,2/25/2014,2014/02/25-10:25,2014/02/25-10:26,2014/02/25-10:28,2/25/2014 11:01,2014/02/25-11:08,2014/02/25-11:14,Transportation accidents,One hundredth,Cars,agricultural,Farm,Al Dhaid Road Suhaila,Rescue people,Cars,No Clouds,natural,Normal,basic,Traffic accident,1,0,,
944,944,64643,87742,Sharjah,Civil Defense Center - Al Dhaid,Police and traffic,2/25/2014,2014/02/25-17:20,2014/02/25-17:45,2014/02/25-17:50,2/25/2014 18:25,2014/02/25-18:31,2014/02/25-19:11,Transportation accidents,Clash,Light,Means of transport,car,Al -Faya area is a motivation road,Rescue people,Cars,No Clouds,natural,very important,medium,Traffic accident,2,2,,
945,945,64670,87769,Umm Al Quwain,Civil Defense Center - Administration,Military officers and members,2/27/2014,2014/02/27-21:56,2014/02/27-21:58,2014/02/27-21:59,2/27/2014 22:00,2014/02/27-22:01,2014/02/27-22:31,Transportation accidents,Run over,the person,Public facilities and services,Public places and places,Al -Salama area horse roundabout,Ambulance and transfer of a person,Cars,No Clouds,natural,Normal,basic,Traffic accident,1,0,,
946,946,64678,87777,Umm Al Quwain,Civil Defense Center - Administration,Police and traffic,2/28/2014,2014/02/28-17:15,2014/02/28-17:17,2014/02/28-17:18,2/28/2014 17:20,2014/02/28-17:21,2014/02/28-17:23,Transportation accidents,Deterioration,the person,governmental,governmental,Al -Aqran area near the exit 103,Ambulance and transfer of a person,Missing,No Clouds,natural,Normal,basic,Traffic accident,1,0,,
947,947,64682,87781,Ras Al Khaimah,Civil Defense Center - Kadra,Police and traffic,2/28/2014,2014/02/28-18:26,2014/02/28-18:31,2014/02/28-18:45,2/28/2014 19:05,2014/02/28-19:25,2014/02/28-19:32,Transportation accidents,Deterioration,the person,Other places,Streets and squares,Shock,Ambulance and transfer of a person,Missing,No Clouds,natural,Normal,basic,it is not determined yet,1,0,,
948,948,64693,87792,Fujairah,Civil Defense Center - Dibba,Police and traffic,3/1/2014,2014/03/01-14:30,2014/03/01-14:47,2014/03/01-14:49,3/1/2014 14:51,2014/03/01-14:52,2014/03/01-15:50,Transportation accidents,Deterioration,Cars,Other places,Streets and squares,Transfer,Ambulance,Cars,No Clouds,natural,Normal,basic,Traffic accident,1,0,,
949,949,64705,87804,Ajman,Civil Defense Center - Al -Jarf,Police and traffic,3/2/2014,2014/03/02-18:39,2014/03/02-18:41,2014/03/02-18:42,3/2/2014 18:43,2014/03/02-18:44,2014/03/02-19:02,Transportation accidents,Run over,the person,Industrial,Industrial,Al Jarf Al Jarf area 2,Ambulance and transfer of a person,Missing,No Clouds,natural,very important,basic,Traffic accident,1,0,,
950,950,64709,87808,Fujairah,Civil Defense Center - Dibba,The audience,3/2/2014,2014/03/02-21:50,2014/03/02-21:54,2014/03/02-21:57,3/2/2014 21:58,2014/03/02-21:58,2014/03/02-22:45,Transportation accidents,Clash,Cars,governmental,governmental,Al -Qayan area,Ambulance,Missing,No Clouds,natural,very important,basic,Traffic accident,2,0,,
951,951,64714,87813,Ajman,Civil Defense Center - Administration,Police and traffic,3/3/2014,2014/03/03-12:25,2014/03/03-12:30,2014/03/03-12:35,3/3/2014 12:40,2014/03/03-12:43,2014/03/03-13:50,Transportation accidents,Deterioration,trailer,commercial,commercial,Free Zone - Ajman Port Gate No. (1),Recovery and raise a car,Missing,No Clouds,natural,Normal,basic,Traffic accident,0,0,,
952,952,64717,87816,Sharjah,Madame Unit,Police and traffic,3/3/2014,2014/03/03-20:59,2014/03/03-21:05,2014/03/03-21:07,3/3/2014 21:35,2014/03/03-21:38,2014/03/03-21:46,Transportation accidents,Clash,Cars,Means of transport,car,Al -Madam Road - Al -Shuwaib,Control and rescue,Cars,No Clouds,natural,Normal,basic,Traffic accident,2,0,,
953,953,64723,87822,Ras Al Khaimah,Civil Defense Center - Administration,Police and traffic,3/4/2014,2014/03/04-20:27,2014/03/04-20:32,2014/03/04-20:40,3/4/2014 20:45,2014/03/04-20:50,2014/03/04-21:00,Transportation accidents,Deterioration,the person,Other places,Streets and squares,The old head,Remove petroleum materials from the street,Missing,No Clouds,natural,Normal,basic,it is not determined yet,1,0,,
954,954,64735,87834,Umm Al Quwain,Civil Defense Center - Administration,Police and traffic,3/5/2014,2014/03/05-10:35,2014/03/05-10:40,2014/03/05-10:41,3/5/2014 10:42,2014/03/05-10:43,2014/03/05-11:25,Transportation accidents,Clash,Cars,Public facilities and services,Public places and places,"Sheikh Mohammed bin Zayed Street, exit 93, direction of Sharjah",Transfer,Cars,No Clouds,natural,Normal,basic,Traffic accident,2,0,,
955,955,64744,87843,Umm Al Quwain,Civil Defense Center - Administration,Police and traffic,3/6/2014,2014/03/06-02:15,2014/03/06-02:17,2014/03/06-02:18,3/6/2014 2:19,2014/03/06-02:20,2014/03/06-02:55,Transportation accidents,Deterioration,Cars,Public facilities and services,Public places and places,The outer rotor,Transfer,Cars,No Clouds,natural,Normal,basic,Traffic accident,3,0,,
956,956,64756,87855,Umm Al Quwain,Civil Defense Center - Administration,Police and traffic,3/6/2014,2014/03/06-20:10,2014/03/06-20:14,2014/03/06-20:16,3/6/2014 20:19,2014/03/06-20:22,2014/03/06-20:30,Transportation accidents,Deterioration,the person,commercial,Institutions and companies,Al -Ahlia for the Pluk behind the Nissan Agency,Ambulance and transfer of a person,Ceramic,No Clouds,natural,Normal,basic,Traffic accident,1,0,,
957,957,64762,87861,Sharjah / Eastern Region,Civil Defense Center - Kalba,Police and traffic,3/7/2014,2014/03/07-11:30,2014/03/07-11:33,2014/03/07-11:33,3/7/2014 11:33,2014/03/07-11:33,2014/03/07-12:00,Transportation accidents,One hundredth,sidewalk,Public facilities and services,Public places and places,Suhaila Krunech roundabout,Separation of a battery,Missing,No Clouds,natural,Normal,basic,it is not determined yet,1,0,,
958,958,64781,87880,Al Dhafra,Civil Defense Center - Dalma,Police and traffic,3/8/2014,2014/03/08-02:00,2014/03/08-02:03,2014/03/08-02:05,3/8/2014 2:06,2014/03/08-02:07,2014/03/08-02:35,Transportation accidents,Deterioration,Cars,Public facilities and services,Public places and places,Dalma Island Popular Mountain,Ambulance and transfer of a person,Cars,No Clouds,natural,Important,basic,Traffic accident,1,0,,
959,959,64800,87899,Abu Dhabi,Civil Defense Center - Shakhbout City,he did not specify,3/9/2014,2014/03/09-18:20,2014/03/09-18:48,2014/03/09-18:53,3/9/2014 18:58,2014/03/10-20:12,2014/03/10-20:40,Transportation accidents,Clash,Trucks,Other places,holocaust,Holocaust at an intimate bridge,take actions,Missing,No Clouds,natural,Normal,basic,it is not determined yet,3,0,,
960,960,64802,87901,Ras Al Khaimah,Civil Defense Center - Administration,Civil defense departments and centers,3/10/2014,2014/03/10-04:42,2014/03/10-04:45,2014/03/10-04:46,3/10/2014 4:50,2014/03/10-04:51,2014/03/10-05:22,Transportation accidents,Clash,Electricity column,governmental,governmental,Al -Mairid,take actions,governmental,No Clouds,natural,very important,basic,Traffic accident,0,0,,
961,961,64810,87909,Umm Al Quwain,Civil Defense Center - Administration,Police and traffic,3/10/2014,2014/03/10-17:23,2014/03/10-17:26,2014/03/10-17:27,3/10/2014 17:28,2014/03/10-17:30,2014/03/10-18:40,Transportation accidents,Clash,the person,Other places,Streets and squares,The old Salamah area,Transfer,Missing,No Clouds,natural,Normal,basic,Traffic accident,1,0,,
962,962,64814,87913,Umm Al Quwain,Civil Defense Center - Administration,Police and traffic,3/10/2014,2014/03/10-20:59,2014/03/10-21:03,2014/03/10-21:06,3/10/2014 21:08,2014/03/10-21:10,2014/03/10-22:35,Transportation accidents,Clash,the person,Other places,Streets and squares,"Sheikh Mohammed bin Zayed Street, director of Dream Land to Ajman",Transfer,Missing,No Clouds,natural,Normal,basic,Traffic accident,1,0,,
963,963,64817,87916,Umm Al Quwain,Civil Defense Center - Administration,Civil defense departments and centers,3/11/2014,2014/03/11-05:56,2014/03/11-06:05,2014/03/11-06:07,3/11/2014 6:07,2014/03/11-06:08,2014/03/11-06:50,Transportation accidents,One hundredth,the person,Other places,Streets and squares,"Sheikh Mohammed bin Zayed Street, exit 96",Transfer,Missing,No Clouds,natural,Normal,basic,Traffic accident,1,0,,
964,964,64836,87935,Umm Al Quwain,Civil Defense Center - Administration,Police and traffic,3/12/2014,2014/03/12-17:52,2014/03/12-17:59,2014/03/12-18:05,3/12/2014 18:06,2014/03/12-18:10,2014/03/12-18:30,Transportation accidents,Clash,the person,Other places,Streets and squares,Kabir area near the shops,Ambulance and transfer of a person,Missing,No Clouds,natural,Normal,basic,Traffic accident,1,0,,
965,965,64847,87946,Sharjah,Civil Defense Center - Al -Sajaa,Police and traffic,3/13/2014,2014/03/13-09:51,2014/03/13-09:56,2014/03/13-09:56,3/13/2014 16:46,2014/03/13-16:50,2014/03/13-16:55,Transportation accidents,Deterioration,tank,Other places,Streets and squares,Al -Rahmaniyah Tunnel Square,Talent,Transmission,Dust and wind,natural,Normal,medium,it is not determined yet,0,0,,
966,966,64862,87961,Ras Al Khaimah,Civil Defense Center - Kadra,Police and traffic,3/14/2014,2014/03/14-16:22,2014/03/14-16:31,2014/03/14-16:33,3/14/2014 16:35,2014/03/14-16:36,2014/03/14-17:00,Transportation accidents,Clash,the person,Other places,Streets and squares,Al -Seiji Street,Ambulance and transfer of a person,furniture,No Clouds,natural,very important,basic,Traffic accident,2,0,,
967,967,64912,88011,Ras Al Khaimah,Civil Defense Center - Kadra,Police and traffic,3/16/2014,2014/03/16-21:48,2014/03/16-21:54,2014/03/16-22:05,3/16/2014 22:30,2014/03/16-22:50,2014/03/16-23:05,Transportation accidents,Deterioration,the person,Other places,Streets and squares,Wadi Kadra,Ambulance and transfer of a person,Missing,No Clouds,natural,Normal,basic,it is not determined yet,1,0,,
968,968,64929,88028,Al Dhafra,Civil Defense Center - Ghayathi,Police and traffic,3/17/2014,2014/03/17-19:08,2014/03/17-19:25,2014/03/17-19:26,3/17/2014 19:28,2014/03/17-19:29,2014/03/17-20:50,Transportation accidents,Clash,Cars,Other places,Streets and squares,The consort of lives towards commodities,Transfer,Missing,No Clouds,natural,Important,basic,it is not determined yet,6,0,,
969,969,64934,88033,Umm Al Quwain,Civil Defense Center - Al -Madinah,Military officers and members,3/18/2014,2014/03/18-10:10,2014/03/18-10:11,2014/03/18-10:12,3/18/2014 10:14,2014/03/18-10:15,2014/03/18-10:20,Transportation accidents,Run over,the person,Other places,Streets and squares,In front of Umm Al Quwain Tower,Transfer,Missing,No Clouds,natural,Normal,basic,Traffic accident,1,0,,
970,970,64935,88034,Ras Al Khaimah,Civil Defense Center - Kadra,Police and traffic,3/18/2014,2014/03/18-09:51,2014/03/18-10:01,2014/03/18-10:02,3/18/2014 10:02,2014/03/18-10:02,2014/03/18-10:41,Transportation accidents,Clash,the person,Public facilities and services,Public places and places,Sheikh Khalifa Street towards Mamdouh,Ambulance and transfer of a person,Missing,No Clouds,natural,Important,basic,Traffic accident,1,0,,
971,971,64942,88041,Sharjah,Civil Defense Center - Mawlh,Police and traffic,3/18/2014,2014/03/18-13:30,2014/03/18-13:38,2014/03/18-13:40,3/18/2014 14:16,2014/03/18-14:35,2014/03/18-14:46,Transportation accidents,Deterioration,Cars,governmental,governmental,Sheikh Mohammed bin Zayed Street near ADNOC Station,Rescue people,Cars,No Clouds,natural,Normal,basic,Traffic accident,2,0,,
972,972,64949,88048,Fujairah,Civil Defense Center - Masafi,Police and traffic,3/19/2014,2014/03/19-15:22,2014/03/19-15:28,2014/03/19-15:32,3/19/2014 15:38,2014/03/19-15:40,2014/03/19-15:46,Transportation accidents,Clash,Cars,Other places,Streets and squares,Fender Bender Move Vehicles,Directing confined and transferring injured people,Cars,No Clouds,natural,Important,basic,Traffic accident,1,0,,
973,973,64966,88065,Ras Al Khaimah,Civil Defense Center - Administration,The audience,3/21/2014,2014/03/21-12:20,2014/03/21-12:24,2014/03/21-12:27,3/21/2014 12:30,2014/03/21-12:32,2014/03/21-12:44,Transportation accidents,Deterioration,the person,Other places,Streets and squares,Al -Rams Street in the direction of Al -Rams Club,Ambulance and transfer of a person,Missing,No Clouds,natural,very important,basic,Traffic accident,1,0,,
974,974,64967,88066,Ras Al Khaimah,Civil Defense Center - Kadra,Police and traffic,3/21/2014,2014/03/21-13:46,2014/03/21-13:56,2014/03/21-14:00,3/21/2014 14:05,2014/03/21-14:07,2014/03/21-14:16,Transportation accidents,One hundredth,the person,Other places,Streets and squares,Shawka area on Maliha Street,Ambulance and transfer of a person,Missing,No Clouds,natural,very important,basic,Traffic accident,1,0,,
975,975,64971,88070,Ajman,Civil Defense Center - Rumaila,The audience,3/21/2014,2014/03/21-19:18,2014/03/21-19:23,2014/03/21-19:26,3/21/2014 19:30,2014/03/21-19:32,2014/03/21-20:05,Transportation accidents,Clash,Cars,Other places,Streets and squares,Al -Karama District - near the Gent sign,Ambulance and transfer of a person,Missing,No Clouds,natural,Normal,basic,Traffic accident,1,0,,
976,976,64977,88076,Ras Al Khaimah,Civil Defense Center - Kadra,Police and traffic,3/22/2014,2014/03/22-08:07,2014/03/22-08:10,2014/03/22-08:14,3/22/2014 8:15,2014/03/22-08:16,2014/03/22-09:20,Transportation accidents,Clash,the person,Public facilities and services,Public places and places,Shawka Street opposite the Al Ghurair Poultry Factory,Ambulance and transfer of a person,Missing,No Clouds,natural,Important,basic,Traffic accident,2,0,,
977,977,64995,88094,Abu Dhabi,Civil Defense Center - City,Police and traffic,3/24/2014,2014/03/24-06:08,2014/03/24-06:13,2014/03/24-06:30,3/24/2014 8:00,2014/03/24-08:15,2014/03/24-08:30,Transportation accidents,Deterioration,tank,Public facilities and services,Public places and places,Mafraq Hospital roundabout,take actions,Transfer and contracting,No Clouds,natural,Important,basic,Traffic accident,1,0,,
978,978,65003,88102,Ajman,Civil Defense Center - Administration,The audience,3/24/2014,2014/03/24-21:43,2014/03/24-21:48,2014/03/24-21:53,3/24/2014 21:58,2014/03/24-22:03,2014/03/24-22:08,Transportation accidents,Clash,Missing,governmental,governmental,Al -Nuaimia District - near Ambassador Mall,Ambulance and transfer of a person,Missing,No Clouds,natural,Normal,basic,it is not determined yet,2,0,,
979,979,65019,88118,Dubai,Al -Rashidiya Center,Police and traffic,3/26/2014,2014/03/26-09:28,2014/03/26-09:46,2014/03/26-09:55,3/26/2014 10:00,2014/03/26-10:08,2014/03/26-10:27,Transportation accidents,Clash,Cars,Means of transport,car,Deira - University City,rescue,Missing,No Clouds,natural,Normal,basic,it is not determined yet,1,0,,
980,980,65039,88138,Al Dhafra,Civil Defense Center - Ghayathi,Police and traffic,3/27/2014,2014/03/27-10:40,2014/03/27-10:50,2014/03/27-10:51,3/27/2014 10:52,2014/03/27-10:53,2014/03/27-11:25,Transportation accidents,One hundredth,the person,Public facilities and services,Public places and places,Industrial Ghayathi,Ambulance and transfer of a person,Cars,No Clouds,natural,Important,basic,Traffic accident,1,0,,
981,981,65043,88142,Ajman,Civil Defense Center - Administration,Police and traffic,3/27/2014,2014/03/27-16:34,2014/03/27-16:39,2014/03/27-16:45,3/27/2014 16:50,2014/03/27-16:55,2014/03/27-17:00,Transportation accidents,Deterioration,Missing,governmental,governmental,Missing,Sand -dropped oil coverage,Missing,No Clouds,natural,Normal,basic,Traffic accident,1,0,,
982,982,65058,88157,Fujairah,Civil Defense Center - against us,Civil defense departments and centers,3/28/2014,2014/03/28-23:15,2014/03/28-23:18,2014/03/28-23:20,3/28/2014 23:21,2014/03/28-23:22,2014/03/28-23:50,Transportation accidents,Clash,Cars,Means of transport,car,An area against us,take actions,Cars,No Clouds,natural,Normal,basic,Traffic accident,3,0,,
983,983,65064,88163,Eye,Civil Defense Center - Al -Faqa,Civil defense departments and centers,3/29/2014,2014/03/29-11:51,2014/03/29-12:08,2014/03/29-12:12,3/29/2014 12:20,2014/03/29-12:35,2014/03/29-12:58,Transportation accidents,Clash,Cars,governmental,governmental,Al Ain Road / Dubai in the Margham region,take actions,Cars,No Clouds,natural,very important,medium,it is not determined yet,0,1,,
984,984,65066,88165,Umm Al Quwain,Civil Defense Center - Administration,Police and traffic,3/29/2014,2014/03/29-17:30,2014/03/29-17:31,2014/03/29-17:32,3/29/2014 17:33,2014/03/29-17:34,2014/03/29-18:38,Transportation accidents,Deterioration,the person,Public facilities and services,Public places and places,Etihad Street opposite Dreamland Park,take actions,Cars,No Clouds,natural,Normal,basic,Traffic accident,2,0,,
985,985,65071,88170,Fujairah,Civil Defense Center - Al -Madinah,Police and traffic,3/30/2014,2014/03/30-08:12,2014/03/30-08:18,2014/03/30-08:19,3/30/2014 8:35,2014/03/30-08:37,2014/03/30-08:44,Transportation accidents,Deterioration,Cars,Other places,Streets and squares,Tricks behind Fujairah International Airport,take actions,Missing,No Clouds,natural,Important,basic,Traffic accident,2,0,,
986,986,65076,88175,Fujairah,Civil Defense Center - Dibba,Police and traffic,3/30/2014,2014/03/30-09:10,2014/03/30-09:22,2014/03/30-09:32,3/30/2014 9:33,2014/03/30-09:34,2014/03/30-09:45,Transportation accidents,Deterioration,Cars,Other places,Streets and squares,Dibba Al -Fujairah Al -Hala area,Exit and transfer injured people,Missing,No Clouds,natural,Important,basic,Traffic accident,1,0,,
987,987,65110,88209,Al Dhafra,Civil Defense Center - Ghayathi,The audience,4/3/2014,2014/04/03-10:30,2014/04/03-10:33,2014/04/03-10:35,4/3/2014 10:37,2014/04/03-10:38,2014/04/03-11:10,Transportation accidents,Deterioration,Cars,governmental,governmental,A report stating that there was an accident in the deterioration of a car/Ghiathi,take actions,Construction,No Clouds,natural,Important,basic,Traffic accident,1,0,,
988,988,65111,88210,Fujairah,Civil Defense Center - Masafi,The audience,4/3/2014,2014/04/03-09:40,2014/04/03-09:47,2014/04/03-09:48,4/3/2014 9:49,2014/04/03-09:50,2014/04/03-10:35,Transportation accidents,Deterioration,Cars,Other places,Streets and squares,Car deterioration,Transfer,Cars,No Clouds,natural,Important,basic,Traffic accident,2,0,,
989,989,65116,88215,Al Dhafra,Civil Defense Center - Ghayathi,Police and traffic,4/3/2014,2014/04/03-19:00,2014/04/03-19:05,2014/04/03-19:08,4/3/2014 19:10,2014/04/03-19:13,2014/04/03-19:50,Transportation accidents,Deterioration,Cars,governmental,governmental,"On the main street towards Ghiathi, opposite Giathi industrial",Ambulance and transfer of a person,Cars,No Clouds,natural,Important,basic,Traffic accident,2,0,,
990,990,65128,88227,Abu Dhabi,Civil Defense Center - City,Civil defense departments and centers,4/4/2014,2014/04/04-12:15,2014/04/04-12:22,2014/04/04-17:32,4/4/2014 17:37,2014/04/04-17:39,2014/04/04-17:50,Transportation accidents,Clash,Trucks,governmental,governmental,Armile near the gas factory,take actions,Contracting and maintenance,No Clouds,natural,Normal,basic,Traffic accident,0,0,,
991,991,65139,88238,Ras Al Khaimah,Civil Defense Center - Kadra,Police and traffic,4/5/2014,2014/04/05-21:48,2014/04/05-21:57,2014/04/05-22:00,4/5/2014 22:02,2014/04/05-22:03,2014/04/05-23:00,Transportation accidents,Clash,the person,governmental,governmental,Shukka bridge in Mleiha,Transfer,governmental,No Clouds,natural,very important,basic,Traffic accident,2,0,,