,Unnamed: 0,rec_id,Accident number,Competent Department,Competent Center,Amount rating,Date of the accident,The date and time of the notification,Date and time of first arrival,Date and time of completion of control,End date and time of the operation,Departure date and time,Date and time of return to the center,Accident Group,Type of accident,Direct damage,Acccident scene category,Accident scene,Accident title,The band's work summary,Activity,Weather condition,Road condition,Priority level,Accident size,The cause of the accident,The number of injured people,The number of deaths in the public,The number of injured members of the force,The number of deaths of members of the force
992,992,65149,88248,Ras Al Khaimah,Civil Defense Center - Kadra,The audience,4/6/2014,2014/04/06-09:46,2014/04/06-09:54,2014/04/06-10:00,4/6/2014 10:15,2014/04/06-10:35,2014/04/06-11:08,Transportation accidents,Deterioration,the person,Other places,Streets and squares,Sheikh Khalifa Street towards the bodies,Ambulance and transfer of a person,Missing,No Clouds,natural,Normal,basic,it is not determined yet,1,0,,
993,993,65151,88250,Umm Al Quwain,Civil Defense Center - Administration,Civil defense departments and centers,4/7/2014,2014/04/07-16:45,2014/04/07-16:46,2014/04/07-16:48,4/7/2014 16:49,2014/04/07-16:50,2014/04/07-17:36,Transportation accidents,Deterioration,the person,Public facilities and services,Public places and places,In front of Dreamland Park,Ambulance and transfer of a person,Cars,No Clouds,natural,Normal,basic,Traffic accident,1,0,,
994,994,65159,88258,Ras Al Khaimah,Civil Defense Center - Al -Jazeera Al -Hamra,The audience,4/8/2014,2014/04/08-07:54,2014/04/08-08:00,2014/04/08-08:10,4/8/2014 8:15,2014/04/08-08:16,2014/04/08-08:20,Transportation accidents,Clash,the person,Public facilities and services,Public places and places,Al -Jazeera Al -Hamra opposite the Arab neighborhood,Conquest,Missing,No Clouds,natural,Important,basic,Traffic accident,1,0,,
995,995,65181,88280,Al Dhafra,Civil Defense Center - Zayed City,Civil defense departments and centers,4/10/2014,2014/04/10-20:25,2014/04/10-20:33,2014/04/10-20:38,4/10/2014 20:41,2014/04/10-21:10,2014/04/10-21:25,Transportation accidents,Clash,Missing,governmental,governmental,The city of Zayed after the Habshan Bridge,take actions,furniture,No Clouds,natural,very important,basic,Traffic accident,1,0,,
996,996,65190,88289,Ajman,Civil Defense Center - Administration,Police and traffic,4/11/2014,2014/04/11-14:50,2014/04/11-14:55,2014/04/11-15:15,4/11/2014 15:30,2014/04/11-15:45,2014/04/11-15:50,Transportation accidents,Deterioration,Missing,governmental,governmental,Sheikh Street/Ammar bin Hamid - Al -Tal Square,Rescue and transfer injured people,Missing,No Clouds,natural,Important,basic,it is not determined yet,3,0,,
997,997,65193,88292,Fujairah,Civil Defense Center - Al -Taween,Police and traffic,4/11/2014,2014/04/11-18:35,2014/04/11-18:39,2014/04/11-18:44,4/11/2014 18:45,2014/04/11-19:00,2014/04/11-19:15,Transportation accidents,Deterioration,Cars,Other places,Streets and squares,"Al -Tuwayen Street, Al -Sarram area",Ambulance,Missing,No Clouds,natural,Important,basic,Traffic accident,2,0,,
998,998,65195,88294,Ras Al Khaimah,Civil Defense Center - Kadra,Police and traffic,4/12/2014,2014/04/12-07:01,2014/04/12-07:10,2014/04/12-07:12,4/12/2014 7:18,2014/04/12-07:38,2014/04/12-08:00,Transportation accidents,Clash,the person,Public facilities and services,Public places and places,Sheikh Khalifa Bin Zayed Street in the direction of Fujairah,Ambulance and transfer of a person,Missing,No Clouds,natural,Important,basic,Traffic accident,2,0,,
999,999,65220,88319,Ajman,Civil Defense Center - Administration,Police and traffic,4/14/2014,2014/04/14-21:25,2014/04/14-21:30,2014/04/14-21:35,4/14/2014 21:40,2014/04/14-21:45,2014/04/14-21:50,Transportation accidents,Clash,Missing,governmental,governmental,Misheerf Commercial Zone,Rescue and transfer injured people,Missing,No Clouds,natural,Important,basic,Traffic accident,5,0,,
1000,1000,65225,88324,Ras Al Khaimah,Civil Defense Center - Kadra,Police and traffic,4/15/2014,2014/04/15-06:20,2014/04/15-06:32,2014/04/15-06:35,4/15/2014 6:40,2014/04/15-07:00,2014/04/15-08:20,Transportation accidents,Deterioration,the person,Other places,Valley,Sheikh Khalifa Street towards Fujairah,Ambulance and transfer of injured and deceased,Specific,No Clouds,natural,very important,medium,Traffic accident,0,1,,
1001,1001,65228,88327,Umm Al Quwain,Civil Defense Center - Administration,Civil defense departments and centers,4/15/2014,2014/04/15-10:40,2014/04/15-10:45,2014/04/15-10:48,4/15/2014 11:54,2014/04/15-13:30,2014/04/15-13:37,Transportation accidents,Deterioration,tank,Public facilities and services,Public places and places,Sheikh Mohammed bin Zayed Street near the Al -Surra Bridge,cooling,Transmission,No Clouds,natural,Important,basic,Traffic accident,0,0,,
1002,1002,65261,88360,Fujairah,Civil Defense Center - Al -Taween,Civil defense departments and centers,4/17/2014,2014/04/17-16:37,2014/04/17-16:39,2014/04/17-16:43,4/17/2014 16:44,2014/04/17-16:45,2014/04/17-16:48,Transportation accidents,Clash,Cars,Other places,Streets and squares,Al -Tuwayen Street,Fire fighting and infected with an injured,Missing,No Clouds,natural,Normal,basic,Traffic accident,3,0,,
1003,1003,65321,88420,Al Dhafra,Civil Defense Center - Ghayathi,Police and traffic,4/23/2014,2014/04/23-06:40,2014/04/23-06:55,2014/04/23-06:56,4/23/2014 6:57,2014/04/23-06:58,2014/04/23-07:30,Transportation accidents,Clash,Cars,Public facilities and services,Public places and places,Ghayathi / Giathi Ruwais Road,Ambulance and transfer of a person,Cars,No Clouds,natural,Important,basic,Traffic accident,2,0,,
1004,1004,65324,88423,Ras Al Khaimah,Civil Defense Center - Kadra,Police and traffic,4/23/2014,2014/04/23-12:55,2014/04/23-13:00,2014/04/23-13:03,4/23/2014 13:05,2014/04/23-13:10,2014/04/23-13:43,Transportation accidents,Deterioration,the person,Public facilities and services,Public places and places,Ceiji area,Transfer,governmental,No Clouds,natural,very important,basic,Traffic accident,1,0,,
1005,1005,65333,88432,Ajman,Civil Defense Center - Administration,Police and traffic,4/24/2014,2014/04/24-16:25,2014/04/24-16:29,2014/04/24-16:31,4/24/2014 16:35,2014/04/24-16:42,2014/04/24-16:47,Transportation accidents,Clash,Cars,Other places,Streets and squares,Al -Rawda area opposite the Al -Azhar supermarket,Disturbing injured,Missing,No Clouds,natural,Normal,basic,it is not determined yet,0,0,,
1006,1006,65351,88450,Sharjah / Eastern Region,Civil Defense Center - Khor Fakkan,Military officers and members,4/25/2014,2014/04/25-14:05,2014/04/25-14:06,2014/04/25-14:07,4/25/2014 14:10,2014/04/25-14:16,2014/04/25-14:17,Transportation accidents,Clash,Missing,Means of transport,Various transportation,"Sheikh Khaled Street, next to the traffic light",Exit and transfer injured people,Missing,No Clouds,natural,Normal,basic,Traffic accident,6,0,,
1007,1007,65368,88467,Ras Al Khaimah,Civil Defense Center - Northern Administration,The audience,4/26/2014,2014/04/26-07:38,2014/04/26-07:44,2014/04/26-07:50,4/26/2014 7:55,2014/04/26-07:56,2014/04/26-08:13,Transportation accidents,Clash,the person,Public facilities and services,Public places and places,Khorghawear at the Union Factory,Transfer,governmental,No Clouds,natural,very important,basic,Traffic accident,1,0,,
1008,1008,65431,88530,Fujairah,Civil Defense Center - Al -Taween,Police and traffic,4/30/2014,2014/04/30-14:55,2014/04/30-15:00,2014/04/30-15:01,4/30/2014 15:14,2014/04/30-15:16,2014/04/30-15:55,Transportation accidents,Deterioration,Cars,Other places,Streets and squares,Deterioration,Ambulance and rescue,Cars,No Clouds,natural,very important,basic,it is not determined yet,1,0,,
1009,1009,65507,88606,Al Dhafra,Civil Defense Center - Liwa,Civil defense departments and centers,5/6/2014,2014/05/06-14:58,2014/05/06-15:10,2014/05/06-15:15,5/6/2014 15:20,2014/05/06-15:27,2014/05/06-16:00,Transportation accidents,One hundredth,Missing,governmental,governmental,On the city of Zayed Liwa Road,take actions,furniture,No Clouds,natural,very important,basic,Traffic accident,1,0,,
1010,1010,65589,88688,Ajman,Civil Defense Center - Administration,Civil defense departments and centers,5/13/2014,2014/05/13-08:49,2014/05/13-08:51,2014/05/13-08:55,5/13/2014 11:15,2014/05/13-11:20,2014/05/13-11:30,Transportation accidents,Deterioration,Trucks,commercial,Shopping center,City Center Ajman's positions,Talent,Missing,No Clouds,natural,very important,basic,Traffic accident,0,0,,
1011,1011,65597,88696,Ras Al Khaimah,Civil Defense Center - Administration,Police and traffic,5/13/2014,2014/05/13-17:01,2014/05/13-17:11,2014/05/13-17:13,5/13/2014 17:15,2014/05/13-17:17,2014/05/13-18:40,Transportation accidents,Clash,the person,Other places,Streets and squares,Sheikh Khalifa Street towards Fujairah,Ambulance and transfer of a person,Missing,No Clouds,natural,Important,basic,Traffic accident,1,0,,
1012,1012,65661,88760,Fujairah,Civil Defense Center - Dibba,Police and traffic,5/16/2014,2014/05/16-17:15,2014/05/16-17:19,2014/05/16-17:26,5/16/2014 17:28,2014/05/16-17:29,2014/05/16-18:29,Transportation accidents,Clash,Cars,governmental,governmental,Chamber - Dibba Fujairah,Transfer,Construction,No Clouds,natural,very important,basic,Traffic accident,5,0,,
1013,1013,65718,88817,Ajman,Civil Defense Center - Administration,Police and traffic,5/18/2014,2014/05/18-00:58,2014/05/18-01:03,2014/05/18-01:08,5/18/2014 1:13,2014/05/18-01:18,2014/05/18-01:23,Transportation accidents,Clash,Missing,Other places,Streets and squares,Al-Nuaimia District- near Al-Nuaimia Bridge,Ambulance and rescue,Missing,No Clouds,natural,Important,basic,Traffic accident,2,0,,
1014,1014,65741,88840,Umm Al Quwain,Civil Defense Center - Administration,Police and traffic,5/19/2014,2014/05/19-20:35,2014/05/19-20:40,2014/05/19-20:41,5/19/2014 20:42,2014/05/19-20:43,2014/05/19-21:18,Transportation accidents,Deterioration,Cars,Public facilities and services,Public places and places,"Emirates Street, Sharjah Street",Ambulance and transfer of a person,Cars,No Clouds,natural,Normal,basic,Traffic accident,2,0,,
1015,1015,65743,88842,Al Dhafra,Civil Defense Center - Ghayathi,Police and traffic,5/20/2014,2014/05/20-12:05,2014/05/20-12:15,2014/05/20-12:20,5/20/2014 12:21,2014/05/20-12:22,2014/05/20-12:45,Transportation accidents,Deterioration,Cars,Public facilities and services,Public places and places,Giathi Ruwais Road,Ambulance and transfer of a person,Cars,No Clouds,natural,Important,basic,Traffic accident,1,0,,
1016,1016,65767,88866,Ras Al Khaimah,Civil Defense Center - Kadra,Civil defense departments and centers,5/22/2014,2014/05/22-19:18,2014/05/22-19:24,2014/05/22-19:25,5/22/2014 19:25,2014/05/22-19:26,2014/05/22-19:50,Transportation accidents,Clash,the person,Public facilities and services,Public places and places,Kadr Street,Ambulance and transfer of a person,Missing,No Clouds,natural,Important,basic,Traffic accident,1,0,,
1017,1017,65784,88883,Ajman,Civil Defense Center - Manama,The audience,5/24/2014,2014/05/24-13:32,2014/05/24-13:34,2014/05/24-13:35,5/24/2014 13:36,2014/05/24-13:37,2014/05/24-14:20,Transportation accidents,Clash,Cars,Other places,Streets and squares,Al -Haniyeh area / Fujairah,Transfer,Missing,No Clouds,natural,Normal,basic,Traffic accident,3,0,,
1018,1018,65788,88887,Ras Al Khaimah,Civil Defense Center - Kadra,Police and traffic,5/24/2014,2014/05/24-22:49,2014/05/24-22:55,2014/05/24-23:00,5/24/2014 23:01,2014/05/24-23:05,2014/05/24-23:13,Transportation accidents,Clash,the person,Public facilities and services,Public places and places,Kadra Shuka Street,Transfer,governmental,No Clouds,natural,very important,basic,Traffic accident,1,0,,
1019,1019,65789,88888,Ajman,Civil Defense Center - Manama,Police and traffic,5/25/2014,2014/05/25-03:15,2014/05/25-03:20,2014/05/25-03:21,5/25/2014 3:22,2014/05/25-03:23,2014/05/25-04:00,Transportation accidents,Clash,the person,Other places,Streets and squares,Sih Al -Muhalib Roundabout/ Al Dhaid District,Transfer,Missing,No Clouds,natural,very important,basic,Traffic accident,1,0,,
1020,1020,65790,88889,Sharjah,Civil Defense Center - Al Dhaid,Police and traffic,5/25/2014,2014/05/25-03:08,2014/05/25-03:11,2014/05/25-03:13,5/25/2014 3:16,2014/05/25-03:20,2014/05/25-03:24,Transportation accidents,Clash,Cars,Other places,Streets and squares,Al Dhaid Street - Fujairah near Sharif Square,Disturbing injured,Missing,No Clouds,natural,Normal,basic,it is not determined yet,1,0,,
1021,1021,65798,88897,Umm Al Quwain,Civil Defense Center - Al -Madinah,Police and traffic,5/26/2014,2014/05/26-11:50,2014/05/26-11:54,2014/05/26-11:55,5/26/2014 11:56,2014/05/26-11:57,2014/05/26-11:59,Transportation accidents,Run over,the person,Public facilities and services,Public places and places,Industrial behind Al -Manama Center,Transfer,Cars,No Clouds,natural,Normal,basic,Traffic accident,2,0,,
1022,1022,65824,88923,Fujairah,Civil Defense Center - Administration,Police and traffic,5/27/2014,2014/05/27-20:28,2014/05/27-20:33,2014/05/27-20:34,5/27/2014 20:53,2014/05/27-20:56,2014/05/27-21:00,Transportation accidents,Clash,Cars,Other places,Streets and squares,crash accident,Transfer,Cars,No Clouds,natural,Normal,basic,Traffic accident,2,0,,
1023,1023,65827,88926,Ajman,Civil Defense Center - Administration,Police and traffic,5/27/2014,2014/05/27-23:50,2014/05/27-23:53,2014/05/27-23:55,5/27/2014 23:58,2014/05/28-00:10,2014/05/28-00:14,Transportation accidents,One hundredth,Missing,Other places,Streets and squares,Al -Rashidiya area opposite Ajman Club,Separation of a battery,Missing,No Clouds,natural,Normal,basic,it is not determined yet,0,0,,
1024,1024,65871,88970,Ras Al Khaimah,Civil Defense Center - Northern Administration,The audience,5/31/2014,2014/05/31-16:45,2014/05/31-16:47,2014/05/31-16:50,5/31/2014 16:52,2014/05/31-16:53,2014/05/31-17:20,Transportation accidents,Clash,the person,Other places,Streets and squares,Rams Street,rescue,furniture,No Clouds,natural,very important,basic,Traffic accident,0,0,,
1025,1025,65897,88996,Umm Al Quwain,Civil Defense Center - Al -Madinah,Police and traffic,6/3/2014,2014/06/03-15:11,2014/06/03-15:13,2014/06/03-15:15,6/3/2014 15:16,2014/06/03-15:17,2014/06/03-15:19,Transportation accidents,Run over,the person,residential,residential,Red popularity home No. 4/606,Directing confined and transferring injured people,Cars,No Clouds,natural,Important,basic,Traffic accident,1,0,,
1026,1026,65907,89006,Fujairah,Civil Defense Center - Dibba,Police and traffic,6/4/2014,2014/06/04-05:00,2014/06/04-05:20,2014/06/04-05:35,6/4/2014 5:45,2014/06/04-05:50,2014/06/04-06:10,Transportation accidents,Deterioration,Cars,Other places,Streets and squares,Al -Halala Dibba Al -Fujairah area,Ambulance and transfer of injured and deceased,Missing,No Clouds,natural,Important,medium,Traffic accident,1,1,,
1027,1027,65910,89009,Umm Al Quwain,Civil Defense Center - Al -Madinah,Police and traffic,6/4/2014,2014/06/04-13:10,2014/06/04-13:12,2014/06/04-13:13,6/4/2014 13:14,2014/06/04-13:28,2014/06/04-13:30,Transportation accidents,Clash,the person,Other places,Streets and squares,Near the beach hotel,Ambulance and transfer of a person,Missing,No Clouds,natural,Normal,basic,Traffic accident,1,0,,
1028,1028,65913,89012,Eye,Civil Defense Center - Shuwaib,Police and traffic,6/4/2014,2014/06/04-14:24,2014/06/04-14:31,2014/06/04-14:40,6/4/2014 15:10,2014/06/04-15:15,2014/06/04-15:25,Transportation accidents,Clash,Cars,Means of transport,car,Shuwaib,Directing confined and transferring injured people,Specific,No Clouds,natural,very important,basic,it is not determined yet,2,0,,
1029,1029,65927,89026,Ras Al Khaimah,Civil Defense Center - Kadra,Police and traffic,6/5/2014,2014/06/05-06:41,2014/06/05-06:43,2014/06/05-06:45,6/5/2014 6:50,2014/06/05-06:52,2014/06/05-07:10,Transportation accidents,Deterioration,the person,Public facilities and services,Public places and places,Kadra Shuka Street,Transfer,governmental,No Clouds,natural,Important,basic,Traffic accident,1,0,,
1030,1030,65949,89048,Al Dhafra,Civil Defense Center - Ghayathi,Police and traffic,6/7/2014,2014/06/07-12:12,2014/06/07-12:35,2014/06/07-12:40,6/7/2014 12:41,2014/06/07-12:44,2014/06/07-13:20,Transportation accidents,Deterioration,Cars,Public facilities and services,Public places and places,Ghiathi Giathi Liwa Road,Ambulance and transfer of a person,Cars,No Clouds,natural,Important,basic,Traffic accident,1,0,,
1031,1031,65953,89052,Ras Al Khaimah,Civil Defense Center - Administration,Police and traffic,6/7/2014,2014/06/07-06:00,2014/06/07-06:14,2014/06/07-06:56,6/7/2014 6:58,2014/06/07-07:00,2014/06/07-07:20,Transportation accidents,Deterioration,the person,Public facilities and services,Public places and places,Sheikh Khalifa Street towards Fujairah,Ambulance and transfer of a person,Missing,No Clouds,natural,Important,basic,Traffic accident,1,0,,
1032,1032,65961,89060,Al Dhafra,Civil Defense Center - Ghayathi,Police and traffic,6/8/2014,2014/06/08-06:30,2014/06/08-06:45,2014/06/08-06:46,6/8/2014 6:47,2014/06/08-06:48,2014/06/08-07:30,Transportation accidents,Clash,Cars,Public facilities and services,Public places and places,Giathi Ruwais Road,Ambulance and transfer of a person,Cars,No Clouds,natural,Important,basic,Traffic accident,1,0,,
1033,1033,65968,89067,Fujairah,Civil Defense Center - Al -Madinah,Civil defense departments and centers,6/8/2014,2014/06/08-13:15,2014/06/08-13:17,2014/06/08-13:20,6/8/2014 13:25,2014/06/08-13:30,2014/06/08-15:00,Transportation accidents,Deterioration,Cars,Means of transport,car,City Center - Fujairah College roundabout,take actions,Cars,No Clouds,natural,very important,basic,Traffic accident,1,0,,
1034,1034,65999,89098,Ras Al Khaimah,Civil Defense Center - Administration,Police and traffic,6/10/2014,2014/06/10-11:25,2014/06/10-11:27,2014/06/10-11:33,6/10/2014 11:37,2014/06/10-11:38,2014/06/10-11:40,Transportation accidents,Clash,the person,Other places,Streets and squares,Ras Al Khaimah Bridge next to the Civil Defense Department,Ambulance and transfer of a person,Missing,No Clouds,natural,Important,basic,Traffic accident,3,0,,
1035,1035,66032,89131,Sharjah / Eastern Region,Civil Defense Center - Khor Fakkan,Civil defense departments and centers,6/12/2014,2014/06/12-16:58,2014/06/12-17:05,2014/06/12-17:06,6/12/2014 17:08,2014/06/12-17:10,2014/06/12-17:18,Transportation accidents,Clash,Cars,governmental,governmental,Fujairah / profitable,Directing and transporting injured and deceased,Missing,No Clouds,natural,very important,medium,it is not determined yet,1,1,,
1036,1036,66066,89165,Umm Al Quwain,Civil Defense Center - Al -Madinah,Police and traffic,6/14/2014,2014/06/14-01:00,2014/06/14-01:01,2014/06/14-01:02,6/14/2014 1:03,2014/06/14-01:30,2014/06/14-01:31,Transportation accidents,Clash,the person,governmental,governmental,Besides Carrefour,Transfer,Missing,No Clouds,natural,Normal,basic,Traffic accident,4,0,,
1037,1037,66076,89175,Ajman,Civil Defense Center - Administration,Police and traffic,6/14/2014,2014/06/14-20:43,2014/06/14-20:47,2014/06/14-20:48,6/14/2014 20:51,2014/06/14-20:53,2014/06/14-22:10,Transportation accidents,Clash,Cars,Other places,Streets and squares,Al -Hamidiya area opposite the Hamidiya police station,Ambulance and rescue,Missing,No Clouds,natural,Normal,basic,Traffic accident,3,0,,
1038,1038,66104,89203,Al Dhafra,Civil Defense Center - Liwa,Police and traffic,6/16/2014,2014/06/16-21:30,2014/06/16-21:40,2014/06/16-21:41,6/16/2014 21:42,2014/06/16-21:43,2014/06/16-22:10,Transportation accidents,Deterioration,the person,Public facilities and services,Public places and places,"Liwa, the area of Mazira, about 2 kilos",Ambulance and transfer of a person,Missing,No Clouds,natural,Important,basic,Traffic accident,1,0,,
1039,1039,66112,89211,Abu Dhabi,Civil Defense Center - Mossafah M14,Police and traffic,6/17/2014,2014/06/17-13:20,2014/06/17-13:22,2014/06/17-13:40,6/17/2014 14:05,2014/06/17-14:10,2014/06/17-14:20,Transportation accidents,Clash,Cars,Public facilities and services,Public places and places,Industrial armies m 17,take actions,furniture,No Clouds,natural,Important,basic,Traffic accident,4,0,,
1040,1040,66117,89216,Fujairah,Civil Defense Center - Al -Taween,Police and traffic,6/18/2014,2014/06/18-16:24,2014/06/18-16:29,2014/06/18-16:31,6/18/2014 16:32,2014/06/18-16:32,2014/06/18-16:58,Transportation accidents,Deterioration,Cars,governmental,governmental,Al -Tuwayen Street - Al -Sarram area,Transfer,Missing,No Clouds,natural,very important,basic,Traffic accident,3,0,,
1041,1041,66126,89225,Umm Al Quwain,Civil Defense Center - Al -Madinah,Police and traffic,6/19/2014,2014/06/19-11:10,2014/06/19-11:11,2014/06/19-11:12,6/19/2014 11:13,2014/06/19-11:25,2014/06/19-11:26,Transportation accidents,Run over,the person,Other places,Other places,In front of Kentucky,Transfer,Missing,No Clouds,natural,Normal,basic,Traffic accident,1,0,,
1042,1042,66145,89244,Al Dhafra,Civil Defense Center - Ghayathi,Civil defense departments and centers,6/20/2014,2014/06/20-13:00,2014/06/20-13:03,2014/06/20-13:08,6/20/2014 13:12,2014/06/20-13:14,2014/06/20-13:30,Transportation accidents,One hundredth,Missing,governmental,governmental,Ghayathi before the hospital on the general line,take actions,furniture,No Clouds,natural,very important,basic,Traffic accident,1,0,,
1043,1043,66149,89248,Ajman,Civil Defense Center - Al -Jarf,Police and traffic,6/20/2014,2014/06/20-17:48,2014/06/20-17:51,2014/06/20-17:53,6/20/2014 18:00,2014/06/20-18:10,2014/06/20-18:13,Transportation accidents,Clash,Missing,Other places,Streets and squares,Al -Jarf area near the cemetery,Directing confined and transferring injured people,Missing,No Clouds,natural,Normal,basic,Traffic accident,2,0,,
1044,1044,66197,89296,Al Dhafra,Civil Defense Center - Ghayathi,Police and traffic,6/24/2014,2014/06/24-16:04,2014/06/24-16:15,2014/06/24-16:17,6/24/2014 16:18,2014/06/24-16:19,2014/06/24-16:45,Transportation accidents,One hundredth,Electricity column,Public facilities and services,Electricity column,Giathi Ruwais Road,Ambulance and transfer of a person,Electricity,No Clouds,natural,Normal,basic,Traffic accident,1,0,,
1045,1045,66217,89316,Fujairah,Civil Defense Center - Administration,Police and traffic,6/25/2014,2014/06/25-21:20,2014/06/25-21:31,2014/06/25-21:37,6/25/2014 21:40,2014/06/25-21:41,2014/06/25-21:50,Transportation accidents,Clash,Cars,Other places,Streets and squares,"Al -Black District, Al -Mina Al -Fujairah Street",Directing confined and transferring injured people,Missing,No Clouds,natural,Important,basic,Traffic accident,1,0,,
1046,1046,66225,89324,Al Dhafra,Civil Defense Center - Liwa,Police and traffic,6/26/2014,2014/06/26-10:35,2014/06/26-10:43,2014/06/26-10:44,6/26/2014 10:45,2014/06/26-10:46,2014/06/26-11:40,Transportation accidents,Clash,Cars,Public facilities and services,Public places and places,"Liwa Road, Zayed City",Ambulance and transfer of a person,Cars,No Clouds,natural,Important,basic,Traffic accident,1,0,,
1047,1047,66244,89343,Fujairah,Civil Defense Center - Dibba,Police and traffic,6/27/2014,2014/06/27-17:40,2014/06/27-17:50,2014/06/27-17:55,6/27/2014 17:56,2014/06/27-18:10,2014/06/27-18:35,Transportation accidents,Deterioration,Missing,Other places,Streets and squares,Missing,take actions,Missing,No Clouds,natural,Important,basic,it is not determined yet,7,0,,
1048,1048,66253,89352,Al Dhafra,Civil Defense Center - Zayed City,Police and traffic,6/28/2014,2014/06/28-08:20,2014/06/28-08:45,2014/06/28-09:10,6/28/2014 9:15,2014/06/28-09:17,2014/06/28-10:35,Transportation accidents,Clash,the person,Public facilities and services,Public places and places,"At Al -Hilweh Roundabout, a distance of 20 km, not a temple in Zayed",rescue,Cars,No Clouds,natural,Important,basic,Traffic accident,1,0,,
1049,1049,66279,89378,Sharjah / Eastern Region,Civil Defense Center - Khor Fakkan,The audience,6/30/2014,2014/06/30-10:52,2014/06/30-10:53,2014/06/30-10:54,6/30/2014 10:55,2014/06/30-11:00,2014/06/30-11:01,Transportation accidents,One hundredth,Electricity column,governmental,governmental,Civil Defense Roundabout / Khor Fakkan,Exit and transfer injured people,Cars,Clouds,natural,Normal,basic,Traffic accident,1,0,,
1050,1050,66308,89407,Al Dhafra,Civil Defense Center - Ghayathi,The audience,7/2/2014,2014/07/02-10:10,2014/07/02-10:50,2014/07/02-10:55,7/2/2014 11:00,2014/07/02-11:05,2014/07/02-11:20,Transportation accidents,Deterioration,the person,governmental,governmental,A report stating that there was an accident of the deterioration of a car by Giathi,take actions,Transmission,No Clouds,natural,very important,medium,Traffic accident,0,1,,
1051,1051,66317,89416,Fujairah,Civil Defense Center - Administration,Police and traffic,7/2/2014,2014/07/02-22:05,2014/07/02-22:16,2014/07/02-23:00,7/2/2014 23:18,2014/07/02-23:20,2014/07/03-23:40,Transportation accidents,One hundredth,Cars,Other places,Streets and squares,A car was shocked by lighting columns,Directing confined and transferring injured people,Cars,No Clouds,natural,Important,basic,Traffic accident,1,0,,
1052,1052,66331,89430,Al Dhafra,Civil Defense Center - Ghayathi,Police and traffic,7/4/2014,2014/07/04-03:20,2014/07/04-03:25,2014/07/04-03:29,7/4/2014 3:31,2014/07/04-03:33,2014/07/04-03:50,Transportation accidents,Deterioration,the person,governmental,governmental,Ghayathi Police Station,Ambulance and transfer of a person,governmental,No Clouds,natural,Important,basic,Traffic accident,1,0,,
1053,1053,66342,89441,Ras Al Khaimah,Civil Defense Center - Kadra,Police and traffic,7/4/2014,2014/07/04-22:43,2014/07/04-22:54,2014/07/04-23:12,7/4/2014 23:13,2014/07/04-23:15,2014/07/04-23:55,Transportation accidents,Clash,Missing,Public facilities and services,Public places and places,fork,Ambulance and transfer of a person,Missing,No Clouds,natural,Important,basic,Traffic accident,2,0,,
1054,1054,66361,89460,Ras Al Khaimah,Civil Defense Center - Administration,Police and traffic,7/5/2014,2014/07/05-10:30,2014/07/05-10:47,2014/07/05-10:50,7/5/2014 10:52,2014/07/05-10:55,2014/07/05-23:07,Transportation accidents,Clash,the person,governmental,governmental,"Sheikh Khalifa Street, as a result of Kadra, near the bridge",Transfer,governmental,No Clouds,natural,very important,basic,Traffic accident,1,0,,
1055,1055,66386,89485,Ajman,Civil Defense Center - Administration,Police and traffic,7/8/2014,2014/07/08-06:53,2014/07/08-06:56,2014/07/08-06:58,7/8/2014 7:25,2014/07/08-07:36,2014/07/08-07:41,Transportation accidents,One hundredth,Missing,Other places,Streets and squares,Al -Rashidiya area 1 near the Gulf boats,Fire fighting,Missing,No Clouds,natural,Normal,basic,Traffic accident,0,0,,
1056,1056,66399,89498,Fujairah,Civil Defense Center - against us,Police and traffic,7/8/2014,2014/07/08-22:46,2014/07/08-22:48,2014/07/08-22:49,7/8/2014 22:50,2014/07/08-22:53,2014/07/08-23:30,Transportation accidents,Clash,Cars,Other places,Streets and squares,Two cars collision with an area against us,Ambulance and transfer of a person,Missing,No Clouds,natural,Important,basic,Traffic accident,1,0,,
1057,1057,66400,89499,Umm Al Quwain,Civil Defense Center - Al -Madinah,Police and traffic,7/9/2014,2014/07/09-22:30,2014/07/09-22:31,2014/07/09-22:35,7/9/2014 22:36,2014/07/09-22:40,2014/07/09-22:42,Transportation accidents,Run over,the person,Public facilities and services,Public places and places,"King Faisal Street, near Hubi Land",Ambulance and rescue,Cars,No Clouds,natural,Important,basic,Traffic accident,1,0,,