,Unnamed: 0,rec_id,Accident number,Competent Department,Competent Center,Amount rating,Date of the accident,The date and time of the notification,Date and time of first arrival,Date and time of completion of control,End date and time of the operation,Departure date and time,Date and time of return to the center,Accident Group,Type of accident,Direct damage,Acccident scene category,Accident scene,Accident title,The band's work summary,Activity,Weather condition,Road condition,Priority level,Accident size,The cause of the accident,The number of injured people,The number of deaths in the public,The number of injured members of the force,The number of deaths of members of the force
1058,1058,66408,89507,Fujairah,Civil Defense Center - Al -Taween,Police and traffic,7/9/2014,2014/07/09-09:18,2014/07/09-09:30,2014/07/09-09:31,7/9/2014 9:45,2014/07/09-09:50,2014/07/09-10:05,Transportation accidents,Clash,Cars,governmental,governmental,Al -Tuwayen Roundabout - Khait Road (Sih Al -Banna),Transfer,Missing,Clouds,natural,very important,basic,it is not determined yet,1,0,,
1059,1059,66431,89530,Ajman,Civil Defense Center - Industrial,Civil defense departments and centers,7/12/2014,2014/07/12-12:45,2014/07/12-12:48,2014/07/12-12:52,7/12/2014 13:10,2014/07/12-13:20,2014/07/12-13:45,Transportation accidents,Deterioration,Cars,governmental,governmental,Missing,Separation of a battery,Missing,No Clouds,natural,Important,basic,Traffic accident,3,0,,
1060,1060,66432,89531,Fujairah,Civil Defense Center - Dibba,Police and traffic,7/12/2014,2014/07/12-13:40,2014/07/12-13:51,2014/07/12-13:58,7/12/2014 14:00,2014/07/12-14:05,2014/07/12-14:40,Transportation accidents,Deterioration,Cars,governmental,governmental,Wadi Al Abadleh area,Transfer,Missing,No Clouds,natural,very important,basic,it is not determined yet,2,0,,
1061,1061,66433,89532,Al Dhafra,Civil Defense Center - Liwa,Police and traffic,7/12/2014,2014/07/12-15:45,2014/07/12-15:55,2014/07/12-15:57,7/12/2014 15:59,2014/07/12-16:00,2014/07/12-16:30,Transportation accidents,Deterioration,the person,Public facilities and services,Public places and places,"Muzira area, behind the Sheikh Hamdan Palace in Liwa",Ambulance and transfer of a person,Missing,No Clouds,natural,Important,basic,it is not determined yet,1,0,,
1062,1062,66440,89539,Fujairah,Civil Defense Center - Al -Taween,Police and traffic,7/12/2014,2014/07/12-17:58,2014/07/12-18:02,2014/07/12-18:04,7/12/2014 18:05,2014/07/12-18:09,2014/07/12-18:30,Transportation accidents,One hundredth,Cars,governmental,governmental,Topical Al -Sarram - Al -Tuwayen Street,Transfer,furniture,No Clouds,natural,very important,basic,it is not determined yet,1,0,,
1063,1063,66445,89544,Fujairah,Civil Defense Center - Al -Madinah,Police and traffic,7/12/2014,2014/07/12-20:10,2014/07/12-20:20,2014/07/12-20:22,7/12/2014 20:25,2014/07/12-20:30,2014/07/12-20:40,Transportation accidents,Deterioration,Cars,governmental,governmental,Wadi Mai region - Fujairah,Ambulance and rescue,Missing,No Clouds,natural,very important,basic,it is not determined yet,1,0,,
1064,1064,66460,89559,Eye,Civil Defense Center - Al -Qaa,Police and traffic,7/13/2014,2014/07/13-23:48,2014/07/13-23:53,2014/07/14-00:10,7/14/2014 0:20,2014/07/14-00:25,2014/07/14-00:47,Transportation accidents,Clash,Cars,Means of transport,car,Al -Qaa near the Sheikh/Khalifa bin Zayed farm,Fire fighting,Cars,No Clouds,natural,Important,medium,Traffic accident,0,2,,
1065,1065,66483,89582,Ras Al Khaimah,Civil Defense Center - Kadra,Police and traffic,7/17/2014,2014/07/17-15:10,2014/07/17-15:24,2014/07/17-15:28,7/17/2014 15:32,2014/07/17-15:34,2014/07/17-15:40,Transportation accidents,Clash,the person,governmental,governmental,"Kadra Bridge after the roundabout, column No. 148, in the direction of Sharjah",Transfer,governmental,No Clouds,natural,Important,basic,Traffic accident,1,0,,
1066,1066,66493,89592,Fujairah,Civil Defense Center - Dibba,Police and traffic,7/18/2014,2014/07/18-21:15,2014/07/18-21:23,2014/07/18-21:30,7/18/2014 21:31,2014/07/18-21:34,2014/07/18-22:05,Transportation accidents,Deterioration,Cars,governmental,governmental,Roll region against us,Ambulance,Missing,No Clouds,natural,Normal,basic,Traffic accident,2,0,,
1067,1067,66532,89631,Al Dhafra,Civil Defense Center - Ghayathi,Police and traffic,7/21/2014,2014/07/21-16:20,2014/07/21-16:25,2014/07/21-16:26,7/21/2014 16:27,2014/07/21-16:28,2014/07/21-16:35,Transportation accidents,Deterioration,Cars,Public facilities and services,Public places and places,Giathi Ruwais Road,Ambulance and transfer of a person,Cars,No Clouds,natural,Important,basic,Traffic accident,1,0,,
1068,1068,66539,89638,Ajman,Civil Defense Center - Administration,Other parties,7/22/2014,2014/07/22-06:42,2014/07/22-06:50,2014/07/22-06:55,7/22/2014 7:00,2014/07/22-07:05,2014/07/22-07:55,Transportation accidents,Deterioration,the person,Other places,Streets and squares,Al -Hamriya area,Transfer,Missing,No Clouds,natural,Normal,basic,Traffic accident,3,0,,
1069,1069,66549,89648,Ras Al Khaimah,Civil Defense Center - Kadra,Police and traffic,7/22/2014,2014/07/22-22:00,2014/07/22-22:06,2014/07/22-22:07,7/22/2014 22:11,2014/07/22-22:12,2014/07/22-22:50,Transportation accidents,One hundredth,the person,Other places,Streets and squares,Kadra Street after the bridge,Ambulance and transfer of a person,Specific,No Clouds,natural,Important,basic,Traffic accident,1,0,,
1070,1070,66562,89661,Abu Dhabi,Civil Defense Center - Al Wathba,Police and traffic,7/24/2014,2014/07/24-00:44,2014/07/24-01:10,2014/07/24-01:12,7/24/2014 1:37,2014/07/24-01:53,2014/07/24-02:35,Transportation accidents,Clash,Cars,Other places,Other places,Before the sealing bridge towards the eye (seal) area,Fire combat and rescue,Cars,No Clouds,natural,Important,basic,Traffic accident,0,0,,
1071,1071,66573,89672,Ajman,Civil Defense Center - Administration,Civil defense departments and centers,7/25/2014,2014/07/25-02:33,2014/07/25-02:37,2014/07/25-02:39,7/25/2014 2:41,2014/07/25-02:44,2014/07/25-03:15,Transportation accidents,Clash,the person,governmental,governmental,Dignity,Ambulance and transfer of a person,Missing,No Clouds,natural,Important,basic,Traffic accident,1,0,,
1072,1072,66576,89675,Umm Al Quwain,Civil Defense Center - Administration,The audience,7/25/2014,2014/07/25-19:00,2014/07/25-19:02,2014/07/25-19:03,7/25/2014 19:04,2014/07/25-19:30,2014/07/25-19:32,Transportation accidents,Clash,the person,governmental,governmental,Al -Hamraga Al -Raqib Al -Khazan Hospital,Transfer,Missing,No Clouds,natural,Normal,basic,Traffic accident,1,0,,
1073,1073,66577,89676,Ajman,Civil Defense Center - Rumaila,Police and traffic,7/25/2014,2014/07/25-23:37,2014/07/25-23:41,2014/07/25-23:44,7/25/2014 23:48,2014/07/25-23:52,2014/07/26-00:10,Transportation accidents,Run over,the person,Other places,Streets and squares,Ajman Corniche,Transfer,Missing,No Clouds,natural,Normal,basic,Traffic accident,1,0,,
1074,1074,66583,89682,Umm Al Quwain,Civil Defense Center - Administration,Police and traffic,7/26/2014,2014/07/26-15:47,2014/07/26-15:57,2014/07/26-16:16,7/26/2014 17:00,2014/07/26-17:05,2014/07/26-17:20,Transportation accidents,Deterioration,the person,Public facilities and services,Public places and places,"Emirates Street, Al -Surra Bridge",Exit and transfer injured people,Cars,I did not specify,natural,Normal,basic,it is not determined yet,1,0,,
1075,1075,66603,89702,Fujairah,Civil Defense Center - Al -Taween,Police and traffic,7/28/2014,2014/07/28-01:19,2014/07/28-01:24,2014/07/28-01:27,7/28/2014 1:29,2014/07/28-01:30,2014/07/28-02:20,Transportation accidents,One hundredth,Missing,governmental,governmental,Al -Mahqqqa area - Dibba Al -Fujairah,Conquest,Missing,No Clouds,natural,Normal,basic,Traffic accident,1,0,,
1076,1076,66623,89722,Al Dhafra,Civil Defense Center - Ghayathi,Police and traffic,7/29/2014,2014/07/29-12:32,2014/07/29-13:00,2014/07/29-13:02,7/29/2014 13:04,2014/07/29-13:05,2014/07/29-14:15,Transportation accidents,Deterioration,Missing,Other places,Other places,Giathi Road - Liwa,take actions,Cars,Dust and wind,unclassified,Important,basic,it is not determined yet,1,0,,
1077,1077,66625,89724,Ras Al Khaimah,Civil Defense Center - Kadra,Police and traffic,7/29/2014,2014/07/29-10:42,2014/07/29-10:59,2014/07/29-11:09,7/29/2014 11:11,2014/07/29-11:13,2014/07/29-12:15,Transportation accidents,Clash,the person,Public facilities and services,Public places and places,Al -Munaabi Road Kalba,Transfer,governmental,No Clouds,natural,very important,basic,Traffic accident,3,0,,
1078,1078,66655,89754,Ajman,Civil Defense Center - Administration,Other parties,8/1/2014,2014/08/01-01:30,2014/08/01-01:35,2014/08/01-01:37,8/1/2014 1:40,2014/08/01-01:44,2014/08/01-02:15,Transportation accidents,Clash,Cars,Other places,Streets and squares,Al -Naeemia District - Sheikh Zayed Street,Separation of a battery,Missing,No Clouds,natural,Normal,basic,Traffic accident,1,0,,
1079,1079,66672,89771,Ajman,Civil Defense Center - Administration,Police and traffic,8/3/2014,2014/08/03-08:11,2014/08/03-08:15,2014/08/03-08:20,8/3/2014 8:25,2014/08/03-08:30,2014/08/03-08:35,Transportation accidents,Deterioration,Cars,governmental,governmental,industrial area,Rescue people,Missing,No Clouds,natural,Normal,basic,Traffic accident,1,0,,
1080,1080,66678,89777,Fujairah,Civil Defense Center - Al -Taween,Police and traffic,8/3/2014,2014/08/03-17:22,2014/08/03-17:28,2014/08/03-17:38,8/3/2014 17:44,2014/08/03-17:50,2014/08/03-18:10,Transportation accidents,Clash,Cars,Means of transport,car,Dubai Dibba Al -Fujairah,Rescue people,Missing,I did not specify,natural,Normal,basic,Traffic accident,1,0,,
1081,1081,66690,89789,Ajman,Civil Defense Center - Administration,Police and traffic,8/4/2014,2014/08/04-18:32,2014/08/04-18:36,2014/08/04-18:39,8/4/2014 18:59,2014/08/04-19:29,2014/08/04-19:34,Transportation accidents,Clash,Missing,Other places,Other places,Above the bridge of Al -Wadda opposite Ambassador Hyper Market,Ambulance and transfer of a person,Missing,No Clouds,natural,Normal,basic,Traffic accident,4,0,,
1082,1082,66799,89898,Al Dhafra,Civil Defense Center - Liwa,Police and traffic,8/10/2014,2014/08/10-06:00,2014/08/10-06:10,2014/08/10-06:13,8/10/2014 6:14,2014/08/10-06:15,2014/08/10-07:10,Transportation accidents,Deterioration,Cars,Other places,Other places,Mile area / Liwa,take actions,Missing,I did not specify,unclassified,Important,basic,it is not determined yet,6,0,,
1083,1083,66832,89941,Sharjah,Civil Defense Center - Sunan,Police and traffic,8/12/2014,2014/08/12-05:40,2014/08/12-05:47,2014/08/12-05:50,8/12/2014 5:57,2014/08/12-06:06,2014/08/12-06:14,Transportation accidents,One hundredth,Cars,Means of transport,Methods and transport facilities,Helwan Bridge towards Al Dhaid,Fire inspection,Cars,I did not specify,unclassified,Normal,basic,Traffic accident,0,0,,
1084,1084,66954,90063,Umm Al Quwain,Civil Defense Center - Administration,Police and traffic,8/21/2014,2014/08/21-13:20,2014/08/21-13:25,2014/08/21-13:27,8/21/2014 13:28,2014/08/21-13:30,2014/08/21-13:35,Transportation accidents,Deterioration,the person,governmental,governmental,"Near the Aspaust factory, the street next to Falaj Al -Mualla",Transfer,Missing,No Clouds,natural,Normal,basic,Traffic accident,1,0,,
1085,1085,66962,90071,Ras Al Khaimah,Civil Defense Center - Kadra,Police and traffic,8/21/2014,2014/08/21-13:17,2014/08/21-13:30,2014/08/21-13:33,8/21/2014 13:43,2014/08/21-13:45,2014/08/21-14:30,Transportation accidents,Deterioration,Cars,Other places,Streets and squares,Asfni area,Ambulance and transfer of a person,Specific,No Clouds,natural,Important,basic,Traffic accident,1,0,,
1086,1086,66963,90072,Ras Al Khaimah,Civil Defense Center - Kadra,Police and traffic,8/21/2014,2014/08/21-13:47,2014/08/21-13:54,2014/08/21-13:55,8/21/2014 13:57,2014/08/21-14:00,2014/08/21-15:05,Transportation accidents,Deterioration,Cars,Other places,Streets and squares,Sheikh Khalifa bin Zayed Street,Ambulance and transfer of a person,Specific,No Clouds,natural,Important,basic,Traffic accident,1,0,,
1087,1087,66982,90091,Sharjah,Civil Defense Center - Al -Sajaa,Police and traffic,8/24/2014,2014/08/24-00:15,2014/08/24-00:20,2014/08/24-00:27,8/24/2014 0:40,2014/08/24-00:50,2014/08/24-00:55,Transportation accidents,Clash,Cars,Public facilities and services,Public places and places,7 intersection near the memorial,rescue,renting cars,No Clouds,natural,Important,basic,Traffic accident,1,0,,
1088,1088,67024,90133,Umm Al Quwain,Civil Defense Center - Administration,Police and traffic,8/27/2014,2014/08/27-21:20,2014/08/27-21:22,2014/08/27-21:23,8/27/2014 21:24,2014/08/27-21:25,2014/08/27-21:26,Transportation accidents,Clash,the person,governmental,governmental,Near the sewing of comfort,Transfer,Missing,No Clouds,natural,Normal,basic,Traffic accident,2,0,,
1089,1089,67032,90141,Ras Al Khaimah,Civil Defense Center - Kadra,Police and traffic,8/28/2014,2014/08/28-17:25,2014/08/28-17:33,2014/08/28-17:47,8/28/2014 17:55,2014/08/28-17:58,2014/08/28-18:19,Transportation accidents,Deterioration,Cars,Other places,Streets and squares,Shock,Ambulance and transfer of a person,Missing,No Clouds,natural,Normal,basic,it is not determined yet,3,0,,
1090,1090,67039,90148,Ajman,Civil Defense Center - Administration,Police and traffic,8/29/2014,2014/08/29-05:44,2014/08/29-05:49,2014/08/29-05:52,8/29/2014 5:56,2014/08/29-06:02,2014/08/29-06:10,Transportation accidents,Clash,the person,Other places,Streets and squares,Mohammed bin Zayed Street - After the Enok station towards Sharjah,Exit and transfer injured people,Missing,No Clouds,natural,Normal,basic,it is not determined yet,0,0,,
1091,1091,67053,90162,Ras Al Khaimah,Civil Defense Center - Kadra,The audience,8/29/2014,2014/08/29-15:48,2014/08/29-16:04,2014/08/29-16:11,8/29/2014 16:15,2014/08/29-16:18,2014/08/29-17:00,Transportation accidents,Deterioration,the person,Other places,Streets and squares,Thorn,Ambulance and transfer of a person,Missing,I did not specify,unclassified,Normal,basic,Traffic accident,1,0,,
1092,1092,67063,90172,Umm Al Quwain,Civil Defense Center - Administration,Police and traffic,8/30/2014,2014/08/30-08:34,2014/08/30-08:38,2014/08/30-08:45,8/30/2014 8:55,2014/08/30-09:50,2014/08/30-10:30,Transportation accidents,Deterioration,the person,Public facilities and services,Public places and places,Sheikh Mohammed bin Zayed Street Exit (116),Fire fighting and transporting a corpse,Cars,No Clouds,natural,Important,medium,Traffic accident,0,1,,
1093,1093,67064,90173,Umm Al Quwain,Civil Defense Center - Administration,Police and traffic,8/30/2014,2014/08/30-13:10,2014/08/30-13:11,2014/08/30-13:12,8/30/2014 13:13,2014/08/30-13:15,2014/08/30-13:16,Transportation accidents,Clash,the person,Public facilities and services,Public places and places,Near Carrefour,Ambulance and rescue,Cars,No Clouds,natural,Normal,basic,Traffic accident,2,0,,
1094,1094,67159,90263,Dubai,Al Quoz Center,Police and traffic,9/5/2014,2014/09/05-06:04,2014/09/05-06:11,2014/09/05-06:16,9/5/2014 6:38,2014/09/05-06:43,2014/09/05-06:58,Transportation accidents,Clash,Cars,Means of transport,car,Bar Dubai - Al Khail Street,Fire control and cooling,Cars,No Clouds,natural,Normal,basic,it is not determined yet,0,0,,
1095,1095,67163,90267,Umm Al Quwain,Civil Defense Center - Administration,Police and traffic,9/5/2014,2014/09/05-14:30,2014/09/05-14:34,2014/09/05-14:35,9/5/2014 14:39,2014/09/05-14:40,2014/09/05-14:59,Transportation accidents,Clash,the person,Public facilities and services,Public places and places,Behind the sheep school,Ambulance and transfer of a person,Cars,No Clouds,natural,Normal,basic,Traffic accident,3,0,,
1096,1096,67168,90272,Fujairah,Civil Defense Center - Dibba,Police and traffic,9/5/2014,2014/09/05-14:24,2014/09/05-14:28,2014/09/05-14:31,9/5/2014 14:33,2014/09/05-14:34,2014/09/05-14:50,Transportation accidents,Deterioration,Cars,Other places,Streets and squares,A car deterioration in the Roll Dibba area,Directing injured and deceased,Missing,No Clouds,natural,Normal,basic,it is not determined yet,1,0,,
1097,1097,67205,90309,Fujairah,Civil Defense Center - Al -Madinah,Police and traffic,9/8/2014,2014/09/08-05:00,2014/09/08-05:06,2014/09/08-05:11,9/8/2014 5:20,2014/09/08-05:25,2014/09/08-05:35,Transportation accidents,Clash,Cars,Public facilities and services,Public places and places,Fujairah Al -Batna Street,Directing confined and transferring injured people,Missing,No Clouds,natural,Important,basic,it is not determined yet,3,0,,
1098,1098,67236,90340,Eye,Civil Defense Center - Al -Khaza,Police and traffic,9/10/2014,2014/09/10-11:40,2014/09/10-11:47,2014/09/10-11:52,9/10/2014 11:55,2014/09/10-11:57,2014/09/10-12:07,Transportation accidents,Deterioration,Cars,Means of transport,Methods and transport facilities,Al -Khaznah area,rescue,Transmission,No Clouds,natural,unclassified,basic,it is not determined yet,1,0,,
1099,1099,67294,90398,Ajman,Civil Defense Center - Administration,Police and traffic,9/15/2014,2014/09/15-15:15,2014/09/15-15:19,2014/09/15-15:20,9/15/2014 15:27,2014/09/15-15:35,2014/09/15-15:41,Transportation accidents,Clash,Cars,Other places,Streets and squares,"Al -Rashidiya area, Sheikh Khalifa bin Zayed Street",Separate two cars,Missing,No Clouds,natural,Normal,basic,it is not determined yet,0,0,,
1100,1100,67327,90431,Ajman,Civil Defense Center - Administration,Police and traffic,9/17/2014,2014/09/17-18:10,2014/09/17-18:15,2014/09/17-18:20,9/17/2014 18:25,2014/09/17-18:30,2014/09/17-18:35,Transportation accidents,Clash,Missing,Other places,Other places,Al -Hamidiya District - Al -Hamidiya Street,Transfer,Missing,No Clouds,natural,Important,medium,Traffic accident,10,0,,
1101,1101,67329,90433,Abu Dhabi,Civil Defense Center - Mossafah M14,Other parties,9/17/2014,2014/09/17-15:50,2014/09/17-15:55,2014/09/17-16:01,9/17/2014 16:33,2014/09/17-16:50,2014/09/17-17:10,Transportation accidents,Clash,Cars,Public facilities and services,Public places and places,Public Street Archive opposite BMW agency,Fire combat and rescue,Cars,No Clouds,Crowded,very important,basic,it is not determined yet,0,0,,
1102,1102,67374,90478,Dubai,Al -Rashidiya Center,Military officers and members,9/21/2014,2014/09/21-16:04,2014/09/21-16:05,2014/09/21-16:10,9/21/2014 16:23,2014/09/21-16:40,2014/09/21-16:51,Transportation accidents,Deterioration,the person,Means of transport,car,Deira - University City - Khalaf Dubai Silicon Oasis,Disturbing injured,Missing,No Clouds,natural,Normal,basic,it is not determined yet,1,0,,
1103,1103,67449,90553,Sharjah,Civil Defense Center - Administration,The audience,9/25/2014,2014/09/25-13:35,2014/09/25-13:37,2014/09/25-13:39,9/25/2014 13:43,2014/09/25-13:50,2014/09/25-13:56,Transportation accidents,Clash,Cars,Means of transport,Methods and transport facilities,Al Dhaid Road at the Cement Factory,take actions,Missing,No Clouds,natural,Normal,basic,it is not determined yet,1,0,,
1104,1104,67465,90569,Abu Dhabi,Civil Defense Center - City,Police and traffic,9/27/2014,2014/09/27-01:03,2014/09/27-01:06,2014/09/27-01:09,9/27/2014 1:36,2014/09/27-01:39,2014/09/27-01:43,Transportation accidents,Clash,Cars,Means of transport,Various transportation,In front of the Dana Hotel - Tourist Club area,Remove petroleum materials from the street,Cars,No Clouds,natural,Normal,basic,it is not determined yet,4,0,,
1105,1105,67471,90575,Sharjah / Eastern Region,Civil Defense Center - Khor Fakkan,Police and traffic,9/28/2014,2014/09/28-04:04,2014/09/28-04:07,2014/09/28-04:09,9/28/2014 4:14,2014/09/28-04:18,2014/09/28-04:21,Transportation accidents,One hundredth,Cars,Means of transport,Methods and transport facilities,Pear,Directing confined and transferring injured people,Cars,No Clouds,natural,Normal,basic,Traffic accident,3,0,,
1106,1106,67487,90591,Ajman,Civil Defense Center - Administration,Police and traffic,9/29/2014,2014/09/29-15:40,2014/09/29-15:45,2014/09/29-15:50,9/29/2014 15:55,2014/09/29-16:00,2014/09/29-16:05,Transportation accidents,Deterioration,trailer,Other places,Other places,Al Jarf area,Street washing,Missing,No Clouds,natural,Normal,basic,Traffic accident,1,0,,
1107,1107,67522,90626,Eye,Civil Defense Center - Zakher (fast intervention),Police and traffic,10/2/2014,2014/10/02-13:02,2014/10/02-13:18,2014/10/02-13:37,10/2/2014 14:43,2014/10/02-14:53,2014/10/02-15:04,Transportation accidents,Deterioration,Crane,Other places,Streets and squares,On the summit of Jabal Hafeet,rescue,Transfer and contracting,I did not specify,unclassified,Normal,basic,it is not determined yet,2,0,,
1108,1108,67533,90637,Al Dhafra,Civil Defense Center - Port,Police and traffic,10/3/2014,2014/10/03-08:10,2014/10/03-08:15,2014/10/03-08:16,10/3/2014 8:31,2014/10/03-08:32,2014/10/03-09:15,Transportation accidents,Clash,Trucks,Other places,Other places,General Street - opposite the Grand Mosque - the port,take actions,Cars,No Clouds,natural,Important,basic,Traffic accident,2,0,,
1109,1109,67629,90733,Fujairah,Civil Defense Center - Al -Taween,Police and traffic,10/10/2014,2014/10/10-19:27,2014/10/10-19:32,2014/10/10-19:40,10/10/2014 19:48,2014/10/10-19:50,2014/10/10-20:17,Transportation accidents,Deterioration,Missing,Other places,Other places,Wadi Cope District - Al -Tuwayen Street,Fighting a large fire,Missing,No Clouds,natural,Normal,basic,it is not determined yet,1,0,,
1110,1110,67645,90749,Eye,Civil Defense Center - Zakher (fast intervention),Police and traffic,10/12/2014,2014/10/12-09:57,2014/10/12-10:10,2014/10/12-10:20,10/12/2014 10:35,2014/10/12-10:50,2014/10/12-11:08,Transportation accidents,Clash,Trucks,Other places,Streets and squares,Truck Street towards Abu Dhabi near Al -Manad Factory,Disturbing injured,Specific,No Clouds,natural,Important,basic,it is not determined yet,2,0,,
1111,1111,67687,90791,Ajman,Civil Defense Center - Administration,Police and traffic,10/16/2014,2014/10/16-00:15,2014/10/16-00:19,2014/10/16-00:20,10/16/2014 0:30,2014/10/16-00:37,2014/10/16-00:42,Transportation accidents,Clash,Missing,Other places,Streets and squares,"Mashwaraf Commercial District, Sheikh Al -Sheikh/ Khalifa bin Zayed",Inspection,Missing,No Clouds,natural,Normal,basic,Traffic accident,1,0,,
1112,1112,67749,90853,Ajman,Civil Defense Center - Administration,Police and traffic,10/18/2014,2014/10/18-08:50,2014/10/18-08:57,2014/10/18-08:58,10/18/2014 9:10,2014/10/18-09:31,2014/10/18-09:42,Transportation accidents,Deterioration,Missing,Other places,Streets and squares,"Al -Jumaidiya area, Al -Hamidiya Bridge, entrance to Sheikh Mohammed Street",Ambulance and transfer of a person,Missing,No Clouds,natural,Normal,basic,Traffic accident,2,0,,
1113,1113,67763,90867,Fujairah,Civil Defense Center - Dibba,The audience,10/19/2014,2014/10/19-18:53,2014/10/19-18:59,2014/10/19-19:06,10/19/2014 19:08,2014/10/19-19:11,2014/10/19-19:45,Transportation accidents,Clash,Cars,Public facilities and services,Public places and places,General Street - Sermic Factory - Dibba Al Fujairah,Exit and transfer injured people,Missing,No Clouds,natural,Normal,basic,it is not determined yet,1,0,,
1114,1114,67823,90927,Ajman,Civil Defense Center - Administration,Police and traffic,10/22/2014,2014/10/22-22:43,2014/10/22-22:46,2014/10/22-22:50,10/22/2014 22:58,2014/10/22-23:08,2014/10/22-23:45,Transportation accidents,Run over,Missing,Other places,Other places,Ajman Corniche,Transfer,Missing,No Clouds,natural,Important,basic,Traffic accident,1,0,,
1115,1115,67886,91011,Ras Al Khaimah,Civil Defense Center - Kadra,Police and traffic,10/24/2014,2014/10/24-17:46,2014/10/24-17:49,2014/10/24-17:54,10/24/2014 17:56,2014/10/24-17:58,2014/10/24-18:10,Transportation accidents,Deterioration,the person,Other places,Streets and squares,Al -Seiji Street,Bodies,Cars,No Clouds,natural,very important,medium,Traffic accident,0,1,,
1116,1116,67889,91014,Abu Dhabi,Civil Defense Center - City,he did not specify,10/25/2014,2014/10/25-01:16,2014/10/25-01:26,,,,,Transportation accidents,Deterioration,fuel tank,governmental,governmental,In exchange for the Al -Zafara base gate on the Tarif Road,take actions,Missing,I did not specify,unclassified,Important,basic,it is not determined yet,0,0,,
1117,1117,67901,91026,Eye,Civil Defense Center - Civil,Police and traffic,10/25/2014,2014/10/25-20:55,2014/10/25-21:03,2014/10/25-21:30,10/25/2014 22:15,2014/10/25-22:30,2014/10/25-22:45,Transportation accidents,Deterioration,Electricity column,Public facilities and services,Public places and places,Traffic/cataires/Busra Bridge,Talent,Cars,No Clouds,natural,Important,medium,Traffic accident,3,2,,
1118,1118,67925,91050,Ajman,Civil Defense Center - Administration,Civil defense departments and centers,10/28/2014,2014/10/28-07:15,2014/10/28-07:18,2014/10/28-07:21,10/28/2014 7:47,2014/10/28-07:50,2014/10/28-07:54,Transportation accidents,Clash,Missing,Other places,Streets and squares,Mashirf commercial area opposite the ceramica store,Transfer,Missing,No Clouds,natural,Normal,basic,Traffic accident,2,0,,
1119,1119,67932,91057,Abu Dhabi,Civil Defense Center - Al -Qubaisat,he did not specify,10/28/2014,2014/10/28-17:55,2014/10/28-18:00,2014/10/28-18:12,10/28/2014 18:19,2014/10/28-19:10,2014/10/28-19:15,Transportation accidents,Clash,Missing,governmental,Government department,"In exchange for the residence and nationality department, airport Street",rescue,Missing,No Clouds,natural,Normal,basic,it is not determined yet,2,0,,
1120,1120,67934,91059,Ajman,Civil Defense Center - Administration,Police and traffic,10/28/2014,2014/10/28-20:27,2014/10/28-20:29,2014/10/28-20:33,10/28/2014 20:43,2014/10/28-20:49,2014/10/28-20:53,Transportation accidents,Deterioration,Cars,Other places,Streets and squares,Mishiref commercial against Al -Amana Pharmacy,Rescue and transfer injured people,Missing,No Clouds,natural,Important,basic,Traffic accident,1,0,,
1121,1121,67943,91068,Al Dhafra,Civil Defense Center - Ghayathi,Police and traffic,10/29/2014,2014/10/29-20:30,2014/10/29-20:50,2014/10/29-21:20,10/29/2014 21:22,2014/10/29-21:25,2014/10/29-21:30,Transportation accidents,Deterioration,the person,Public facilities and services,Public places and places,"Ghayathi Road, Zayed City",Ambulance and transfer of a person,Cars,No Clouds,natural,Important,basic,Traffic accident,1,0,,
1122,1122,67961,91086,Abu Dhabi,Civil Defense Center - Al -Shahama,Police and traffic,10/31/2014,2014/10/31-01:27,2014/10/31-01:31,2014/10/31-01:35,10/31/2014 1:45,2014/10/31-01:52,2014/10/31-02:00,Transportation accidents,Clash,Cars,Means of transport,Truck,Sheikh Maktoum bin Rashid opposite Al Rahba Hospital,Rescue people,Missing,I did not specify,unclassified,unclassified,medium,it is not determined yet,0,1,,
1123,1123,68129,91254,Sharjah,Civil Defense Center - Administration,The audience,11/10/2014,2014/11/10-09:25,2014/11/10-09:28,2014/11/10-09:30,11/10/2014 9:50,2014/11/10-09:55,2014/11/10-10:00,Transportation accidents,Deterioration,Cars,Means of transport,Methods and transport facilities,Kuwaiti roundabout,rescue,Missing,No Clouds,natural,Normal,basic,it is not determined yet,1,0,,
1124,1124,68130,91255,Sharjah / Eastern Region,Civil Defense Center - Kalba,The audience,11/10/2014,2014/11/10-07:29,2014/11/10-07:49,2014/11/10-07:52,11/10/2014 7:58,2014/11/10-08:10,2014/11/10-08:35,Transportation accidents,Deterioration,Cars,Other places,Streets and squares,Al -Fen Street near the big tunnel,Ambulance and rescue,Cars,No Clouds,natural,Normal,basic,Traffic accident,2,0,,