,Unnamed: 0,rec_id,Accident number,Competent Department,Competent Center,Amount rating,Date of the accident,The date and time of the notification,Date and time of first arrival,Date and time of completion of control,End date and time of the operation,Departure date and time,Date and time of return to the center,Accident Group,Type of accident,Direct damage,Acccident scene category,Accident scene,Accident title,The band's work summary,Activity,Weather condition,Road condition,Priority level,Accident size,The cause of the accident,The number of injured people,The number of deaths in the public,The number of injured members of the force,The number of deaths of members of the force
1125,1125,68133,91258,Sharjah,Civil Defense Center - Al Hamriyah,Civil defense departments and centers,11/10/2014,2014/11/10-11:45,2014/11/10-11:54,2014/11/10-12:10,11/10/2014 13:20,2014/11/10-13:27,2014/11/10-13:38,Transportation accidents,Deterioration,tank,Public facilities and services,Public places and places,Sheikh Mohammed bin Zayed Street towards Sharjah,Being and preparing,Cars,No Clouds,natural,Normal,basic,Traffic accident,0,0,,
1126,1126,68134,91259,Ajman,Civil Defense Center - Administration,Police and traffic,11/10/2014,2014/11/10-10:42,2014/11/10-10:50,2014/11/10-10:57,11/10/2014 11:25,2014/11/10-11:38,2014/11/10-11:46,Transportation accidents,Deterioration,Missing,Other places,Other places,Sheikh / Mohammed bin Zayed Street,"Transfer infected, lifting waste and adjusting Trilla",Missing,No Clouds,natural,Important,basic,Traffic accident,1,0,,
1127,1127,68168,91293,Sharjah,Civil Defense Center - Administration,The audience,11/13/2014,2014/11/13-17:26,2014/11/13-17:34,2014/11/13-17:40,11/13/2014 18:10,2014/11/13-18:18,2014/11/13-18:25,Transportation accidents,Clash,Cars,residential,residential,Al -Nouf region (2) next to the Al -Bayt Mosque,rescue,Cars,No Clouds,natural,Normal,medium,Traffic accident,1,1,,
1128,1128,68170,91295,Al Dhafra,Civil Defense Center - Zayed City,The audience,11/13/2014,2014/11/13-13:18,2014/11/13-13:23,2014/11/13-15:23,11/13/2014 17:22,2014/11/13-18:00,2014/11/13-18:10,Transportation accidents,Clash,Cars,governmental,governmental,Two cars collided with the death of two people and the injury of three people,Ambulance and transfer of injured and deceased,governmental,I did not specify,unclassified,very important,medium,it is not determined yet,3,2,,
1129,1129,68175,91300,Eye,Civil Defense Center - Civil,Police and traffic,11/13/2014,2014/11/13-22:47,2014/11/13-22:52,2014/11/13-23:07,11/13/2014 23:40,2014/11/13-23:53,2014/11/14-00:05,Transportation accidents,Clash,the person,Means of transport,car,From the cat's bridge towards Al Ain,Fire control and cooling,Transmission,No Clouds,natural,Normal,medium,it is not determined yet,0,1,,
1130,1130,68181,91306,Fujairah,Civil Defense Center - against us,Civil defense departments and centers,11/14/2014,2014/11/14-12:10,2014/11/14-12:11,2014/11/14-12:44,11/14/2014 12:55,2014/11/14-13:14,2014/11/14-13:20,Transportation accidents,Clash,Cars,Means of transport,Methods and transport facilities,Sharm area,Directing injured and deceased,Cars,No Clouds,natural,very important,particle,Traffic accident,4,4,,
1131,1131,68201,91331,Dubai,Dignity Center,Police and traffic,11/18/2014,2014/11/18-02:53,2014/11/18-03:00,2014/11/18-03:05,11/18/2014 4:15,2014/11/18-04:32,2014/11/18-04:45,Transportation accidents,Clash,Cars,Means of transport,car,"Bur Dubai - Umm Hurair, the second next to the Dubai Police Officers Club",Fire control and cooling,Cars,No Clouds,natural,Normal,medium,it is not determined yet,0,1,,
1132,1132,68257,91406,Ras Al Khaimah,Civil Defense Center - Administration,Police and traffic,11/21/2014,2014/11/21-20:03,2014/11/21-20:16,2014/11/21-20:22,11/21/2014 20:31,2014/11/21-20:38,2014/11/21-22:00,Transportation accidents,Clash,the person,governmental,governmental,Al -Tuwaid Al -Saadi Road,Directing confined and transferring injured people,governmental,No Clouds,natural,very important,basic,Traffic accident,5,0,,
1133,1133,68274,91423,Ajman,Civil Defense Center - Administration,The audience,11/23/2014,2014/11/23-17:17,2014/11/23-17:21,2014/11/23-17:22,11/23/2014 17:35,2014/11/23-17:41,2014/11/23-17:45,Transportation accidents,Clash,Missing,Other places,Streets and squares,"Mashirf Trade District, Mushirf Street",Inspection,Missing,No Clouds,natural,Normal,basic,Traffic accident,1,0,,
1134,1134,68291,91440,Al Dhafra,Civil Defense Center - Ghayathi,Police and traffic,11/25/2014,2014/11/25-16:20,2014/11/25-16:35,2014/11/25-16:45,11/25/2014 16:47,2014/11/25-16:50,2014/11/25-17:30,Transportation accidents,Clash,Cars,Public facilities and services,Public places and places,Giathi Road Company,Ambulance and transfer of a person,Cars,No Clouds,natural,Important,basic,Traffic accident,1,0,,
1135,1135,68298,91447,Ajman,Civil Defense Center - Al -Jarf,Military officers and members,11/26/2014,2014/11/26-13:02,2014/11/26-13:08,2014/11/26-13:17,11/26/2014 13:28,2014/11/26-13:47,2014/11/26-13:55,Transportation accidents,Clash,Missing,Other places,Streets and squares,Industrial Al -Jarf area near the Transportation Department,Disturbing injured,Missing,No Clouds,natural,Normal,basic,Traffic accident,1,0,,
1136,1136,68333,91482,Ajman,Civil Defense Center - Administration,Police and traffic,11/28/2014,2014/11/28-23:59,2014/11/29-00:05,2014/11/29-00:11,11/29/2014 0:20,2014/11/29-00:30,2014/11/29-00:35,Transportation accidents,Clash,Missing,Other places,Other places,Al -Hamidiya area,Transfer,Missing,No Clouds,natural,Important,basic,Traffic accident,1,0,,
1137,1137,68375,91524,Al Dhafra,Civil Defense Center - Ghayathi,Police and traffic,12/2/2014,2014/12/02-15:25,2014/12/02-16:00,2014/12/02-16:05,12/2/2014 16:06,2014/12/02-16:07,2014/12/02-16:20,Transportation accidents,Deterioration,Cars,Public facilities and services,Public places and places,"Ghayathi Road, Bida Al -Mutawa",Ambulance and transfer of a person,Cars,I did not specify,natural,Important,basic,Traffic accident,1,0,,
1138,1138,68396,91545,Ras Al Khaimah,Civil Defense Center - Administration,Police and traffic,12/3/2014,2014/12/03-23:04,2014/12/03-23:05,2014/12/03-23:10,12/3/2014 23:12,2014/12/03-23:31,2014/12/04-00:03,Transportation accidents,Clash,the person,commercial,commercial,Al -Uraibi opposite the seventy garage,Directing injured and deceased,commercial,No Clouds,natural,very important,medium,Traffic accident,3,1,,
1139,1139,68409,91558,Dubai,Al -Rashidiya Center,Police and traffic,12/4/2014,2014/12/04-23:34,2014/12/04-23:42,2014/12/05-05:43,12/5/2014 5:44,2014/12/05-05:45,2014/12/05-05:55,Transportation accidents,Deterioration,Trucks,Means of transport,Truck,Deira - Ras Al -Khor Industrial,Being and preparing,Chemicals,No Clouds,natural,Normal,basic,it is not determined yet,0,0,,
1140,1140,68427,91576,Dubai,Al -Rashidiya Center,Police and traffic,12/7/2014,2014/12/07-12:35,2014/12/07-12:50,2014/12/07-13:30,12/7/2014 13:35,2014/12/07-13:37,2014/12/07-14:01,Transportation accidents,Deterioration,Trucks,Means of transport,Truck,Deira - Al -Awir roundabout,Sand -dropped oil coverage,Transmission,No Clouds,natural,Normal,basic,it is not determined yet,0,0,,
1141,1141,68436,91585,Fujairah,Civil Defense Center - Al -Madinah,The audience,12/8/2014,2014/12/08-13:04,2014/12/08-13:16,2014/12/08-13:20,12/8/2014 13:35,2014/12/08-13:40,2014/12/08-13:50,Transportation accidents,Clash,Trucks,Other places,Streets and squares,A collision accident in the Al -Hail area,Directing confined and transferring injured people,Missing,No Clouds,natural,Normal,basic,it is not determined yet,1,0,,
1142,1142,68444,91593,Ajman,Civil Defense Center - Al -Jarf,Police and traffic,12/9/2014,2014/12/09-16:16,2014/12/09-16:19,2014/12/09-16:22,12/9/2014 16:35,2014/12/09-16:40,2014/12/09-16:45,Transportation accidents,Clash,Cars,Other places,Streets and squares,Cliff,rescue,Missing,I did not specify,natural,unclassified,basic,it is not determined yet,0,0,,
1143,1143,68447,91596,Ajman,Civil Defense Center - Administration,Police and traffic,12/9/2014,2014/12/09-16:55,2014/12/09-16:58,2014/12/09-17:06,12/9/2014 17:25,2014/12/09-17:39,2014/12/09-17:48,Transportation accidents,Clash,Missing,Other places,Other places,Al -Rawda area near the Iwan Hotel,Directing confined and transferring injured people,Missing,No Clouds,Crowded,Important,basic,Traffic accident,1,0,,
1144,1144,68460,91609,Fujairah,Civil Defense Center - Masafi,Police and traffic,12/10/2014,2014/12/10-13:00,2014/12/10-13:10,2014/12/10-13:27,12/10/2014 14:01,2014/12/10-14:10,2014/12/10-14:29,Transportation accidents,Deterioration,Trucks,Public facilities and services,Public places and places,Thoban area,Street cleaning from oils,Transmission,No Clouds,natural,Normal,basic,Traffic accident,0,0,,
1145,1145,68469,91618,Ras Al Khaimah,Civil Defense Center - Kadra,Police and traffic,12/11/2014,2014/12/11-20:17,2014/12/11-20:26,2014/12/11-20:35,12/11/2014 20:38,2014/12/11-20:40,2014/12/11-20:49,Transportation accidents,Deterioration,the person,Other places,Streets and squares,Asfni Street,Ambulance and transfer of a person,Missing,No Clouds,natural,Normal,basic,it is not determined yet,1,0,,
1146,1146,68470,91619,Fujairah,Civil Defense Center - Administration,Police and traffic,12/11/2014,2014/12/11-19:10,2014/12/11-19:18,2014/12/11-19:33,12/11/2014 19:37,2014/12/11-19:40,2014/12/11-19:49,Transportation accidents,Clash,Cars,Other places,Streets and squares,Connecting in the Al -Blaza area,Separation of a battery,Missing,No Clouds,natural,Normal,basic,Traffic accident,0,0,,
1147,1147,68494,91643,Ras Al Khaimah,Civil Defense Center - Al -Jazeera Al -Hamra,Police and traffic,12/13/2014,2014/12/13-11:10,2014/12/13-11:15,2014/12/13-11:17,12/13/2014 12:45,2014/12/13-12:49,2014/12/13-13:00,Transportation accidents,One hundredth,Trucks,Other places,Streets and squares,Al -Rifaa area opposite the Arab Port,Ambulance and rescue,Specific,No Clouds,natural,Important,basic,Traffic accident,1,0,,
1148,1148,68509,91658,Umm Al Quwain,Civil Defense Center - Administration,Police and traffic,12/14/2014,2014/12/14-12:40,2014/12/14-12:51,2014/12/14-12:56,12/14/2014 13:05,2014/12/14-13:12,2014/12/14-13:18,Transportation accidents,Clash,the person,Other places,Other places,"Sheikh Mohammed bin Zayed Street, near the hoop",Transfer,Missing,No Clouds,natural,Normal,basic,Traffic accident,1,0,,
1149,1149,68541,91694,Abu Dhabi,Civil Defense Center - City,The audience,12/17/2014,2014/12/17-13:25,2014/12/17-13:30,2014/12/17-14:00,12/18/2014 5:00,2014/12/18-05:10,2014/12/18-05:40,Transportation accidents,Deterioration,tank,governmental,governmental,At the role of the Great Sweihan Road,Fire fighting,Chemicals,No Clouds,natural,Important,basic,it is not determined yet,1,0,,
1150,1150,68542,91695,Al Dhafra,Civil Defense Center - Dalma,Civil defense departments and centers,12/17/2014,2014/12/17-19:20,2014/12/17-19:24,2014/12/17-19:32,12/17/2014 19:35,2014/12/17-19:36,2014/12/17-19:55,Transportation accidents,Run over,Missing,Other places,Other places,Dalma at farms,take actions,Missing,No Clouds,natural,Important,basic,Traffic accident,1,0,,
1151,1151,68547,91700,Ajman,Civil Defense Center - Manama,Police and traffic,12/18/2014,2014/12/18-07:16,2014/12/18-07:18,2014/12/18-07:23,12/18/2014 7:30,2014/12/18-07:40,2014/12/18-07:43,Transportation accidents,Deterioration,the person,governmental,governmental,Al -Manama District -General Street,Exit and transfer injured people,Missing,No Clouds,natural,Important,basic,Traffic accident,0,0,,
1152,1152,68550,91703,Fujairah,Civil Defense Center - Al -Madinah,Police and traffic,12/18/2014,2014/12/18-07:25,2014/12/18-07:33,2014/12/18-07:34,12/18/2014 8:30,2014/12/18-08:36,2014/12/18-08:40,Transportation accidents,One hundredth,Cars,governmental,governmental,Al -Farfar District - Public Street - Fujairah,Disturbing injured,Construction,I did not specify,unclassified,Normal,basic,Traffic accident,1,0,,
1153,1153,68574,91727,Dubai,Al -Rashidiya Center,Police and traffic,12/21/2014,2014/12/21-01:22,2014/12/21-01:48,2014/12/21-01:53,12/21/2014 2:00,2014/12/21-02:04,2014/12/21-02:21,Transportation accidents,Clash,Cars,Means of transport,car,Deira - Nad Al -Sheba - Dubai Al Ain Street,Fire control and cooling,Cars,No Clouds,natural,Normal,basic,it is not determined yet,1,0,,
1154,1154,68614,91767,Sharjah / Eastern Region,Civil Defense Center - Kalba,Police and traffic,12/26/2014,2014/12/26-18:25,2014/12/26-18:35,2014/12/26-18:36,12/26/2014 19:00,2014/12/26-19:05,2014/12/26-19:20,Transportation accidents,Clash,Cars,Other places,Other places,Saf area,Ambulance,Cars,No Clouds,natural,Normal,basic,it is not determined yet,2,0,,
1155,1155,68673,91822,Abu Dhabi,Civil Defense Center - Mossafah (M33),The audience,12/29/2014,2014/12/29-18:27,2014/12/29-18:40,2014/12/29-18:50,12/29/2014 19:35,2014/12/29-19:39,2014/12/29-19:47,Transportation accidents,Deterioration,Cars,Industrial,Industrial,Industrial Archdiocese Ikad (3),Being and preparing,Missing,I did not specify,unclassified,unclassified,basic,it is not determined yet,0,0,,
1156,1156,68687,91836,Al Dhafra,Civil Defense Center - Ghayathi,Police and traffic,12/30/2014,2014/12/30-16:25,2014/12/30-16:35,2014/12/30-16:40,12/30/2014 16:45,2014/12/30-16:50,2014/12/30-17:45,Transportation accidents,Deterioration,the person,Public facilities and services,Public places and places,Ghayathi wedding hall,Ambulance and transfer of a person,Cars,No Clouds,natural,Important,basic,Traffic accident,1,0,,
1157,1157,68738,91887,Sharjah / Eastern Region,Civil Defense Center - Kalba,Police and traffic,1/5/2015,2015/01/05-21:40,2015/01/05-21:42,2015/01/05-21:44,1/5/2015 21:47,2015/01/05-22:00,2015/01/05-22:05,Transportation accidents,Clash,Cars,Other places,Other places,Corniche Kalba Street,rescue,Cars,No Clouds,natural,Normal,basic,it is not determined yet,2,0,,
1158,1158,68765,91914,Ajman,Civil Defense Center - Administration,Police and traffic,1/10/2015,2015/01/10-01:11,2015/01/10-01:15,2015/01/10-01:19,1/10/2015 1:24,2015/01/10-01:27,2015/01/10-01:31,Transportation accidents,Clash,Cars,Other places,Streets and squares,Missing,rescue,Missing,No Clouds,natural,Important,basic,Traffic accident,1,0,,
1159,1159,68767,91916,Ras Al Khaimah,Civil Defense Center - Kadra,Police and traffic,1/10/2015,2015/01/10-12:05,2015/01/10-12:13,2015/01/10-12:22,1/10/2015 12:24,2015/01/10-12:28,2015/01/10-13:03,Transportation accidents,Deterioration,the person,Other places,Streets and squares,Kadra Street,Ambulance and transfer of a person,Cars,No Clouds,natural,very important,basic,Traffic accident,0,0,,
1160,1160,68851,92000,Al Dhafra,Civil Defense Center - Ghayathi,The audience,1/15/2015,2015/01/15-11:00,2015/01/15-11:03,2015/01/15-11:05,1/15/2015 11:07,2015/01/15-11:08,2015/01/15-11:30,Transportation accidents,One hundredth,the person,Public facilities and services,Public places and places,A report stating that there was an accident that shocked a car with a palm tree,Ambulance and transfer of a person,governmental,I did not specify,unclassified,Normal,basic,it is not determined yet,1,0,,
1161,1161,68874,92023,Eye,Civil Defense Center - Nahel,Police and traffic,1/17/2015,2015/01/17-17:34,2015/01/17-17:43,2015/01/17-18:00,1/17/2015 18:05,2015/01/17-18:10,2015/01/17-18:22,Transportation accidents,Clash,Cars,Other places,Other places,The collision of Sarat two and the burning of one of them /Nahel region,Fire fighting,Cars,No Clouds,natural,Normal,basic,Traffic accident,0,0,,
1162,1162,68881,92030,Fujairah,Civil Defense Center - Al -Taween,Police and traffic,1/18/2015,2015/01/18-02:10,2015/01/18-02:15,2015/01/18-02:16,1/18/2015 2:17,2015/01/18-02:20,2015/01/18-02:30,Transportation accidents,Run over,Trucks,Public facilities and services,Public places and places,Sih Al -Banah area,take actions,Missing,No Clouds,natural,Normal,basic,Traffic accident,1,0,,
1163,1163,68883,92032,Abu Dhabi,Civil Defense Center - Shakhbout City,he did not specify,1/18/2015,2015/01/18-08:48,2015/01/18-08:56,2015/01/18-08:57,1/18/2015 9:08,2015/01/18-09:26,2015/01/18-09:34,Transportation accidents,Clash,Cars,governmental,Military facility,Near Muhawi camp,take actions,Missing,No Clouds,natural,Normal,basic,it is not determined yet,2,0,,
1164,1164,68907,92056,Ras Al Khaimah,Civil Defense Center - Kadra,Police and traffic,1/19/2015,2015/01/19-11:00,2015/01/19-11:05,2015/01/19-11:15,1/19/2015 11:17,2015/01/19-11:21,2015/01/19-11:55,Transportation accidents,Deterioration,the person,Other places,Streets and squares,Kadra Street,Ambulance and transfer of a person,furniture,Rains,Crowded,very important,basic,Traffic accident,2,0,,
1165,1165,68910,92059,Ajman,Civil Defense Center - Administration,The audience,1/19/2015,2015/01/19-14:38,2015/01/19-14:46,2015/01/19-14:47,1/19/2015 14:50,2015/01/19-15:22,2015/01/19-15:33,Transportation accidents,Deterioration,Cars,Other places,Streets and squares,Sheikh Mohammed bin Zayed Street in the direction of Umm Al Quwain,Inspection,Missing,Rains,Crowded,Normal,basic,Traffic accident,1,0,,
1166,1166,68995,92144,Ajman,Civil Defense Center - Administration,Military officers and members,1/25/2015,2015/01/25-09:20,2015/01/25-09:26,2015/01/25-09:27,1/25/2015 13:06,2015/01/25-13:19,2015/01/25-13:27,Transportation accidents,Run over,Missing,Other places,Other places,Al -Zawraa area,take actions,Missing,No Clouds,natural,Normal,medium,it is not determined yet,0,1,,
1167,1167,69031,92180,Ajman,Civil Defense Center - Administration,The audience,1/29/2015,2015/01/29-16:03,2015/01/29-16:06,2015/01/29-16:16,1/29/2015 16:21,2015/01/29-16:25,2015/01/29-16:43,Transportation accidents,Clash,Cars,Means of transport,Methods and transport facilities,Dignity beside the whale supermarket,Transfer,Missing,No Clouds,natural,Important,basic,it is not determined yet,1,0,,
1168,1168,69102,92251,Ras Al Khaimah,Civil Defense Center - Administration,Police and traffic,2/3/2015,2015/02/03-13:58,2015/02/03-14:10,2015/02/03-14:12,2/3/2015 14:30,2015/02/03-14:35,2015/02/03-15:15,Transportation accidents,Clash,Cars,Other places,Other places,fork,Ambulance and rescue,Specific,No Clouds,natural,Important,basic,Traffic accident,3,0,,
1169,1169,69119,92268,Abu Dhabi,Civil Defense Center - Shakhbout City,he did not specify,2/7/2015,2015/02/07-04:21,2015/02/07-04:28,2015/02/07-05:01,2/7/2015 5:10,2015/02/07-05:33,2015/02/07-05:40,Transportation accidents,A deterioration resulted in a fire,Cars,Public facilities and services,Public places and places,Khalif B area at the last round towards the airport,Control and rescue,Missing,No Clouds,natural,Normal,basic,it is not determined yet,1,0,,
1170,1170,69131,92280,Ras Al Khaimah,Civil Defense Center - Administration,Police and traffic,2/8/2015,2015/02/08-03:00,2015/02/08-03:02,2015/02/08-03:07,2/8/2015 3:15,2015/02/08-03:16,2015/02/08-03:20,Transportation accidents,Clash,the person,Public facilities and services,Public places and places,"Near Street, opposite Rak Moon",Disturbing injured,governmental,No Clouds,natural,Important,basic,Traffic accident,2,0,,
1171,1171,69306,92455,Fujairah,Civil Defense Center - Dibba,The audience,2/18/2015,2015/02/18-21:04,2015/02/18-21:18,2015/02/18-21:25,2/18/2015 21:37,2015/02/18-21:43,2015/02/18-22:00,Transportation accidents,A collision resulted in a fire,Buses,Other places,Other places,Al -Hala Street collision accident,Fire control and cooling,Missing,No Clouds,natural,Normal,basic,Traffic accident,0,0,,
1172,1172,69307,92456,Ajman,Civil Defense Center - Administration,Police and traffic,2/18/2015,2015/02/18-22:01,2015/02/18-22:06,2015/02/18-22:10,2/18/2015 22:17,2015/02/18-22:29,2015/02/18-22:34,Transportation accidents,Shocked,Missing,Other places,Streets and squares,Al -Zawraa District Dawar Al -Zawraa,Fire fighting,Missing,No Clouds,natural,Normal,basic,Traffic accident,0,0,,
1173,1173,69329,92478,Al Dhafra,Civil Defense Center - Dalma,The audience,2/20/2015,2015/02/20-17:14,2015/02/20-17:15,2015/02/20-17:17,2/20/2015 17:19,2015/02/20-17:20,2015/02/20-18:11,Transportation accidents,One hundredth,the person,Other places,Other places,"A communication stating that there are injured people in the popularity of the mountain, Dalma",Rescue and transfer injured people,Missing,I did not specify,unclassified,very important,basic,Traffic accident,2,0,,
1174,1174,69366,92515,Al Dhafra,Civil Defense Center - commodities,Police and traffic,2/21/2015,2015/02/21-16:13,2015/02/21-16:45,2015/02/21-16:55,2/21/2015 17:20,2015/02/21-17:55,2015/02/21-18:35,Transportation accidents,Clash,the person,Public facilities and services,Public places and places,Intimate road nerve,Directing bodies and confined,Cars,Dust and wind,natural,very important,particle,Traffic accident,2,5,,
1175,1175,69380,92529,Eye,Civil Defense Center - Al -Wajan,Civil defense departments and centers,2/22/2015,2015/02/22-09:46,2015/02/22-09:56,2015/02/22-10:10,2/22/2015 10:30,2015/02/22-10:35,2015/02/22-10:50,Transportation accidents,Clash,Cars,Public facilities and services,Public places and places,Al -Waqqa area/Al -Ain Al -Ain Road,Separation of a battery,Cars,Rains,Crowded,Normal,basic,it is not determined yet,0,0,,
1176,1176,69400,92549,Ras Al Khaimah,Civil Defense Center - Administration,Police and traffic,2/23/2015,2015/02/23-16:00,2015/02/23-16:17,2015/02/23-16:25,2/23/2015 16:44,2015/02/23-17:24,2015/02/23-17:25,Transportation accidents,Clash,Cars,Other places,Streets and squares,Major General Badr Street towards the Khatt roundabout,Fire fighting and directing bodies,Missing,Clouds,natural,Normal,medium,it is not determined yet,0,1,,
1177,1177,69401,92550,Fujairah,Civil Defense Center - against us,Police and traffic,2/23/2015,2015/02/23-14:30,2015/02/23-14:36,2015/02/23-14:40,2/23/2015 15:00,2015/02/23-15:10,2015/02/23-15:22,Transportation accidents,Deterioration,Cars,Other places,Other places,Sharm region/ Dibba Al -Fujairah,He told,Missing,Dust and wind,natural,Normal,basic,Traffic accident,1,0,,
1178,1178,69477,92626,Ras Al Khaimah,Civil Defense Center - Al -Jazeera Al -Hamra,Police and traffic,2/26/2015,2015/02/26-08:56,2015/02/26-08:58,2015/02/26-09:09,2/26/2015 9:11,2015/02/26-09:39,2015/02/26-09:42,Transportation accidents,Clash,Missing,Public facilities and services,Public places and places,Al -Jazeera Al -Hamra (Aquassia Hotel),Directing confined and transferring injured people,Missing,No Clouds,natural,Important,basic,Traffic accident,1,0,,
1179,1179,69486,92635,Fujairah,Civil Defense Center - Dibba,Police and traffic,2/26/2015,2015/02/26-22:30,2015/02/26-22:47,2015/02/26-22:52,2/26/2015 22:54,2015/02/26-23:00,2015/02/26-23:30,Transportation accidents,Deterioration,Trucks,Public facilities and services,Public places and places,Al -Ghana Dibba Al -Fujairah area,take actions,Missing,No Clouds,natural,Normal,basic,Traffic accident,1,0,,
1180,1180,69511,92662,Fujairah,Civil Defense Center - Al -Madinah,Police and traffic,2/28/2015,2015/02/28-20:00,2015/02/28-20:08,2015/02/28-20:10,2/28/2015 21:30,2015/02/28-21:40,2015/02/28-21:55,Transportation accidents,Clash,Cars,Other places,Other places,The back street of Fujairah Airport,Separation of a battery,Missing,No Clouds,natural,Normal,basic,Traffic accident,0,0,,
1181,1181,69522,92673,Al Dhafra,Civil Defense Center - commodities,The audience,3/1/2015,2015/03/01-10:32,2015/03/01-10:50,2015/03/01-10:54,3/1/2015 10:55,2015/03/01-10:57,2015/03/01-11:30,Transportation accidents,A deterioration resulted in a fire,Cars,governmental,governmental,Missing,Fire control and cooling,Missing,No Clouds,natural,very important,basic,it is not determined yet,1,0,,
1182,1182,69541,92692,Fujairah,Civil Defense Center - Al -Taween,Police and traffic,3/1/2015,2015/03/01-07:58,2015/03/01-07:59,2015/03/01-08:01,3/1/2015 9:20,2015/03/01-09:25,2015/03/01-09:27,Transportation accidents,One hundredth,Cars,Public facilities and services,Public places and places,Al -Tuwayen area public street,Street cleaning from oils,Missing,No Clouds,natural,Normal,basic,it is not determined yet,1,0,,
1183,1183,69573,92724,Ajman,Civil Defense Center - Administration,The audience,3/2/2015,2015/03/02-23:57,2015/03/03-00:02,2015/03/03-00:07,3/3/2015 0:13,2015/03/03-00:20,2015/03/03-00:25,Transportation accidents,Clash,Cars,Other places,Other places,The industrial area of Ajman near Nissan,Fire fighting,Missing,No Clouds,natural,Normal,basic,Traffic accident,0,0,,
1184,1184,69588,92739,Al Dhafra,Civil Defense Center - Ghayathi,Police and traffic,3/4/2015,2015/03/04-11:00,2015/03/04-11:20,2015/03/04-11:25,3/4/2015 11:28,2015/03/04-11:35,2015/03/04-12:10,Transportation accidents,Deterioration,Cars,Public facilities and services,Public places and places,Ghayathi / Giathi Road towards the city of Zayed,Ambulance and transfer of a person,Cars,No Clouds,natural,Important,basic,Traffic accident,2,0,,
1185,1185,69591,92742,Sharjah / Eastern Region,Civil Defense Center - Kalba,Police and traffic,3/4/2015,2015/03/04-13:50,2015/03/04-13:53,2015/03/04-13:55,3/4/2015 13:56,2015/03/04-14:18,2015/03/04-14:23,Transportation accidents,Clash,Cars,Other places,Streets and squares,corneche Street,Inspection,Cars,Dust and wind,natural,Important,basic,Traffic accident,4,0,,
1186,1186,69651,92802,Sharjah / Eastern Region,Civil Defense Center - Kalba,Police and traffic,3/9/2015,2015/03/09-00:22,2015/03/09-00:25,2015/03/09-00:28,3/9/2015 0:35,2015/03/09-00:45,2015/03/09-00:55,Transportation accidents,Shocked,Cars,Public facilities and services,Public places and places,Suhaila cells,Fire fighting,Cars,No Clouds,natural,Normal,basic,it is not determined yet,2,0,,
1187,1187,69708,92859,Al Dhafra,Civil Defense Center - Ghayathi,Police and traffic,3/13/2015,2015/03/13-18:20,2015/03/13-18:22,2015/03/13-18:27,3/13/2015 18:30,2015/03/13-18:32,2015/03/13-19:15,Transportation accidents,Run over,Cars,Public facilities and services,Public places and places,Ghiasi,Ambulance and transfer of a person,Cars,No Clouds,natural,Important,basic,it is not determined yet,1,0,,
1188,1188,69810,92961,Fujairah,Civil Defense Center - Dibba,Police and traffic,3/18/2015,2015/03/18-07:43,2015/03/18-07:49,2015/03/18-07:54,3/18/2015 7:56,2015/03/18-07:57,2015/03/18-08:05,Transportation accidents,Clash,Cars,Other places,Other places,The public street opposite the Roll Dibba area - Dibba Al -Fujairah,Ambulance,Missing,No Clouds,natural,Normal,basic,Traffic accident,2,0,,
1189,1189,69916,93067,Ras Al Khaimah,Civil Defense Center - Northern Administration,Police and traffic,3/25/2015,2015/03/25-07:17,2015/03/25-07:21,2015/03/25-07:30,3/25/2015 7:31,2015/03/25-07:58,2015/03/25-08:00,Transportation accidents,Clash,Cars,Other places,Streets and squares,Ras Ras Al Khaimah Street (opposite to Rams Cemetery),rescue,Specific,No Clouds,natural,very important,basic,Traffic accident,5,0,,
1190,1190,69929,93080,Fujairah,Civil Defense Center - Al -Taween,Police and traffic,3/26/2015,2015/03/26-09:45,2015/03/26-09:50,2015/03/26-09:51,3/26/2015 9:53,2015/03/26-09:54,2015/03/26-10:30,Transportation accidents,Clash,Cars,Other places,Streets and squares,Connecting in the Daher Al -Safwa area,Transfer of injured and deceased,Missing,No Clouds,natural,Normal,medium,it is not determined yet,2,1,,
1191,1191,69955,93106,Al Dhafra,Civil Defense Center - Dalma,Civil defense departments and centers,3/28/2015,2015/03/28-17:02,2015/03/28-17:12,2015/03/28-17:19,3/28/2015 17:21,2015/03/28-17:24,2015/03/28-18:05,Transportation accidents,Deterioration,Missing,Other places,Other places,Delmat at the circular street,take actions,Missing,No Clouds,natural,Important,basic,Traffic accident,1,0,,
1192,1192,69961,93112,Abu Dhabi,Civil Defense Center - Gentot,Police and traffic,3/29/2015,2015/03/29-08:26,2015/03/29-08:35,2015/03/29-08:38,3/29/2015 8:50,2015/03/29-09:08,2015/03/29-09:20,Transportation accidents,Deterioration,Missing,Public facilities and services,Public places and places,Gnthtott towards Dubai,Control and rescue,Missing,No Clouds,natural,Normal,basic,it is not determined yet,0,0,,