,Unnamed: 0,rec_id,Accident number,Competent Department,Competent Center,Amount rating,Date of the accident,The date and time of the notification,Date and time of first arrival,Date and time of completion of control,End date and time of the operation,Departure date and time,Date and time of return to the center,Accident Group,Type of accident,Direct damage,Acccident scene category,Accident scene,Accident title,The band's work summary,Activity,Weather condition,Road condition,Priority level,Accident size,The cause of the accident,The number of injured people,The number of deaths in the public,The number of injured members of the force,The number of deaths of members of the force
1193,1193,69983,93134,Ajman,Civil Defense Center - Administration,Police and traffic,3/31/2015,2015/03/31-08:49,2015/03/31-08:52,2015/03/31-08:55,3/31/2015 8:58,2015/03/31-09:00,2015/03/31-09:03,Transportation accidents,Clash,Missing,Other places,Other places,Mohammed bin Zayed Street,Ambulance and transfer of a person,Missing,I did not specify,unclassified,Normal,basic,Traffic accident,1,0,,
1194,1194,70002,93153,Al Dhafra,Civil Defense Center - Port,Police and traffic,4/1/2015,2015/04/01-01:25,2015/04/01-02:30,2015/04/01-02:32,4/1/2015 3:00,2015/04/01-03:02,2015/04/01-04:15,Transportation accidents,A collision resulted in a fire,Trucks,Other places,Streets and squares,The main street after satellites towards commodities,take actions,Transfer and contracting,I did not specify,Road works,Important,basic,it is not determined yet,2,0,,
1195,1195,70011,93162,Fujairah,Civil Defense Center - Al -Madinah,Police and traffic,4/1/2015,2015/04/01-18:15,2015/04/01-18:20,2015/04/01-18:30,4/1/2015 19:08,2015/04/01-19:13,2015/04/01-19:21,Transportation accidents,Clash,Cars,Other places,Other places,A collision behind Fujairah Airport,Directing bodies and confined,Missing,No Clouds,natural,Important,medium,it is not determined yet,5,1,,
1196,1196,70020,93171,Ajman,Civil Defense Center - Industrial,Police and traffic,4/2/2015,2015/04/02-04:20,2015/04/02-04:26,2015/04/02-04:31,4/2/2015 4:40,2015/04/02-05:27,2015/04/02-05:35,Transportation accidents,Deterioration,Missing,Other places,Streets and squares,"Sheikh Mohammed bin Zayed Street, Al -Halaio area, in the Al -Shathar district",rescue,Missing,No Clouds,natural,Normal,basic,Traffic accident,1,0,,
1197,1197,70063,93214,Al Dhafra,Civil Defense Center - commodities,The audience,4/5/2015,2015/04/05-07:20,2015/04/05-07:30,2015/04/05-07:32,4/5/2015 7:34,2015/04/05-07:35,2015/04/05-08:15,Transportation accidents,Clash,the person,Public facilities and services,Public places and places,A report stating that there is a collision of two cars and a limited person,Directing confined and transferring injured people,commercial,I did not specify,unclassified,very important,basic,Traffic accident,1,0,,
1198,1198,70133,93307,Ajman,Civil Defense Center - Administration,Other parties,4/11/2015,2015/04/11-18:20,2015/04/11-18:23,2015/04/11-18:28,4/11/2015 18:33,2015/04/11-18:36,2015/04/11-19:05,Transportation accidents,One hundredth,Cars,Other places,Other places,Ajman Al -Rawda area near Sheikh Ammar Bridge,Ambulance and transfer of a person,Missing,No Clouds,natural,Important,basic,it is not determined yet,1,0,,
1199,1199,70227,93401,Abu Dhabi,Yas Island Center,The audience,4/14/2015,2015/04/14-23:08,2015/04/14-23:14,2015/04/14-23:35,4/14/2015 23:50,2015/04/14-23:58,2015/04/15-00:05,Transportation accidents,One hundredth,Missing,tourist,tourist,Yas Port,Fire control and cooling,Missing,No Clouds,natural,Normal,basic,it is not determined yet,0,0,,
1200,1200,70242,93416,Abu Dhabi,Civil Defense Center - City,he did not specify,4/15/2015,2015/04/15-22:17,2015/04/15-22:22,2015/04/15-22:24,4/15/2015 22:30,2015/04/15-22:55,2015/04/15-23:00,Transportation accidents,Clash,Cars,tourist,tourist,Bani Yas opposite the Saudi cuisine,Fire cooling,Missing,No Clouds,natural,Normal,basic,it is not determined yet,0,0,,
1201,1201,70267,93441,Al Dhafra,Civil Defense Center - Liwa,Police and traffic,4/17/2015,2015/04/17-07:35,2015/04/17-08:10,2015/04/17-08:30,4/17/2015 8:38,2015/04/17-08:45,2015/04/17-09:30,Transportation accidents,Deterioration,the person,Public facilities and services,Public places and places,The Urdah Road Liwa,Take bodies,Cars,No Clouds,natural,Important,medium,Traffic accident,0,3,,
1202,1202,70276,93450,Al Dhafra,Civil Defense Center - Liwa,Police and traffic,4/17/2015,2015/04/17-08:10,2015/04/17-08:40,2015/04/17-08:55,4/17/2015 9:05,2015/04/17-09:15,2015/04/17-10:00,Transportation accidents,Shocked,Trucks,Public facilities and services,Public places and places,The two vessels are near the farmer,Fire control and cooling,Cars,No Clouds,natural,Important,basic,Traffic accident,0,0,,
1203,1203,70316,93490,Abu Dhabi,Civil Defense Center - Al -Falah (Al -Falah City),he did not specify,4/20/2015,2015/04/20-20:58,2015/04/20-21:08,2015/04/20-21:09,4/20/2015 21:13,2015/04/20-21:25,2015/04/20-21:35,Transportation accidents,Deterioration,Cars,governmental,Military facility,Inside the Sweihan camp,take actions,Missing,No Clouds,natural,Normal,basic,it is not determined yet,0,0,,
1204,1204,70335,93509,Fujairah,Civil Defense Center - Administration,Civil defense departments and centers,4/22/2015,2015/04/22-14:30,2015/04/22-14:42,2015/04/22-14:52,4/22/2015 14:55,2015/04/22-15:00,2015/04/22-15:15,Transportation accidents,Deterioration,Cars,Other places,Streets and squares,the village,Directing injured and deceased,Cars,No Clouds,Crowded,Normal,medium,Traffic accident,1,1,,
1205,1205,70353,93527,Ras Al Khaimah,Civil Defense Center - Administration,Police and traffic,4/23/2015,2015/04/23-17:30,2015/04/23-17:38,2015/04/23-17:47,4/23/2015 17:54,2015/04/23-18:47,2015/04/23-19:00,Transportation accidents,Deterioration,Cars,Public facilities and services,Public places and places,Sheikh Khalifa Bin Zayed Street in the direction of Fujairah,Control fire and rescue confined,governmental,No Clouds,natural,very important,basic,Traffic accident,1,0,,
1206,1206,70355,93529,Abu Dhabi,Civil Defense Center - Al Samha,he did not specify,4/23/2015,2015/04/23-15:15,2015/04/23-15:22,2015/04/23-15:34,4/23/2015 15:59,2015/04/23-16:41,2015/04/23-16:49,Transportation accidents,Clash,Cars,governmental,governmental,Green Bayets belt in Sah Sidra,Fire cooling,Missing,No Clouds,natural,Important,medium,it is not determined yet,2,1,,
1207,1207,70360,93534,Abu Dhabi,Civil Defense Center - Al -Maqta,he did not specify,4/23/2015,2015/04/23-19:50,2015/04/23-19:55,2015/04/23-20:10,4/23/2015 20:20,2015/04/23-20:25,2015/04/23-20:30,Transportation accidents,Deterioration,Cars,Other places,Other places,Missing,Fire control and cooling,Cars,No Clouds,natural,Normal,basic,Traffic accident,1,0,,
1208,1208,70441,93623,Abu Dhabi,Civil Defense Center - Gentot,he did not specify,4/29/2015,2015/04/29-00:10,2015/04/29-00:17,2015/04/29-00:18,4/29/2015 0:20,2015/04/29-01:40,2015/04/29-01:48,Transportation accidents,Deterioration,Cars,Other places,Streets and squares,After Sayh Sidira towards Abu Dhabi,take actions,Missing,No Clouds,natural,Normal,basic,Children tampering,2,0,,
1209,1209,70462,93644,Fujairah,Civil Defense Center - against us,Police and traffic,4/29/2015,2015/04/29-17:55,2015/04/29-17:59,2015/04/29-18:01,4/29/2015 18:02,2015/04/29-18:03,2015/04/29-19:03,Transportation accidents,Clash,Missing,Other places,Other places,An area against us - public street,Ambulance,Missing,No Clouds,natural,Normal,basic,Traffic accident,2,0,,
1210,1210,70514,93696,Al Dhafra,Civil Defense Center - Ghayathi,The audience,5/2/2015,2015/05/02-20:25,2015/05/02-20:35,2015/05/02-20:37,5/2/2015 20:39,2015/05/02-20:40,2015/05/02-22:00,Transportation accidents,Clash,Cars,Public facilities and services,Public places and places,A report stating that there was a collision of two cars and there is a sucking,Rescue and transfer injured people,Contracting and maintenance,I did not specify,unclassified,Important,basic,Traffic accident,3,0,,
1211,1211,70530,93712,Abu Dhabi,Civil Defense Center - Shakhbout City,he did not specify,5/3/2015,2015/05/03-13:05,2015/05/03-13:10,2015/05/03-13:15,5/3/2015 13:48,2015/05/03-13:59,2015/05/03-14:05,Transportation accidents,Deterioration,Missing,Other places,Other places,Abu Dhabi Al Ain Mafraq Street,take actions,Missing,No Clouds,natural,Normal,basic,it is not determined yet,1,0,,
1212,1212,70534,93716,Abu Dhabi,Civil Defense Center - Al Wathba,he did not specify,5/3/2015,2015/05/03-22:42,2015/05/03-22:52,2015/05/03-22:57,5/3/2015 22:59,2015/05/03-23:30,2015/05/03-23:40,Transportation accidents,Deterioration,Cars,Other places,Other places,"After Al -Faya Bridge, Al Ain Road",Fire fighting,Missing,No Clouds,natural,Normal,basic,it is not determined yet,0,0,,
1213,1213,70551,93733,Abu Dhabi,Civil Defense Center - Al Wathba,he did not specify,5/4/2015,2015/05/04-21:08,2015/05/04-21:14,2015/05/04-21:16,5/4/2015 21:45,2015/05/04-22:00,2015/05/04-22:06,Transportation accidents,Clash,Missing,Other places,Other places,"After Al -Nahda Bridge, Al Ain Road",take actions,Missing,No Clouds,natural,Normal,basic,it is not determined yet,1,0,,
1214,1214,70626,93808,Fujairah,Civil Defense Center - Al -Madinah,Police and traffic,5/8/2015,2015/05/08-16:00,2015/05/08-16:06,2015/05/08-16:07,5/8/2015 16:30,2015/05/08-16:35,2015/05/08-16:45,Transportation accidents,Deterioration,Cars,Other places,Other places,Yabsa area - Fujairah,Fire cooling,Missing,No Clouds,natural,Normal,basic,Traffic accident,0,0,,
1215,1215,70673,93855,Fujairah,Civil Defense Center - Administration,The audience,5/11/2015,2015/05/11-18:20,2015/05/11-18:22,2015/05/11-18:32,5/11/2015 18:45,2015/05/11-18:50,2015/05/11-18:52,Transportation accidents,Deterioration,Trucks,Public facilities and services,Public places and places,Sakmkka area - Street that he wins Al -Abeer - Fujairah,cooling,Transmission,No Clouds,natural,Normal,medium,Traffic accident,0,1,,
1216,1216,70678,93860,Fujairah,Civil Defense Center - Administration,Police and traffic,5/12/2015,2015/05/12-05:30,2015/05/12-05:32,2015/05/12-05:33,5/12/2015 5:54,2015/05/12-05:55,2015/05/12-06:00,Transportation accidents,Deterioration,Trucks,Public facilities and services,Public places and places,Sakmkka area - Street that he wins Al -Abeer - Fujairah,Fire control and cooling,Transmission,No Clouds,natural,Normal,basic,Traffic accident,1,0,,
1217,1217,70734,93916,Al Dhafra,Civil Defense Center - Port,Police and traffic,5/14/2015,2015/05/14-19:12,2015/05/14-19:32,2015/05/14-19:33,5/14/2015 19:43,2015/05/14-19:44,2015/05/14-20:32,Transportation accidents,Clash,Trucks,Other places,Other places,Qurain for living towards Abu Dhabi,take actions,Missing,No Clouds,natural,Important,basic,it is not determined yet,2,0,,
1218,1218,70796,93978,Sharjah / Eastern Region,Civil Defense Center - Khor Fakkan,Police and traffic,5/17/2015,2015/05/17-20:11,2015/05/17-20:12,2015/05/17-20:13,5/17/2015 20:14,2015/05/17-20:16,2015/05/17-20:18,Transportation accidents,Deterioration,Missing,residential,residential,Yarmouk area/Khorfakkan city,Separation of a battery,Missing,No Clouds,natural,Normal,basic,it is not determined yet,1,0,,
1219,1219,70853,94035,Abu Dhabi,Civil Defense Center - Al -Falah (Al -Falah City),he did not specify,5/20/2015,2015/05/20-01:24,2015/05/20-01:34,2015/05/20-01:44,5/20/2015 2:01,2015/05/20-02:14,2015/05/20-02:25,Transportation accidents,Deterioration,Missing,Other places,Other places,After the Sweihan roundabout towards justice,take actions,Missing,No Clouds,natural,Normal,basic,it is not determined yet,2,0,,
1220,1220,70893,94080,Fujairah,Civil Defense Center - Masafi,Civil defense departments and centers,5/22/2015,2015/05/22-13:15,2015/05/22-13:20,2015/05/22-13:30,5/22/2015 13:35,2015/05/22-13:50,2015/05/22-13:55,Transportation accidents,Clash,Cars,Other places,Other places,Friday Market / Masafi Fujairah,Disturbing injured,Cars,No Clouds,natural,Normal,basic,Traffic accident,1,0,,
1221,1221,71092,94287,Al Dhafra,Civil Defense Center - Ghayathi,Police and traffic,6/2/2015,2015/06/02-00:10,2015/06/02-00:20,2015/06/02-00:25,6/2/2015 0:30,2015/06/02-00:37,2015/06/02-00:45,Transportation accidents,Deterioration,the person,Public facilities and services,Public places and places,Ghiathi Giathi Liwa Road,Ambulance and transfer of a person,Cars,No Clouds,natural,Important,basic,Traffic accident,1,0,,
1222,1222,71121,94316,Ajman,Civil Defense Center - Administration,Police and traffic,6/3/2015,2015/06/03-12:14,2015/06/03-12:19,2015/06/03-12:26,6/3/2015 12:39,2015/06/03-12:54,2015/06/03-13:00,Transportation accidents,A collision resulted in a fire,Missing,Other places,Other places,Al -Jarf area intersection of Sheikh Maktoum Bridge,Fire fighting and transporting a person,Missing,No Clouds,Crowded,Normal,basic,Traffic accident,1,0,,
1223,1223,71181,94376,Ajman,Civil Defense Center - Administration,Police and traffic,6/5/2015,2015/06/05-14:26,2015/06/05-14:29,2015/06/05-14:32,6/5/2015 14:50,2015/06/05-14:55,2015/06/05-14:58,Transportation accidents,Deterioration,Missing,Other places,Other places,Kindergarten area,cooling,Missing,Dust and wind,natural,Normal,basic,it is not determined yet,0,0,,
1224,1224,71187,94382,Ajman,Civil Defense Center - Administration,Police and traffic,6/5/2015,2015/06/05-16:05,2015/06/05-16:11,2015/06/05-16:14,6/5/2015 16:20,2015/06/05-16:23,2015/06/05-16:29,Transportation accidents,Deterioration,Missing,Other places,Other places,Next to the Sheikh Bridge /Ammar bin Hamid,Transfer,Missing,I did not specify,unclassified,Important,medium,it is not determined yet,5,1,,
1225,1225,71200,94395,Abu Dhabi,Civil Defense Center - Al Wathba,The audience,6/6/2015,2015/06/06-09:51,2015/06/06-10:27,2015/06/06-10:33,6/6/2015 12:15,2015/06/06-12:38,2015/06/06-13:10,Transportation accidents,Clash,Missing,Public facilities and services,Public places and places,Al Ain Abu Dhabi Road,Control and rescue,Missing,No Clouds,natural,very important,particle,it is not determined yet,0,5,,
1226,1226,71218,94413,Ajman,Civil Defense Center - Administration,Police and traffic,6/6/2015,2015/06/06-21:33,2015/06/06-21:38,2015/06/06-21:40,6/6/2015 21:50,2015/06/06-21:54,2015/06/06-22:00,Transportation accidents,Clash,Cars,Other places,Other places,Al -Rashidiya area Al -Ittihad Street,Separation of a battery,Missing,No Clouds,Crowded,Normal,basic,Traffic accident,0,0,,
1227,1227,71241,94436,Fujairah,Civil Defense Center - against us,Police and traffic,6/8/2015,2015/06/08-14:06,2015/06/08-14:10,2015/06/08-14:11,6/8/2015 14:12,2015/06/08-14:13,2015/06/08-15:00,Transportation accidents,Deterioration,Cars,Public facilities and services,Public places and places,Al -Faqit region - Dibba Al -Fujairah,Transfer,Missing,No Clouds,natural,Important,medium,Traffic accident,1,1,,
1228,1228,71252,94447,Ajman,Civil Defense Center - Administration,Police and traffic,6/8/2015,2015/06/08-21:35,2015/06/08-21:36,2015/06/08-21:37,6/8/2015 21:38,2015/06/08-21:39,2015/06/08-21:40,Transportation accidents,One hundredth,Missing,Other places,Other places,Behind the administration,Ambulance,Missing,No Clouds,natural,Important,basic,Traffic accident,2,0,,
1229,1229,71291,94486,Abu Dhabi,Civil Defense Center - Gentot,The audience,6/11/2015,2015/06/11-06:38,2015/06/11-07:18,2015/06/11-10:30,6/11/2015 12:30,2015/06/11-12:37,2015/06/11-13:30,Transportation accidents,Clash,Cars,Public facilities and services,Public places and places,Next from Dubai Kilo (25) Al -Faya Road,Control fire and rescue confined,Missing,No Clouds,natural,very important,medium,it is not determined yet,1,2,,
1230,1230,71323,94518,Ras Al Khaimah,Civil Defense Center - Kadra,Police and traffic,6/13/2015,2015/06/13-09:51,2015/06/13-10:07,2015/06/13-10:10,6/13/2015 10:24,2015/06/13-10:29,2015/06/13-10:40,Transportation accidents,Deterioration,the person,Other places,Streets and squares,Al -Munai’i Bridge towards Kalba,Ambulance and transfer of a person,Missing,No Clouds,natural,Normal,basic,it is not determined yet,1,0,,
1231,1231,71354,94549,Ajman,Civil Defense Center - Administration,The audience,6/15/2015,2015/06/15-00:15,2015/06/15-00:18,2015/06/15-00:21,6/15/2015 0:25,2015/06/15-00:30,2015/06/15-00:34,Transportation accidents,Deterioration,Missing,Other places,Other places,Mashirf Commercial,Directing confined and transferring injured people,Missing,No Clouds,natural,Important,medium,Traffic accident,4,1,,
1232,1232,71359,94554,Ras Al Khaimah,Civil Defense Center - Administration,The audience,6/15/2015,2015/06/15-09:20,2015/06/15-09:25,2015/06/15-09:35,6/15/2015 9:48,2015/06/15-09:51,2015/06/15-09:58,Transportation accidents,Clash,the person,Other places,Streets and squares,Whisper signals,Rescue people,Missing,I did not specify,unclassified,Important,basic,Traffic accident,4,0,,
1233,1233,71386,94581,Fujairah,Civil Defense Center - Al -Taween,Police and traffic,6/17/2015,2015/06/17-07:27,2015/06/17-07:33,2015/06/17-07:34,6/17/2015 7:49,2015/06/17-07:51,2015/06/17-08:36,Transportation accidents,Clash,Cars,Public facilities and services,Public places and places,Al -Tawiyeen Al -Batha area opposite the Bin Lajj crusher,Ambulance and transfer of a person,Missing,No Clouds,natural,Normal,basic,Traffic accident,6,0,,
1234,1234,71392,94587,Ras Al Khaimah,Civil Defense Center - Kadra,Police and traffic,6/17/2015,2015/06/17-15:45,2015/06/17-15:57,2015/06/17-15:58,6/17/2015 15:59,2015/06/17-16:02,2015/06/17-16:35,Transportation accidents,Deterioration,the person,Other places,Streets and squares,Sheikh Khalifa bin Zayed Street towards Fujairah,Transfer,Specific,No Clouds,natural,Important,basic,Traffic accident,2,0,,
1235,1235,71396,94591,Eye,Civil Defense Center - Civil,Police and traffic,6/17/2015,2015/06/17-20:46,2015/06/17-20:54,2015/06/17-21:20,6/17/2015 21:50,2015/06/17-21:52,2015/06/17-21:57,Transportation accidents,A collision resulted in a fire,Cars,Other places,Streets and squares,Sweihan's cataract,Fire control and cooling,Missing,No Clouds,natural,Normal,basic,it is not determined yet,1,0,,
1236,1236,71419,94614,Fujairah,Civil Defense Center - Dibba,Civil defense departments and centers,6/19/2015,2015/06/19-07:01,2015/06/19-07:07,2015/06/19-07:10,6/19/2015 7:15,2015/06/19-07:25,2015/06/19-07:40,Transportation accidents,Deterioration,Cars,Other places,Streets and squares,Al -Gob area opposite the cement factory,Exit and transfer injured people,Cars,No Clouds,natural,Normal,basic,Traffic accident,5,0,,
1237,1237,71422,94617,Ajman,Civil Defense Center - Administration,Police and traffic,6/19/2015,2015/06/19-14:43,2015/06/19-14:45,2015/06/19-14:48,6/19/2015 15:07,2015/06/19-15:09,2015/06/19-15:11,Transportation accidents,Deterioration,Cars,Other places,Streets and squares,Mashirf commercial area opposite the tailor of the hills,Show a fire and transfer a person,Missing,No Clouds,natural,Normal,basic,Traffic accident,4,0,,
1238,1238,71429,94624,Fujairah,Civil Defense Center - Masafi,Police and traffic,6/20/2015,2015/06/20-06:58,2015/06/20-07:05,2015/06/20-07:06,6/20/2015 7:30,2015/06/20-07:35,2015/06/20-07:44,Transportation accidents,Deterioration,Cars,Other places,Other places,General Street - Masafi District - After the Friday Market,He told,Missing,No Clouds,natural,Normal,medium,Traffic accident,1,1,,
1239,1239,71439,94634,Ras Al Khaimah,Civil Defense Center - Administration,Police and traffic,6/20/2015,2015/06/20-20:48,2015/06/20-20:56,2015/06/20-21:00,6/20/2015 21:22,2015/06/20-21:24,2015/06/20-21:40,Transportation accidents,Clash,Cars,Other places,Other places,Shama Al Rams Street,Directing confined and transferring injured people,Specific,No Clouds,natural,very important,basic,Traffic accident,3,0,,
1240,1240,71478,94673,Ajman,Civil Defense Center - Manama,Civil defense departments and centers,6/23/2015,2015/06/23-03:19,2015/06/23-03:25,2015/06/23-03:28,6/23/2015 3:31,2015/06/23-03:35,2015/06/23-03:50,Transportation accidents,Clash,Cars,Other places,Streets and squares,"Al -Ghail area, public street, Ras Al Khaimah",Disturbing injured,Missing,No Clouds,natural,Normal,basic,it is not determined yet,1,0,,
1241,1241,71482,94677,Sharjah,Civil Defense Center - Al -Sajaa,Other parties,6/23/2015,2015/06/23-14:43,2015/06/23-14:50,2015/06/23-14:51,6/23/2015 14:55,2015/06/23-15:05,2015/06/23-15:17,Transportation accidents,Deterioration,Cars,Other places,Other places,Emirates Street towards Al -Zubair,Inspection,Cars,No Clouds,natural,Normal,Limited,Traffic accident,0,0,,
1242,1242,71513,94708,Al Dhafra,Civil Defense Center - Ghayathi,Police and traffic,6/25/2015,2015/06/25-20:20,2015/06/25-20:25,2015/06/25-20:40,6/25/2015 22:45,2015/06/25-22:47,2015/06/25-23:00,Transportation accidents,Clash,Cars,governmental,governmental,Ghuvieat Street,Ambulance and rescue,Missing,No Clouds,natural,Important,basic,it is not determined yet,0,0,,
1243,1243,71515,94710,Abu Dhabi,Civil Defense Center - City,Police and traffic,6/25/2015,2015/06/25-22:40,2015/06/25-22:50,2015/06/25-23:05,6/25/2015 23:35,2015/06/25-23:41,2015/06/25-23:50,Transportation accidents,Deterioration,Cars,governmental,governmental,"Arabian Gulf Street towards the outside, Mossafah Bridge",Ambulance and rescue,Cars,No Clouds,natural,Important,basic,it is not determined yet,1,0,,
1244,1244,71527,94722,Ajman,Civil Defense Center - Administration,The audience,6/26/2015,2015/06/26-21:03,2015/06/26-21:06,2015/06/26-21:09,6/26/2015 21:12,2015/06/26-21:15,2015/06/26-21:20,Transportation accidents,Clash,Missing,Other places,Other places,Sheikh/ Khalifa Bin Zayed Street,Ambulance and rescue,Missing,No Clouds,natural,Normal,basic,it is not determined yet,0,0,,
1245,1245,71553,94748,Al Dhafra,Civil Defense Center - Ghayathi,Police and traffic,6/27/2015,2015/06/27-11:13,2015/06/27-11:20,2015/06/27-11:25,6/27/2015 11:30,2015/06/27-11:33,2015/06/27-11:40,Transportation accidents,Deterioration,the person,Public facilities and services,Public places and places,Ghiasi,Ambulance and transfer of a person,Cars,No Clouds,natural,Important,basic,Traffic accident,1,0,,
1246,1246,71575,94770,Fujairah,Civil Defense Center - Al -Taween,Police and traffic,6/29/2015,2015/06/29-20:35,2015/06/29-20:38,2015/06/29-20:40,6/29/2015 20:41,2015/06/29-20:42,2015/06/29-20:47,Transportation accidents,Clash,Cars,Other places,Streets and squares,Al -Tawyin roundabout,Transfer,Missing,No Clouds,natural,Normal,basic,Traffic accident,2,0,,
1247,1247,71592,94787,Sharjah,Civil Defense Center - Al Dhaid,Police and traffic,6/30/2015,2015/06/30-18:10,2015/06/30-18:30,2015/06/30-18:31,6/30/2015 18:40,2015/06/30-19:45,2015/06/30-20:12,Transportation accidents,Clash,Cars,Other places,Other places,Al -Madam District - Al -Faya Street,Disturbing injured,Missing,No Clouds,natural,unclassified,medium,it is not determined yet,1,1,,
1248,1248,71607,94802,Ras Al Khaimah,Civil Defense Center - Kadra,Police and traffic,7/1/2015,2015/07/01-23:30,2015/07/01-23:35,2015/07/01-23:47,7/1/2015 23:55,2015/07/01-23:59,2015/07/02-00:05,Transportation accidents,Clash,the person,Other places,Other places,Segi - near the chicken factory,Ambulance and transfer of a person,Missing,No Clouds,natural,Normal,basic,it is not determined yet,2,0,,
1249,1249,71617,94812,Ras Al Khaimah,Civil Defense Center - Kadra,Police and traffic,7/3/2015,2015/07/03-01:38,2015/07/03-01:48,2015/07/03-01:50,7/3/2015 1:56,2015/07/03-01:57,2015/07/03-02:45,Transportation accidents,Clash,Cars,Other places,Streets and squares,Thorn,Ambulance and transfer of a person,Specific,No Clouds,natural,Important,basic,Traffic accident,1,0,,
1250,1250,71625,94820,Ajman,Civil Defense Center - Administration,Military officers and members,7/3/2015,2015/07/03-18:10,2015/07/03-18:14,2015/07/03-18:21,7/3/2015 18:28,2015/07/03-18:46,2015/07/03-18:50,Transportation accidents,One hundredth,Missing,Other places,Other places,"Al -Zawraa area, Al -Zawraa Roundabout, in the direction of cliff references",He told,Missing,No Clouds,natural,Normal,basic,Traffic accident,1,0,,
1251,1251,71633,94828,Ajman,Civil Defense Center - Manama,Police and traffic,7/4/2015,2015/07/04-02:08,2015/07/04-02:15,2015/07/04-02:16,7/4/2015 2:17,2015/07/04-02:28,2015/07/04-02:40,Transportation accidents,Clash,Cars,Public facilities and services,Public places and places,Al -Ghail area of the Emirate of Ras Al Khaimah,Separation of a battery,Missing,No Clouds,natural,Normal,basic,Traffic accident,0,0,,
1252,1252,71686,94884,Ajman,Civil Defense Center - Administration,Police and traffic,7/6/2015,2015/07/06-14:50,2015/07/06-14:56,2015/07/06-14:57,7/6/2015 15:00,2015/07/06-15:02,2015/07/06-15:08,Transportation accidents,Deterioration,Missing,Other places,Other places,"Al -Tal area, Sheikh Mohammed bin Zayed Street, in the direction of Sharjah",Inspection,Missing,No Clouds,natural,Normal,basic,Traffic accident,1,0,,
1253,1253,71727,94925,Fujairah,Civil Defense Center - Masafi,Police and traffic,7/9/2015,2015/07/09-04:35,2015/07/09-04:52,2015/07/09-05:20,7/9/2015 5:22,2015/07/09-05:25,2015/07/09-05:35,Transportation accidents,Clash,Cars,Other places,Streets and squares,Ceiji area,He told,Cars,No Clouds,natural,Normal,basic,it is not determined yet,2,0,,
1254,1254,71736,94934,Sharjah / Eastern Region,Civil Defense Center - Kalba,Police and traffic,7/10/2015,2015/07/10-00:30,2015/07/10-00:34,2015/07/10-00:36,7/10/2015 0:40,2015/07/10-00:45,2015/07/10-00:52,Transportation accidents,Deterioration,Cars,Other places,Other places,Corniche Khor Kalba in front of the flag's mast,Separation of a battery,Cars,No Clouds,natural,Normal,basic,it is not determined yet,2,0,,
1255,1255,71752,94950,Ras Al Khaimah,Civil Defense Center - Administration,Police and traffic,7/10/2015,2015/07/10-16:59,2015/07/10-17:04,2015/07/10-17:06,7/10/2015 17:34,2015/07/10-17:38,2015/07/10-17:45,Transportation accidents,Clash,the person,Other places,Other places,Shama Al Rams Street,Ambulance and transfer of a person,Specific,No Clouds,natural,Important,basic,Traffic accident,1,0,,
1256,1256,71760,94958,Abu Dhabi,Civil Defense Center - Gentot,Police and traffic,7/11/2015,2015/07/11-14:10,2015/07/11-14:17,2015/07/11-14:45,7/11/2015 14:55,2015/07/11-15:03,2015/07/11-15:10,Transportation accidents,A collision resulted in a fire,Cars,Other places,Other places,Before the Sea Shuaib Bridge from Dubai towards Abu Dhabi,Fire control and cooling,Missing,No Clouds,natural,Normal,basic,it is not determined yet,1,0,,
1257,1257,71764,94962,Abu Dhabi,Civil Defense Center - Gentot,Police and traffic,7/11/2015,2015/07/11-14:10,2015/07/11-14:17,2015/07/11-14:45,7/11/2015 14:57,2015/07/11-15:03,2015/07/11-15:10,Transportation accidents,A collision resulted in a fire,Cars,Other places,Other places,"Before the Sea Shuaib Bridge, coming from Dubai, directed by Abu Dhabi",Fire control and cooling,Missing,No Clouds,natural,Normal,basic,it is not determined yet,1,0,,
1258,1258,71842,95040,Al Dhafra,Civil Defense Center - Ghayathi,Civil defense departments and centers,7/15/2015,2015/07/15-02:00,2015/07/15-02:10,2015/07/15-02:15,7/15/2015 2:18,2015/07/15-02:22,2015/07/15-02:30,Transportation accidents,Deterioration,Electricity column,Other places,Other places,Giathi Royce Road,take actions,Missing,No Clouds,natural,Important,basic,it is not determined yet,1,0,,
1259,1259,71896,95094,Ajman,Civil Defense Center - Administration,Police and traffic,7/17/2015,2015/07/17-20:56,2015/07/17-20:57,2015/07/17-20:58,7/17/2015 20:59,2015/07/17-21:00,2015/07/17-21:01,Transportation accidents,Run over,Missing,Other places,Streets and squares,Al Jarf area,Ambulance,Missing,No Clouds,natural,Normal,basic,Traffic accident,0,0,,