,Unnamed: 0,rec_id,Accident number,Competent Department,Competent Center,Amount rating,Date of the accident,The date and time of the notification,Date and time of first arrival,Date and time of completion of control,End date and time of the operation,Departure date and time,Date and time of return to the center,Accident Group,Type of accident,Direct damage,Acccident scene category,Accident scene,Accident title,The band's work summary,Activity,Weather condition,Road condition,Priority level,Accident size,The cause of the accident,The number of injured people,The number of deaths in the public,The number of injured members of the force,The number of deaths of members of the force
1260,1260,71900,95098,Ajman,Civil Defense Center - Administration,Police and traffic,7/17/2015,2015/07/17-20:56,2015/07/17-20:59,2015/07/17-21:02,7/17/2015 21:07,2015/07/17-21:10,2015/07/17-21:13,Transportation accidents,Run over,Missing,Other places,Other places,Halio,Directing confined and transferring injured people,Missing,No Clouds,natural,Important,basic,Traffic accident,8,0,,
1261,1261,71921,95119,Fujairah,Civil Defense Center - Al -Taween,Police and traffic,7/19/2015,2015/07/19-06:18,2015/07/19-06:22,2015/07/19-06:24,7/19/2015 6:28,2015/07/19-06:30,2015/07/19-07:00,Transportation accidents,Deterioration,Cars,Other places,Other places,Al -Sarram area,Exit and transfer injured people,Cars,No Clouds,natural,Normal,basic,Traffic accident,2,0,,
1262,1262,71994,95192,Sharjah / Eastern Region,Civil Defense Center - Kalba,Police and traffic,7/21/2015,2015/07/21-13:15,2015/07/21-13:42,2015/07/21-13:44,7/21/2015 13:49,2015/07/21-13:55,2015/07/21-14:25,Transportation accidents,Shocked,Cars,Other places,Other places,Wadi El Helou Street,Fire fighting,Cars,No Clouds,natural,unclassified,basic,it is not determined yet,1,0,,
1263,1263,72008,95206,Ras Al Khaimah,Civil Defense Center - Kadra,Police and traffic,7/22/2015,2015/07/22-01:05,2015/07/22-01:11,2015/07/22-01:19,7/22/2015 1:23,2015/07/22-01:25,2015/07/22-01:36,Transportation accidents,Clash,the person,Other places,Other places,Sheikh Khalifa Street towards the bodies,Ambulance and transfer of a person,Missing,No Clouds,natural,Normal,basic,it is not determined yet,3,0,,
1264,1264,72044,95243,Fujairah,Civil Defense Center - Administration,Military officers and members,7/23/2015,2015/07/23-13:32,2015/07/23-13:35,2015/07/23-13:39,7/23/2015 13:44,2015/07/23-14:02,2015/07/23-14:04,Transportation accidents,Clash,Trucks,Public facilities and services,Public places and places,Sakmkm area in front of the ID Center,Disturbing injured,Missing,No Clouds,natural,Important,basic,Traffic accident,1,0,,
1265,1265,72052,95251,Abu Dhabi,Civil Defense Center - Al -Maqta,Police and traffic,7/23/2015,2015/07/23-17:45,2015/07/23-17:49,2015/07/23-17:51,7/23/2015 19:25,2015/07/23-19:26,2015/07/23-19:30,Transportation accidents,A collision resulted in a fire,Buses,Public facilities and services,Public places and places,Arab Gulf Street towards the outside,Fire fighting and transporting injured people,governmental,No Clouds,natural,Important,basic,Traffic accident,0,0,,
1266,1266,72073,95272,Ras Al Khaimah,Civil Defense Center - Administration,Police and traffic,7/25/2015,2015/07/25-01:40,2015/07/25-01:43,2015/07/25-01:47,7/25/2015 1:50,2015/07/25-01:53,2015/07/25-02:00,Transportation accidents,Clash,Cars,Other places,Other places,Al-Nakheel District-Al-Ansari Al-Ansari Exchange,Directing confined and transferring injured people,Cars,I did not specify,unclassified,Important,basic,Traffic accident,5,0,,
1267,1267,72078,95277,Ras Al Khaimah,Civil Defense Center - Kadra,Police and traffic,7/25/2015,2015/07/25-07:40,Missing,,,,,Transportation accidents,Clash,Cars,Other places,Other places,Sheikh Khalifa Street towards the bodies,Disturbing injured,Missing,I did not specify,unclassified,unclassified,basic,it is not determined yet,0,0,,
1268,1268,72080,95279,Ras Al Khaimah,Civil Defense Center - Kadra,Police and traffic,7/25/2015,2015/07/25-07:40,2015/07/25-07:48,2015/07/25-08:11,7/25/2015 8:16,2015/07/25-08:19,2015/07/25-08:26,Transportation accidents,Clash,Cars,Other places,Streets and squares,Kadra Bridge towards the bodies,Ambulance and transfer of a person,Missing,No Clouds,natural,Normal,basic,it is not determined yet,3,0,,
1269,1269,72092,95291,Sharjah,Civil Defense Center - Al -Sajaa,The audience,7/25/2015,2015/07/25-10:57,2015/07/25-11:00,2015/07/25-11:02,7/25/2015 11:10,2015/07/25-11:20,2015/07/25-11:30,Transportation accidents,A collision resulted in a fire,Cars,residential,residential,Readership area No. (1),take actions,Cars,No Clouds,natural,Normal,basic,it is not determined yet,0,0,,
1270,1270,72106,95305,Ras Al Khaimah,Civil Defense Center - Kadra,Police and traffic,7/26/2015,2015/07/26-07:30,2015/07/26-07:36,2015/07/26-07:38,7/26/2015 7:40,2015/07/26-07:42,2015/07/26-08:30,Transportation accidents,Clash,the person,Other places,Streets and squares,Kadra area,Ambulance and transfer of a person,Specific,No Clouds,natural,Important,basic,Traffic accident,1,0,,
1271,1271,72107,95306,Al Dhafra,Civil Defense Center - Ghayathi,Police and traffic,7/26/2015,2015/07/26-07:05,2015/07/26-07:20,2015/07/26-07:35,7/26/2015 7:37,2015/07/26-07:38,2015/07/26-08:30,Transportation accidents,Deterioration,the person,Public facilities and services,Public places and places,Giathi Ruwais Road,Ambulance and transfer of a person,Cars,No Clouds,natural,Important,basic,Traffic accident,1,0,,
1272,1272,72120,95319,Eye,Civil Defense Center - Administration,The audience,7/26/2015,2015/07/26-14:53,Missing,,,,,Transportation accidents,Deterioration,Cars,tourist,tourist,Missing,take actions,Missing,I did not specify,unclassified,unclassified,basic,it is not determined yet,0,0,,
1273,1273,72124,95323,Ajman,Civil Defense Center - Rumaila,Police and traffic,7/26/2015,2015/07/26-15:35,2015/07/26-15:38,2015/07/26-15:41,7/26/2015 15:45,2015/07/26-15:50,2015/07/26-15:53,Transportation accidents,Deterioration,Missing,Other places,Other places,Swan area,Fire fighting,Missing,No Clouds,natural,Normal,basic,Traffic accident,0,0,,
1274,1274,72144,95343,Ras Al Khaimah,Civil Defense Center - Kadra,Police and traffic,7/27/2015,2015/07/27-10:34,2015/07/27-10:42,2015/07/27-10:44,7/27/2015 10:46,2015/07/27-10:48,2015/07/27-11:40,Transportation accidents,Clash,Cars,Other places,Streets and squares,Kadra Sheikh Khalifa bin Zayed Street,Ambulance and transfer of a person,Specific,No Clouds,natural,Important,basic,Traffic accident,3,0,,
1275,1275,72177,95376,Ajman,Civil Defense Center - Industrial,Police and traffic,7/28/2015,2015/07/28-20:01,2015/07/28-20:03,2015/07/28-20:10,7/28/2015 20:55,2015/07/28-21:11,2015/07/28-21:15,Transportation accidents,Clash,the person,governmental,governmental,Industrial near the industrial center,Rescue people,Missing,I did not specify,unclassified,unclassified,basic,it is not determined yet,0,0,,
1276,1276,72198,95397,Fujairah,Civil Defense Center - Masafi,Police and traffic,7/29/2015,2015/07/29-09:38,2015/07/29-09:50,2015/07/29-10:00,7/29/2015 10:08,2015/07/29-10:10,2015/07/29-10:20,Transportation accidents,Clash,Cars,Public facilities and services,Public places and places,Thoban area,Disturbing injured,Missing,No Clouds,natural,Normal,basic,Traffic accident,1,0,,
1277,1277,72200,95399,Ras Al Khaimah,Civil Defense Center - Kadra,Civil defense departments and centers,7/29/2015,2015/07/29-09:33,2015/07/29-09:40,2015/07/29-09:42,7/29/2015 10:00,2015/07/29-10:06,2015/07/29-10:12,Transportation accidents,Clash,the person,Other places,Streets and squares,Seiji area,rescue,Specific,No Clouds,natural,Important,basic,Traffic accident,0,0,,
1278,1278,72259,95458,Ajman,Civil Defense Center - Administration,Police and traffic,8/1/2015,2015/08/01-12:42,2015/08/01-12:46,2015/08/01-12:48,8/1/2015 12:51,2015/08/01-12:55,2015/08/01-12:59,Transportation accidents,Clash,Missing,Other places,Other places,Al-Jarf District- Chinese Souq Street,Ambulance and rescue,Missing,No Clouds,natural,Normal,basic,Traffic accident,3,0,,
1279,1279,72286,95485,Sharjah,Civil Defense Center - Al -Sajaa,Police and traffic,8/3/2015,2015/08/03-00:01,2015/08/03-00:05,2015/08/03-00:06,8/3/2015 0:10,2015/08/03-00:18,2015/08/03-00:25,Transportation accidents,A collision resulted in a fire,Cars,Other places,Streets and squares,Al Dhaid Street from Bridge 6 to 7,Fire fighting,Missing,No Clouds,natural,Normal,basic,it is not determined yet,0,0,,
1280,1280,72289,95488,Sharjah,Civil Defense Center - Mawlh,Other parties,8/3/2015,2015/08/03-03:57,2015/08/03-04:01,2015/08/03-04:02,8/3/2015 4:11,2015/08/03-04:24,2015/08/03-04:30,Transportation accidents,Clash,Cars,Other places,Other places,Mohammed bin Zayed Street,Directing bodies and confined,Missing,No Clouds,natural,Important,medium,it is not determined yet,2,1,,
1281,1281,72298,95497,Ajman,Civil Defense Center - Administration,Police and traffic,8/3/2015,2015/08/03-14:42,2015/08/03-14:46,2015/08/03-14:50,8/3/2015 15:10,2015/08/03-15:19,2015/08/03-15:37,Transportation accidents,Deterioration,Cars,Other places,Streets and squares,Near Sheikh Ammar Bridge,Transfer,Missing,No Clouds,natural,Normal,basic,Traffic accident,2,0,,
1282,1282,72377,95576,Fujairah,Civil Defense Center - Administration,The audience,8/7/2015,2015/08/07-20:14,2015/08/07-20:21,2015/08/07-20:22,8/7/2015 20:32,2015/08/07-20:36,2015/08/07-20:46,Transportation accidents,Clash,Cars,Public facilities and services,Public places and places,Village area,Separation of a battery,Missing,No Clouds,natural,Normal,basic,Traffic accident,0,0,,
1283,1283,72429,95628,Ajman,Civil Defense Center - Administration,The audience,8/9/2015,2015/08/09-17:29,2015/08/09-17:35,2015/08/09-17:38,8/9/2015 17:51,2015/08/09-17:54,2015/08/09-17:59,Transportation accidents,Clash,Cars,Other places,Streets and squares,Mashirf Commercial District Bartch from the Ajman Association,Street cleaning from oils,Missing,No Clouds,Crowded,Normal,basic,Traffic accident,1,0,,
1284,1284,72488,95687,Abu Dhabi,Rapid Intervention Center - Al Shaila,The audience,8/12/2015,2015/08/12-12:05,Missing,,,,,Transportation accidents,Clash,Missing,Public facilities and services,Public places and places,Al -Tawila area,take actions,Missing,I did not specify,unclassified,unclassified,basic,it is not determined yet,0,0,,
1285,1285,72529,95728,Eye,Civil Defense Center - Civil,Police and traffic,8/13/2015,2015/08/13-13:16,2015/08/13-13:25,2015/08/13-13:28,8/13/2015 13:30,2015/08/13-13:33,2015/08/13-14:44,Transportation accidents,A deterioration resulted in a fire,Cars,residential,residential,Al -Bateen area in Al Ain,take actions,Cars,I did not specify,unclassified,Normal,basic,Traffic accident,4,0,,
1286,1286,72611,95810,Abu Dhabi,Civil Defense Center - City,The audience,8/16/2015,2015/08/16-22:20,2015/08/16-22:23,2015/08/16-22:25,8/16/2015 22:35,2015/08/16-22:45,2015/08/16-23:30,Transportation accidents,Run over,Location,commercial,commercial,Hamdan Street,Ambulance and transfer of a person,Missing,No Clouds,natural,Important,basic,it is not determined yet,0,0,,
1287,1287,72662,95861,Abu Dhabi,Rapid Intervention Center - Khalifa A.,he did not specify,8/18/2015,2015/08/18-21:23,2015/08/18-21:30,2015/08/18-22:00,8/18/2015 22:05,2015/08/18-22:15,2015/08/18-22:20,Transportation accidents,A collision resulted in a fire,Cars,Public facilities and services,Public places and places,Abu Dhabi International Airport Street,Fire control and cooling,Missing,I did not specify,unclassified,Normal,basic,it is not determined yet,0,0,,
1288,1288,72827,96026,Fujairah,Civil Defense Center - Al -Taween,Civil defense departments and centers,8/23/2015,2015/08/23-05:51,2015/08/23-06:05,2015/08/23-06:08,8/23/2015 6:09,2015/08/23-06:10,2015/08/23-06:40,Transportation accidents,Deterioration,Cars,Public facilities and services,Public places and places,Ears Al -Gail Street,Fire fighting and infected with an injured,Missing,No Clouds,natural,Normal,basic,Traffic accident,1,0,,
1289,1289,72831,96030,Abu Dhabi,Civil Defense Center - Al Samha,he did not specify,8/23/2015,2015/08/23-09:15,2015/08/23-09:21,2015/08/23-09:27,8/23/2015 10:22,2015/08/23-10:27,2015/08/23-10:30,Transportation accidents,Clash,Missing,Public facilities and services,Public places and places,After the Al -Tawila Bridge towards Abu Dhabi,take actions,Missing,No Clouds,natural,Normal,basic,it is not determined yet,0,0,,
1290,1290,72873,96072,Abu Dhabi,Civil Defense Center - Mossafah M14,The audience,8/25/2015,2015/08/25-05:03,2015/08/25-05:04,2015/08/25-05:18,8/25/2015 8:28,2015/08/25-08:40,2015/08/25-08:54,Transportation accidents,Deterioration,Trucks,Industrial,Industrial,Missing,Street cleaning from oils,trade,I did not specify,unclassified,Normal,basic,it is not determined yet,0,0,,
1291,1291,72927,96126,Abu Dhabi,Civil Defense Center - Shakhbout City,Police and traffic,8/26/2015,2015/08/26-12:46,2015/08/26-12:50,2015/08/26-12:53,8/26/2015 13:00,2015/08/26-13:07,2015/08/26-13:12,Transportation accidents,Clash,Cars,Other places,undefined,In exchange for Al -Mafraq Hospital on the General Street,Inspection,Missing,No Clouds,natural,Normal,basic,it is not determined yet,1,0,,
1292,1292,72991,96190,Fujairah,Civil Defense Center - Al -Madinah,Police and traffic,8/28/2015,2015/08/28-19:35,2015/08/28-19:38,2015/08/28-19:40,8/28/2015 19:44,2015/08/28-19:45,2015/08/28-20:00,Transportation accidents,Clash,Cars,Public facilities and services,Public places and places,Hamad bin Abdullah Street,He told,Missing,No Clouds,natural,Normal,basic,Traffic accident,2,0,,
1293,1293,73176,96375,Ras Al Khaimah,Civil Defense Center - Kadra,Police and traffic,9/4/2015,2015/09/04-03:19,2015/09/04-03:30,2015/09/04-03:31,9/4/2015 3:33,2015/09/04-03:36,2015/09/04-04:00,Transportation accidents,Clash,Cars,Public facilities and services,Public places and places,Maliha Street near Mleiha Bridge,Separation of a battery,governmental,No Clouds,natural,Important,basic,Traffic accident,0,0,,
1294,1294,73418,96617,Fujairah,Civil Defense Center - Al -Taween,Police and traffic,9/15/2015,2015/09/15-09:05,2015/09/15-09:14,2015/09/15-09:16,9/15/2015 9:40,2015/09/15-09:43,2015/09/15-09:51,Transportation accidents,Clash,Cars,Public facilities and services,Public places and places,Al-Tuwaine Street- Zahir Al-Safwa area,Transfer,Missing,I did not specify,unclassified,Normal,basic,Traffic accident,2,0,,
1295,1295,73499,96703,Ajman,Civil Defense Center - Administration,Civil defense departments and centers,9/17/2015,2015/09/17-23:17,2015/09/17-23:19,2015/09/17-23:25,9/18/2015 0:10,2015/09/18-00:11,2015/09/18-00:12,Transportation accidents,Clash,Cars,Other places,Streets and squares,Mashirf commercial area on the Al -Hamidiya Bridge,rescue,Missing,No Clouds,Crowded,Normal,basic,Traffic accident,3,0,,
1296,1296,73500,96704,Ajman,Civil Defense Center - Administration,Police and traffic,9/17/2015,2015/09/17-23:54,2015/09/18-00:00,2015/09/18-00:03,9/18/2015 0:28,2015/09/18-00:35,2015/09/18-00:43,Transportation accidents,Clash,Cars,governmental,governmental,Industrial near the roundabout of you,Inspection,Missing,I did not specify,unclassified,unclassified,Limited,it is not determined yet,0,0,,
1297,1297,73502,96706,Fujairah,Civil Defense Center - Al -Madinah,Police and traffic,9/18/2015,2015/09/18-04:01,2015/09/18-04:24,2015/09/18-04:26,9/18/2015 5:20,2015/09/18-05:25,2015/09/18-05:45,Transportation accidents,A collision resulted in a fire,Cars,Public facilities and services,Public places and places,Sheikh Khalifa Street,Fire fighting,Missing,I did not specify,unclassified,Normal,basic,it is not determined yet,0,0,,
1298,1298,73503,96707,Ras Al Khaimah,Civil Defense Center - Kadra,Police and traffic,9/18/2015,2015/09/18-04:41,2015/09/18-04:46,2015/09/18-04:55,9/18/2015 5:05,2015/09/18-05:08,2015/09/18-05:29,Transportation accidents,A collision resulted in a fire,Cars,Other places,Other places,Sheikh Khalifa Street towards Fujairah,Fire control and cooling,Missing,No Clouds,natural,Important,basic,Traffic accident,0,0,,
1299,1299,73556,96760,Ras Al Khaimah,Civil Defense Center - Administration,Police and traffic,9/20/2015,2015/09/20-10:43,2015/09/20-10:45,2015/09/20-10:56,9/20/2015 10:58,2015/09/20-10:59,2015/09/20-11:05,Transportation accidents,Deterioration,Cars,governmental,governmental,A car deterioration accident in the Al -Haliya area,Exit and transfer injured people,Missing,I did not specify,unclassified,Important,basic,Traffic accident,0,0,,
1300,1300,73634,96838,Ras Al Khaimah,Civil Defense Center - Kadra,Police and traffic,9/22/2015,2015/09/22-11:11,2015/09/22-11:14,2015/09/22-11:18,9/22/2015 11:23,2015/09/22-11:25,2015/09/22-12:08,Transportation accidents,Deterioration,Cars,Other places,Streets and squares,Kadra area near the chicken factory,Ambulance and rescue,Missing,No Clouds,natural,Normal,basic,it is not determined yet,1,0,,
1301,1301,73638,96842,Fujairah,Civil Defense Center - Al -Taween,Police and traffic,9/22/2015,2015/09/22-14:24,2015/09/22-14:33,2015/09/22-14:35,9/22/2015 14:40,2015/09/22-14:42,2015/09/22-14:52,Transportation accidents,Deterioration,Cars,Other places,Other places,Zahir Al -Safwa area,Disturbing injured,Cars,No Clouds,natural,Normal,basic,it is not determined yet,0,0,,
1302,1302,73646,96850,Ras Al Khaimah,Civil Defense Center - Al -Jazeera Al -Hamra,Police and traffic,9/22/2015,2015/09/22-21:21,2015/09/22-21:23,2015/09/22-21:40,9/22/2015 21:46,2015/09/22-21:48,2015/09/22-21:54,Transportation accidents,Clash,Cars,Other places,Streets and squares,In exchange for Hamra Mall,Ambulance and rescue,Missing,No Clouds,natural,Important,basic,it is not determined yet,1,0,,
1303,1303,73649,96853,Fujairah,Civil Defense Center - Masafi,Police and traffic,9/22/2015,2015/09/22-22:40,2015/09/22-22:48,2015/09/22-22:51,9/22/2015 22:57,2015/09/22-23:05,2015/09/22-23:15,Transportation accidents,Clash,Cars,Other places,Other places,Masafi- Ras Al Khaimah,Disturbing injured,Cars,No Clouds,natural,Normal,medium,it is not determined yet,4,1,,
1304,1304,73653,96857,Fujairah,Civil Defense Center - Al -Taween,Police and traffic,9/23/2015,2015/09/23-00:45,2015/09/23-00:53,2015/09/23-00:59,9/23/2015 1:04,2015/09/23-01:06,2015/09/23-01:16,Transportation accidents,Clash,Cars,Other places,Other places,District and defect of henna,Inspection,Cars,No Clouds,natural,unclassified,Limited,it is not determined yet,0,0,,
1305,1305,73670,96874,Fujairah,Civil Defense Center - Dibba,Police and traffic,9/23/2015,2015/09/23-20:51,2015/09/23-21:06,2015/09/23-21:12,9/23/2015 21:13,2015/09/23-21:15,2015/09/23-21:35,Transportation accidents,Clash,Cars,Other places,Other places,Wadi Al-Abadleh- Dibba Al-Fujairah,Separation of a battery,Missing,No Clouds,natural,Normal,basic,Traffic accident,0,0,,
1306,1306,73722,96930,Fujairah,Civil Defense Center - Masafi,Police and traffic,9/25/2015,2015/09/25-21:35,2015/09/25-21:44,2015/09/25-21:46,9/25/2015 21:50,2015/09/25-22:24,2015/09/25-22:35,Transportation accidents,Clash,Cars,Other places,Other places,Al -Ghana region,Inspection,Cars,No Clouds,natural,unclassified,medium,it is not determined yet,5,0,,
1307,1307,73730,96938,Sharjah,Civil Defense Center - Al Dhaid,Police and traffic,9/26/2015,2015/09/26-08:31,2015/09/26-08:36,2015/09/26-08:41,9/26/2015 8:42,2015/09/26-09:10,2015/09/26-09:20,Transportation accidents,Clash,Cars,Other places,Other places,Al -Hajan Race Square,rescue,Have the field,No Clouds,natural,Normal,basic,Traffic accident,2,0,,
1308,1308,73737,96945,Ras Al Khaimah,Civil Defense Center - Kadra,Police and traffic,9/26/2015,2015/09/26-18:17,2015/09/26-18:21,2015/09/26-18:24,9/26/2015 18:26,2015/09/26-18:32,2015/09/26-19:26,Transportation accidents,Clash,Cars,Other places,Streets and squares,Kadra Bridge,Ambulance and rescue,Missing,No Clouds,natural,Important,basic,it is not determined yet,3,0,,
1309,1309,73746,96954,Al Dhafra,Civil Defense Center - Ghayathi,Police and traffic,9/27/2015,2015/09/27-07:46,2015/09/27-08:03,2015/09/27-08:08,9/27/2015 8:09,2015/09/27-08:10,2015/09/27-09:15,Transportation accidents,Clash,the person,Public facilities and services,Public places and places,Ghayathi / Bida Al -Mutawa,Ambulance and transfer of a person,Cars,fog,natural,Important,basic,Traffic accident,2,0,,
1310,1310,73790,96998,Ras Al Khaimah,Civil Defense Center - Al -Jazeera Al -Hamra,Police and traffic,9/29/2015,2015/09/29-11:15,2015/09/29-11:20,2015/09/29-11:26,9/29/2015 11:46,2015/09/29-11:55,2015/09/29-12:00,Transportation accidents,Deterioration,the person,Other places,Other places,Bridge bridge towards Ras Al Khaimah,Being and preparing,Specific,I did not specify,unclassified,Important,basic,it is not determined yet,1,0,,
1311,1311,73856,97064,Fujairah,Civil Defense Center - Al -Madinah,Police and traffic,10/2/2015,2015/10/02-02:57,2015/10/02-03:16,2015/10/02-03:25,10/2/2015 3:40,2015/10/02-04:00,2015/10/02-04:25,Transportation accidents,Clash,Cars,Other places,Other places,Al -Murr region / Ras Al Khaimah,Disturbing injured,Cars,No Clouds,natural,Normal,medium,Traffic accident,1,1,,
1312,1312,73906,97114,Fujairah,Civil Defense Center - Al -Taween,Police and traffic,10/4/2015,2015/10/04-06:18,2015/10/04-06:20,2015/10/04-06:21,10/4/2015 6:43,2015/10/04-06:45,2015/10/04-06:50,Transportation accidents,Deterioration,Cars,Public facilities and services,Public places and places,Al -Sarram area,Separation of a battery,Missing,No Clouds,natural,Normal,basic,Traffic accident,1,0,,
1313,1313,74061,97269,Ras Al Khaimah,Civil Defense Center - Administration,Police and traffic,10/8/2015,2015/10/08-23:03,2015/10/08-23:07,2015/10/08-23:15,10/8/2015 23:24,2015/10/08-23:29,2015/10/08-23:43,Transportation accidents,Clash,the person,Other places,Streets and squares,Shamal Al -Rams Street opposite the Cardal Hall,Ambulance and rescue,Missing,No Clouds,natural,Normal,basic,it is not determined yet,0,0,,
1314,1314,74127,97335,Abu Dhabi,Rapid Intervention Center - Khalifa A.,The audience,10/12/2015,2015/10/12-08:12,2015/10/12-08:34,2015/10/12-08:43,10/12/2015 8:47,2015/10/12-08:50,2015/10/12-09:10,Transportation accidents,Clash,Cars,Public facilities and services,Public places and places,Abu Dhabi International Airport Road towards Khalifa A.,Disturbing injured,Cars,No Clouds,Crowded,Important,basic,Traffic accident,3,0,,
1315,1315,74180,97388,Al Dhafra,Civil Defense Center - Ghayathi,Police and traffic,10/14/2015,2015/10/14-20:06,2015/10/14-20:10,2015/10/14-20:11,10/14/2015 20:12,2015/10/14-20:13,2015/10/14-21:15,Transportation accidents,One hundredth,Missing,Other places,Streets and squares,Al -Mutawa Roundabout Ghayathi,Ambulance and transfer of a person,Missing,No Clouds,natural,Important,basic,it is not determined yet,2,0,,
1316,1316,74184,97392,Abu Dhabi,Civil Defense Center - City,Police and traffic,10/14/2015,2015/10/14-20:06,2015/10/14-20:09,2015/10/14-20:15,10/14/2015 20:18,2015/10/14-20:25,2015/10/14-21:15,Transportation accidents,One hundredth,Dubbed,Other places,Other places,Missing,take actions,Transmission,I did not specify,unclassified,unclassified,basic,it is not determined yet,0,0,,
1317,1317,74220,97428,Fujairah,Civil Defense Center - Masafi,The audience,10/16/2015,2015/10/16-19:24,2015/10/16-19:34,2015/10/16-19:37,10/16/2015 19:45,2015/10/16-20:00,2015/10/16-20:15,Transportation accidents,Deterioration,Light,Other places,Streets and squares,Blida area,Separation of a battery,Cars,No Clouds,natural,Normal,basic,Traffic accident,3,0,,
1318,1318,74316,97524,Ras Al Khaimah,Civil Defense Center - Administration,The audience,10/21/2015,2015/10/21-19:38,2015/10/21-19:40,2015/10/21-19:43,10/21/2015 19:44,2015/10/21-19:45,2015/10/21-19:49,Transportation accidents,Deterioration,the person,Other places,Other places,"Near the Civil Defense Department, Ras Al Khaimah",Ambulance and rescue,Missing,I did not specify,unclassified,unclassified,basic,it is not determined yet,0,0,,
1319,1319,74325,97533,Ras Al Khaimah,Civil Defense Center - Kadra,Police and traffic,10/22/2015,2015/10/22-06:28,2015/10/22-06:50,2015/10/22-06:55,10/22/2015 6:59,2015/10/22-07:01,2015/10/22-07:11,Transportation accidents,Clash,the person,Other places,Other places,Malihah,Ambulance and rescue,Cars,I did not specify,unclassified,unclassified,basic,it is not determined yet,0,0,,
1320,1320,74330,97538,Fujairah,Civil Defense Center - Al -Madinah,Police and traffic,10/22/2015,2015/10/22-14:46,2015/10/22-14:58,2015/10/22-15:00,10/22/2015 15:02,2015/10/22-15:03,2015/10/22-15:15,Transportation accidents,Clash,Cars,Other places,Other places,Sheikh Khalifa Street,take actions,Cars,No Clouds,natural,unclassified,basic,Traffic accident,2,0,,
1321,1321,74348,97556,Ras Al Khaimah,Civil Defense Center - Administration,Police and traffic,10/23/2015,2015/10/23-15:14,2015/10/23-15:17,2015/10/23-15:20,10/23/2015 15:27,2015/10/23-15:35,2015/10/23-15:40,Transportation accidents,Deterioration,Cars,Public facilities and services,Public places and places,Amman Street (on the bridge opposite Ali Baba Restaurant),Carrying a car,Missing,No Clouds,natural,Normal,basic,Traffic accident,0,0,,
1322,1322,74361,97569,Sharjah,Civil Defense Center - Al Dhaid,Police and traffic,10/24/2015,2015/10/24-15:30,2015/10/24-15:38,2015/10/24-15:40,10/24/2015 15:52,2015/10/24-15:55,2015/10/24-16:22,Transportation accidents,Clash,Cars,Public facilities and services,Public places and places,Al -Fali area on Al -Thumid Street,take actions,Missing,I did not specify,unclassified,unclassified,basic,it is not determined yet,2,0,,
1323,1323,74408,97616,Fujairah,Civil Defense Center - Al -Madinah,Other parties,10/27/2015,2015/10/27-08:40,2015/10/27-08:47,2015/10/27-08:48,10/27/2015 9:08,2015/10/27-09:10,2015/10/27-09:20,Transportation accidents,Clash,Cars,Public facilities and services,Public places and places,Sheikh Khalifa Street,Street cleaning from oils,Missing,No Clouds,natural,Normal,basic,Traffic accident,0,0,,
1324,1324,74484,97692,Ajman,Civil Defense Center - Administration,The audience,10/30/2015,2015/10/30-15:49,2015/10/30-15:58,2015/10/30-16:04,10/30/2015 16:06,2015/10/30-16:08,2015/10/30-16:19,Transportation accidents,Clash,Missing,Other places,Other places,Al-Naeemia District- near Kuwait Street,Inspection,Missing,No Clouds,natural,Normal,Limited,it is not determined yet,0,0,,
1325,1325,74501,97709,Fujairah,Civil Defense Center - Administration,Police and traffic,10/31/2015,2015/10/31-15:22,2015/10/31-15:30,2015/10/31-15:33,10/31/2015 15:40,2015/10/31-16:21,2015/10/31-16:32,Transportation accidents,Clash,Cars,Other places,Streets and squares,Al -Souda area,take actions,Cars,No Clouds,natural,unclassified,basic,Traffic accident,5,0,,
1326,1326,74504,97712,Ajman,Civil Defense Center - Al -Jarf,Police and traffic,10/31/2015,2015/10/31-17:13,2015/10/31-17:22,2015/10/31-17:35,10/31/2015 17:38,2015/10/31-17:43,2015/10/31-17:50,Transportation accidents,Clash,Missing,Other places,Other places,Al Jarf Industrial Zone,rescue,Missing,No Clouds,natural,Normal,basic,it is not determined yet,1,0,,
1327,1327,74506,97714,Fujairah,Civil Defense Center - Al -Taween,The audience,10/31/2015,2015/10/31-20:17,2015/10/31-20:23,2015/10/31-20:26,10/31/2015 20:27,2015/10/31-20:28,2015/10/31-20:35,Transportation accidents,Clash,Cars,Other places,Streets and squares,District and defect of henna,Inspection,Cars,No Clouds,natural,unclassified,basic,Traffic accident,3,0,,