,Unnamed: 0,rec_id,Accident number,Competent Department,Competent Center,Amount rating,Date of the accident,The date and time of the notification,Date and time of first arrival,Date and time of completion of control,End date and time of the operation,Departure date and time,Date and time of return to the center,Accident Group,Type of accident,Direct damage,Acccident scene category,Accident scene,Accident title,The band's work summary,Activity,Weather condition,Road condition,Priority level,Accident size,The cause of the accident,The number of injured people,The number of deaths in the public,The number of injured members of the force,The number of deaths of members of the force
1328,1328,74540,97748,Ras Al Khaimah,Civil Defense Center - Northern Administration,The audience,11/2/2015,2015/11/02-13:07,2015/11/02-13:12,2015/11/02-13:21,11/2/2015 13:24,2015/11/02-13:26,2015/11/02-13:34,Transportation accidents,Deterioration,Cars,Public facilities and services,Public places and places,Glala area at the roundabout,Transfer,governmental,No Clouds,natural,very important,basic,Traffic accident,0,0,,
1329,1329,74546,97754,Ras Al Khaimah,Civil Defense Center - Administration,The audience,11/2/2015,2015/11/02-18:33,2015/11/02-18:40,2015/11/02-18:47,11/2/2015 18:48,2015/11/02-18:49,2015/11/02-19:20,Transportation accidents,Clash,Cars,Public facilities and services,Public places and places,Julpar after Rotana's laundry in the Rams,Exit and transfer injured people,governmental,No Clouds,natural,very important,basic,Traffic accident,0,0,,
1330,1330,74577,97785,Ajman,Civil Defense Center - Administration,The audience,11/4/2015,2015/11/04-10:29,2015/11/04-10:34,2015/11/04-10:40,11/4/2015 10:51,2015/11/04-10:54,2015/11/04-11:03,Transportation accidents,Clash,Cars,Other places,Streets and squares,Al -Jarf Dawar Al -Zawraa,Transfer,Missing,No Clouds,natural,Important,basic,Traffic accident,1,0,,
1331,1331,74610,97818,Abu Dhabi,Civil Defense Center - Shakhbout City,Police and traffic,11/4/2015,2015/11/04-23:05,2015/11/04-23:09,2015/11/04-23:15,11/4/2015 23:20,2015/11/04-23:49,2015/11/04-23:55,Transportation accidents,Clash,Cars,Public facilities and services,Public places and places,Khalifa city b,Street washing,Missing,No Clouds,natural,Normal,basic,it is not determined yet,3,0,,
1332,1332,74823,98031,Fujairah,Civil Defense Center - Al -Madinah,Police and traffic,11/14/2015,2015/11/14-15:35,2015/11/14-15:43,2015/11/14-15:45,11/14/2015 15:46,2015/11/14-15:48,2015/11/14-15:56,Transportation accidents,Clash,the person,Public facilities and services,Public places and places,Industrial tricks/ bodies,Directing confined and transferring injured people,Missing,No Clouds,natural,Normal,basic,it is not determined yet,1,0,,
1333,1333,74834,98042,Ajman,Civil Defense Center - Administration,The audience,11/15/2015,2015/11/15-13:03,2015/11/15-13:08,2015/11/15-13:11,11/15/2015 13:22,2015/11/15-13:32,2015/11/15-13:37,Transportation accidents,Clash,Cars,Means of transport,Methods and transport facilities,The cliff is near City Center Ajman,Ambulance and rescue,Cars,No Clouds,natural,Normal,basic,Traffic accident,0,0,,
1334,1334,74940,98148,Fujairah,Civil Defense Center - Al -Taween,Police and traffic,11/20/2015,2015/11/20-15:26,2015/11/20-15:33,2015/11/20-15:35,11/20/2015 15:36,2015/11/20-15:43,2015/11/20-15:53,Transportation accidents,Deterioration,Cars,Public facilities and services,Public places and places,Al -Taween/Al -Sarram,Separation of a battery,Missing,No Clouds,natural,Normal,basic,it is not determined yet,0,0,,
1335,1335,75161,98369,Fujairah,Civil Defense Center - Al -Madinah,Police and traffic,11/23/2015,2015/11/23-16:34,2015/11/23-16:43,2015/11/23-16:45,11/23/2015 16:46,2015/11/23-16:54,2015/11/23-17:05,Transportation accidents,One hundredth,Cars,Public facilities and services,Public places and places,Al -Rajalat Street,Separation of a battery,Missing,No Clouds,natural,Normal,basic,Traffic accident,0,0,,
1336,1336,75162,98370,Abu Dhabi,Civil Defense Center - City,Police and traffic,11/23/2015,2015/11/23-14:05,2015/11/23-14:09,2015/11/23-14:20,11/23/2015 14:40,2015/11/23-14:45,2015/11/23-14:50,Transportation accidents,A collision resulted in a fire,Cars,Public facilities and services,Public places and places,At the intersection of the entrance to the palace of the sea,Control fire and rescue confined,Missing,No Clouds,natural,Normal,basic,it is not determined yet,3,0,,
1337,1337,75176,98384,Ras Al Khaimah,Civil Defense Center - Al -Jazeera Al -Hamra,Police and traffic,11/24/2015,2015/11/24-13:08,2015/11/24-13:10,2015/11/24-13:13,11/24/2015 13:22,2015/11/24-13:23,2015/11/24-13:25,Transportation accidents,Deterioration,Cars,Other places,Other places,The Red Island,rescue,Missing,I did not specify,unclassified,Important,basic,Traffic accident,0,0,,
1338,1338,75181,98389,Fujairah,Civil Defense Center - Administration,Police and traffic,11/24/2015,2015/11/24-16:26,2015/11/24-16:28,2015/11/24-16:31,11/24/2015 16:54,2015/11/24-16:56,2015/11/24-17:00,Transportation accidents,Deterioration,Trucks,Other places,Streets and squares,Street that he is passing through,Separation of a battery,Missing,Clouds,natural,Normal,basic,Traffic accident,1,0,,
1339,1339,75191,98399,Fujairah,Civil Defense Center - Masafi,Police and traffic,11/24/2015,2015/11/24-19:02,2015/11/24-19:16,2015/11/24-19:31,11/24/2015 19:51,2015/11/24-20:00,2015/11/24-20:15,Transportation accidents,Clash,Cars,Other places,Streets and squares,Bit,Disturbing injured,Cars,Rains,natural,Normal,basic,it is not determined yet,5,0,,
1340,1340,75217,98425,Fujairah,Civil Defense Center - Al -Madinah,Military officers and members,11/25/2015,2015/11/25-18:55,2015/11/25-19:15,2015/11/25-19:18,11/25/2015 19:20,2015/11/25-19:55,2015/11/25-20:08,Transportation accidents,Deterioration,Missing,Other places,Other places,Safni District - Sheikh Khalifa Street,Inspection,Missing,Clouds,natural,Normal,basic,Traffic accident,1,0,,
1341,1341,75218,98426,Ras Al Khaimah,Civil Defense Center - Kadra,Police and traffic,11/25/2015,2015/11/25-18:54,2015/11/25-18:59,2015/11/25-19:15,11/25/2015 19:20,2015/11/25-19:33,2015/11/25-19:38,Transportation accidents,Clash,the person,Other places,Other places,Sheikh Khalifa Bin Zayed Street towards Al -Fajr,Transfer,Missing,I did not specify,unclassified,Normal,basic,it is not determined yet,1,0,,
1342,1342,75239,98447,Al Dhafra,Civil Defense Center - Port,Police and traffic,11/26/2015,2015/11/26-13:40,2015/11/26-13:50,2015/11/26-14:05,11/26/2015 14:15,2015/11/26-15:18,2015/11/26-15:24,Transportation accidents,A collision resulted in a fire,trailer,governmental,governmental,Missing,Fire inspection and cooling,trade,No Clouds,natural,very important,basic,it is not determined yet,0,0,,
1343,1343,75242,98450,Fujairah,Civil Defense Center - Al -Taween,Police and traffic,11/26/2015,2015/11/26-19:08,2015/11/26-19:11,2015/11/26-19:12,11/26/2015 19:13,2015/11/26-19:14,2015/11/26-19:18,Transportation accidents,Deterioration,Cars,Public facilities and services,Public places and places,Al -Taween/Rayam,Inspection,Missing,No Clouds,natural,Normal,Limited,Traffic accident,0,0,,
1344,1344,75243,98451,Ras Al Khaimah,Civil Defense Center - Kadra,Police and traffic,11/26/2015,2015/11/26-20:14,2015/11/26-20:26,2015/11/26-20:32,11/26/2015 20:40,2015/11/26-20:42,2015/11/26-20:59,Transportation accidents,Clash,the person,Other places,Other places,Al -Munaii Road,Transfer,governmental,No Clouds,natural,Important,basic,Traffic accident,0,0,,
1345,1345,75264,98472,Fujairah,Civil Defense Center - against us,Police and traffic,11/27/2015,2015/11/27-18:08,2015/11/27-18:11,2015/11/27-18:14,11/27/2015 18:57,2015/11/27-19:03,2015/11/27-19:07,Transportation accidents,One hundredth,bike,Other places,Streets and squares,An area against us,Inspection,Cars,No Clouds,Crowded,Normal,medium,Traffic accident,1,1,,
1346,1346,75267,98475,Fujairah,Civil Defense Center - Al -Taween,Police and traffic,11/27/2015,2015/11/27-18:38,2015/11/27-18:40,2015/11/27-18:42,11/27/2015 18:47,2015/11/27-18:58,2015/11/27-19:05,Transportation accidents,Deterioration,Cars,Other places,Streets and squares,Wadi Cope area,Separation of a battery,Cars,No Clouds,natural,Normal,basic,it is not determined yet,1,0,,
1347,1347,75275,98483,Ras Al Khaimah,Civil Defense Center - Northern Administration,Police and traffic,11/28/2015,2015/11/28-07:18,2015/11/28-07:23,2015/11/28-07:27,11/28/2015 7:30,2015/11/28-07:31,2015/11/28-07:46,Transportation accidents,Clash,Cars,Other places,Other places,خورخوير,rescue,Specific,No Clouds,natural,very important,basic,Traffic accident,0,0,,
1348,1348,75294,98502,Fujairah,Civil Defense Center - Al -Taween,Police and traffic,11/29/2015,2015/11/29-16:22,2015/11/29-16:29,2015/11/29-16:32,11/29/2015 16:35,2015/11/29-16:38,2015/11/29-16:50,Transportation accidents,Deterioration,Cars,Public facilities and services,Public places and places,"Al -Tuwayen Street, and the defect of Al -Hanna",Separation of a battery,Missing,No Clouds,natural,Normal,basic,Traffic accident,1,0,,
1349,1349,75299,98507,Fujairah,Civil Defense Center - Administration,Police and traffic,11/29/2015,2015/11/29-19:58,2015/11/29-20:05,2015/11/29-20:08,11/29/2015 20:10,2015/11/29-20:13,2015/11/29-20:20,Transportation accidents,Clash,Cars,Public facilities and services,Public places and places,Black District,Separation of a battery,Missing,Clouds,natural,Normal,basic,Traffic accident,0,0,,
1350,1350,75339,98553,Fujairah,Civil Defense Center - Al -Madinah,Police and traffic,12/1/2015,2015/12/01-16:15,2015/12/01-16:18,2015/12/01-16:21,12/1/2015 16:22,2015/12/01-16:24,2015/12/01-16:28,Transportation accidents,Clash,Missing,Public facilities and services,Public places and places,Al -Rugalat area - Fujairah,take actions,Missing,I did not specify,unclassified,Normal,basic,it is not determined yet,0,0,,
1351,1351,75351,98565,Abu Dhabi,Civil Defense Center - Al -Shamkha,he did not specify,12/1/2015,2015/12/01-21:00,2015/12/01-21:14,2015/12/01-21:30,12/1/2015 21:35,2015/12/01-22:01,2015/12/01-22:06,Transportation accidents,A collision resulted in a fire,Cars,Other places,Other places,Missing,Fire combat and rescue,Cars,No Clouds,natural,Important,basic,it is not determined yet,1,0,,
1352,1352,75357,98571,Ras Al Khaimah,Civil Defense Center - Kadra,Police and traffic,12/2/2015,2015/12/02-09:41,2015/12/02-09:44,2015/12/02-09:47,12/2/2015 9:50,2015/12/02-09:52,2015/12/02-10:20,Transportation accidents,Clash,the person,Public facilities and services,Public places and places,Kadra area near the center,Transfer,governmental,No Clouds,natural,Normal,basic,Traffic accident,1,0,,
1353,1353,75358,98572,Ajman,Civil Defense Center - Administration,Police and traffic,12/2/2015,2015/12/02-09:14,2015/12/02-09:23,2015/12/02-09:37,12/2/2015 9:45,2015/12/02-09:50,2015/12/02-09:59,Transportation accidents,Deterioration,Cars,Other places,Other places,Missing,rescue,Cars,No Clouds,natural,unclassified,basic,Traffic accident,2,0,,
1354,1354,75368,98582,Ras Al Khaimah,Civil Defense Center - Northern Administration,Police and traffic,12/2/2015,2015/12/02-17:56,2015/12/02-18:01,2015/12/02-18:05,12/2/2015 18:15,2015/12/02-18:30,2015/12/02-18:51,Transportation accidents,Clash,the person,Other places,Other places,Taklaleh area,Ambulance and rescue,Missing,No Clouds,natural,Important,basic,it is not determined yet,3,0,,
1355,1355,75404,98618,Fujairah,Civil Defense Center - Al -Taween,Police and traffic,12/3/2015,2015/12/03-16:51,2015/12/03-17:00,2015/12/03-17:03,12/3/2015 17:07,2015/12/03-17:10,2015/12/03-17:21,Transportation accidents,Deterioration,Cars,Other places,Other places,Al -Kharous Valley,take actions,Missing,No Clouds,natural,unclassified,basic,it is not determined yet,3,0,,
1356,1356,75473,98687,Eye,Civil Defense Center - Al -Wajan,Police and traffic,12/9/2015,2015/12/09-06:26,2015/12/09-06:32,2015/12/09-06:35,12/9/2015 6:47,2015/12/09-07:02,2015/12/09-07:11,Transportation accidents,Deterioration,Cars,Other places,Other places,The code towards the occurrence,Fire control and cooling,Cars,No Clouds,natural,Normal,basic,it is not determined yet,0,0,,
1357,1357,75488,98703,Ras Al Khaimah,Civil Defense Center - Administration,Police and traffic,12/9/2015,2015/12/09-16:05,2015/12/09-16:10,2015/12/09-16:14,12/9/2015 16:17,2015/12/09-16:29,2015/12/09-16:47,Transportation accidents,Clash,Cars,Public facilities and services,Public places and places,Al -Wakalat Street near Gargash on the public street,Fire fighting,governmental,No Clouds,natural,Important,basic,it is not determined yet,0,0,,
1358,1358,75547,98762,Ras Al Khaimah,Civil Defense Center - Kadra,Police and traffic,12/12/2015,2015/12/12-22:13,2015/12/12-22:30,2015/12/12-22:33,12/12/2015 22:37,2015/12/12-22:44,2015/12/12-23:33,Transportation accidents,Clash,the person,Public facilities and services,Public places and places,Sheikh Khalifa Street in the direction of Fujairah,Transfer,governmental,No Clouds,natural,very important,basic,Traffic accident,1,0,,
1359,1359,75596,98811,Ras Al Khaimah,Civil Defense Center - Kadra,Police and traffic,12/14/2015,2015/12/14-17:23,2015/12/14-17:27,2015/12/14-17:30,12/14/2015 20:20,2015/12/14-20:22,2015/12/14-20:28,Transportation accidents,Clash,the person,Other places,Other places,Wadi describe me next to the Stephen Ruk crusher,Ambulance and transfer of a person,Specific,No Clouds,natural,very important,medium,Traffic accident,31,0,,
1360,1360,75631,98846,Fujairah,Civil Defense Center - Al -Madinah,Police and traffic,12/17/2015,2015/12/17-07:10,2015/12/17-07:30,2015/12/17-07:36,12/17/2015 7:37,2015/12/17-07:40,2015/12/17-08:02,Transportation accidents,Clash,Missing,Other places,Other places,Olla district - Fujairah,He told,Missing,No Clouds,natural,Normal,basic,Traffic accident,0,0,,
1361,1361,75666,98881,Fujairah,Civil Defense Center - Al -Madinah,Police and traffic,12/18/2015,2015/12/18-23:12,2015/12/18-23:21,2015/12/18-23:26,12/18/2015 23:28,2015/12/18-23:30,2015/12/18-23:44,Transportation accidents,Clash,Cars,Public facilities and services,Public places and places,Tricks,Directing confined and transferring injured people,Cars,No Clouds,natural,Normal,basic,Traffic accident,4,0,,
1362,1362,75685,98900,Ras Al Khaimah,Civil Defense Center - Kadra,Police and traffic,12/19/2015,2015/12/19-19:41,2015/12/19-19:42,2015/12/19-19:53,12/19/2015 19:55,2015/12/19-19:58,2015/12/19-20:05,Transportation accidents,Deterioration,the person,Other places,Other places,Al -Munai’i,Transfer,Missing,No Clouds,natural,Normal,basic,it is not determined yet,1,0,,
1363,1363,75707,98922,Fujairah,Civil Defense Center - Al -Taween,Police and traffic,12/21/2015,2015/12/21-14:10,2015/12/21-14:16,2015/12/21-14:18,12/21/2015 14:21,2015/12/21-14:22,2015/12/21-14:27,Transportation accidents,Deterioration,Cars,Public facilities and services,Public places and places,Sarram area,Inspection,Cars,No Clouds,natural,Normal,basic,Traffic accident,1,0,,
1364,1364,75743,98958,Sharjah,Civil Defense Center - Administration,Civil defense departments and centers,12/23/2015,2015/12/23-22:09,2015/12/23-22:14,2015/12/23-22:23,12/23/2015 22:40,2015/12/23-22:46,2015/12/23-22:51,Transportation accidents,Clash,Cars,governmental,governmental,Mohammed bin Zayed Street opposite the village of registration,Fire fighting,Missing,I did not specify,unclassified,unclassified,basic,it is not determined yet,0,0,,
1365,1365,75753,98968,Ras Al Khaimah,Civil Defense Center - Administration,Police and traffic,12/24/2015,2015/12/24-08:59,2015/12/24-09:11,2015/12/24-09:23,12/24/2015 9:32,2015/12/24-09:40,2015/12/24-10:06,Transportation accidents,Clash,Cars,Public facilities and services,Public places and places,Al -Munai’i area,Fire fighting,governmental,No Clouds,natural,Important,basic,Traffic accident,0,0,,
1366,1366,75807,99022,Fujairah,Civil Defense Center - Al -Taween,Police and traffic,12/27/2015,2015/12/27-18:43,2015/12/27-18:45,2015/12/27-18:47,12/27/2015 18:48,2015/12/27-19:13,2015/12/27-19:15,Transportation accidents,Clash,Cars,Public facilities and services,Public places and places,Al -Tuwayen area,Transfer,Cars,No Clouds,natural,Normal,basic,Traffic accident,2,0,,
1367,1367,75856,99071,Ajman,Civil Defense Center - Administration,The audience,12/29/2015,2015/12/29-21:32,2015/12/29-21:33,2015/12/29-21:35,12/29/2015 21:40,2015/12/29-21:42,2015/12/29-21:47,Transportation accidents,Shocked,Cars,governmental,governmental,Mashirf Commercial,Fire inspection and cooling,Cars,No Clouds,natural,Normal,basic,it is not determined yet,0,0,,
1368,1368,75881,99096,Fujairah,Civil Defense Center - Al -Madinah,Police and traffic,12/31/2015,2015/12/31-05:49,2015/12/31-05:58,2015/12/31-06:03,12/31/2015 6:09,2015/12/31-07:17,2015/12/31-07:25,Transportation accidents,Deterioration,Trucks,Public facilities and services,Public places and places,Alfrafar area,Street cleaning from oils,Missing,No Clouds,natural,Normal,basic,Traffic accident,0,0,,
1369,1369,75904,99119,Fujairah,Civil Defense Center - Masafi,Police and traffic,1/1/2016,2016/01/01-02:24,2016/01/01-02:30,2016/01/01-02:31,1/1/2016 2:33,2016/01/01-03:00,2016/01/01-03:15,Transportation accidents,Clash,Cars,Other places,Other places,Dafta - Ras Al Khaimah,Directing injured and deceased,Missing,No Clouds,natural,unclassified,basic,it is not determined yet,0,0,,
1370,1370,75905,99120,Sharjah,Civil Defense Center - Al -Sajaa,Police and traffic,1/1/2016,2016/01/01-02:31,2016/01/01-02:40,2016/01/01-02:42,1/1/2016 3:27,2016/01/01-03:35,2016/01/01-03:47,Transportation accidents,Shocked,Cars,Means of transport,Methods and transport facilities,Maliha Street Bridge Al -Wahsh,Fire control and cooling,Missing,No Clouds,natural,Normal,basic,it is not determined yet,2,0,,
1371,1371,75907,99122,Sharjah,Civil Defense Center - Mawlh,Police and traffic,1/1/2016,2016/01/01-04:12,2016/01/01-04:17,2016/01/01-04:18,1/1/2016 4:20,2016/01/01-04:22,2016/01/01-04:30,Transportation accidents,Clash,Cars,Means of transport,Methods and transport facilities,National Bridge towards Sharjah,existence,Missing,No Clouds,natural,Normal,Limited,it is not determined yet,0,0,,
1372,1372,75934,99149,Abu Dhabi,Civil Defense Center - Mossafah M14,Civil defense departments and centers,1/3/2016,2016/01/03-10:30,2016/01/03-10:36,2016/01/03-10:40,1/3/2016 11:45,2016/01/03-11:59,2016/01/03-12:00,Transportation accidents,Clash,Trucks,Means of transport,Methods and transport facilities,Exhausted,Fire inspection,Transmission,Clouds,natural,Normal,Limited,Traffic accident,0,0,,
1373,1373,75938,99153,Ras Al Khaimah,Civil Defense Center - Administration,Police and traffic,1/3/2016,2016/01/03-13:55,2016/01/03-14:05,2016/01/03-14:10,1/3/2016 14:13,2016/01/03-14:17,2016/01/03-14:25,Transportation accidents,Clash,the person,Other places,Other places,Sheikh Khalifa Street towards Fujairah,Rescue and transfer injured people,Missing,Rains,unclassified,very important,medium,Traffic accident,0,1,,
1374,1374,75961,99176,Fujairah,Civil Defense Center - Masafi,The audience,1/4/2016,2016/01/04-17:48,2016/01/04-18:02,2016/01/04-18:09,1/4/2016 18:30,2016/01/04-18:34,2016/01/04-18:40,Transportation accidents,One hundredth,Cars,Other places,Streets and squares,Thoban area,Disturbing injured,Missing,No Clouds,Crowded,Normal,basic,Traffic accident,1,0,,
1375,1375,75963,99178,Fujairah,Civil Defense Center - Administration,Police and traffic,1/4/2016,2016/01/04-19:27,2016/01/04-19:35,2016/01/04-19:38,1/4/2016 19:39,2016/01/04-19:40,2016/01/04-19:45,Transportation accidents,Clash,Cars,Other places,Streets and squares,The faction area,Separation of a battery,Missing,No Clouds,natural,Normal,basic,Traffic accident,0,0,,
1376,1376,75973,99188,Dubai,Emirates Martyrs Center,The audience,1/5/2016,2016/01/05-12:06,2016/01/05-12:10,2016/01/05-12:17,1/5/2016 12:40,2016/01/05-12:56,2016/01/05-13:05,Transportation accidents,A deterioration resulted in a fire,Buses,Means of transport,Methods and transport facilities,Bar Dubai - Jumeirah Street - Umm Suqeim/3,Fire control and cooling,Missing,No Clouds,natural,Normal,basic,it is not determined yet,0,0,,
1377,1377,75976,99191,Abu Dhabi,Civil Defense Center - Al -Bateen,Police and traffic,1/5/2016,2016/01/05-09:23,2016/01/05-09:27,2016/01/05-10:10,1/5/2016 10:25,2016/01/05-10:40,2016/01/05-10:50,Transportation accidents,A deterioration resulted in a fire,Missing,Means of transport,Methods and transport facilities,Missing,Pulling,Missing,No Clouds,natural,Important,basic,it is not determined yet,0,0,,
1378,1378,75993,99208,Abu Dhabi,Civil Defense Center - Al -Mina Street,Police and traffic,1/6/2016,2016/01/06-10:05,2016/01/06-10:11,2016/01/06-10:50,1/6/2016 11:00,2016/01/06-11:18,2016/01/06-11:27,Transportation accidents,Clash,Cars,Means of transport,Methods and transport facilities,Behind the port association,Recovery and raise a car,Missing,No Clouds,natural,Normal,basic,it is not determined yet,0,0,,
1379,1379,76002,99217,Dubai,Al Quoz Center,Police and traffic,1/6/2016,2016/01/06-14:51,2016/01/06-15:06,2016/01/06-15:11,1/6/2016 15:15,2016/01/06-15:17,2016/01/06-15:27,Transportation accidents,A collision resulted in a fire,Cars,Means of transport,Methods and transport facilities,Bar Dubai - Nad Al -Sheba District - Al Khail Street,Fire inspection and cooling,Missing,No Clouds,natural,Normal,basic,it is not determined yet,0,0,,
1380,1380,76005,99220,Dubai,Federation Center,Police and traffic,1/6/2016,2016/01/06-23:17,2016/01/06-23:22,2016/01/06-23:42,1/7/2016 0:08,2016/01/07-00:48,2016/01/07-01:16,Transportation accidents,Shocked,Missing,Means of transport,Methods and transport facilities,Bur Dubai - Al Jadaf District - Police Officers Club,Fire inspection and cooling,Missing,No Clouds,natural,Normal,basic,it is not determined yet,0,0,,
1381,1381,76008,99223,Ras Al Khaimah,Civil Defense Center - Kadra,Police and traffic,1/7/2016,2016/01/07-10:51,2016/01/07-10:55,2016/01/07-11:08,1/7/2016 11:15,2016/01/07-11:21,2016/01/07-11:30,Transportation accidents,Deterioration,the person,Means of transport,Methods and transport facilities,Shoka area,Ambulance and rescue,Missing,No Clouds,natural,Normal,basic,it is not determined yet,1,0,,
1382,1382,76026,99241,Ras Al Khaimah,Civil Defense Center - Administration,The audience,1/8/2016,2016/01/08-14:56,2016/01/08-15:01,2016/01/08-15:05,1/8/2016 15:06,2016/01/08-15:07,2016/01/08-15:13,Transportation accidents,Shocked,Trucks,commercial,commercial,The palm area next to Al -Zahrawi Hospital,Fire fighting,Missing,No Clouds,natural,Important,basic,it is not determined yet,0,0,,
1383,1383,76033,99248,Al Dhafra,Civil Defense Center - Port,Police and traffic,1/8/2016,2016/01/08-16:23,2016/01/08-17:50,2016/01/08-18:05,1/8/2016 18:15,2016/01/08-18:16,2016/01/08-19:10,Transportation accidents,A deterioration resulted in a fire,Missing,Means of transport,car,In exchange for satellites towards commodities,Fire control and cooling,Cars,I did not specify,unclassified,unclassified,basic,it is not determined yet,0,0,,
1384,1384,76049,99264,Ras Al Khaimah,Civil Defense Center - Administration,Police and traffic,1/9/2016,2016/01/09-14:09,2016/01/09-14:21,2016/01/09-14:26,1/9/2016 14:27,2016/01/09-14:28,2016/01/09-15:29,Transportation accidents,Deterioration,the person,Other places,Other places,fork,Transfer,Missing,I did not specify,unclassified,unclassified,basic,Traffic accident,1,0,,
1385,1385,76087,99302,Abu Dhabi,Civil Defense Center - Al -Qubaisat,Civil defense departments and centers,1/12/2016,2016/01/12-17:00,2016/01/12-17:04,2016/01/12-17:10,1/12/2016 17:20,2016/01/12-17:21,2016/01/12-17:25,Transportation accidents,A collision resulted in a fire,bike,Public facilities and services,Public places and places,In exchange for the Police College,Fire fighting,Missing,No Clouds,natural,Important,basic,Traffic accident,2,0,,
1386,1386,76090,99305,Fujairah,Civil Defense Center - Al -Madinah,The audience,1/13/2016,2016/01/13-00:10,2016/01/13-00:25,2016/01/13-00:28,1/13/2016 0:30,2016/01/13-00:34,2016/01/13-00:50,Transportation accidents,Shocked,Cars,Means of transport,Methods and transport facilities,Wadi Mai area,Fire fighting,Cars,No Clouds,natural,Normal,medium,Traffic accident,0,0,,
1387,1387,76097,99312,Ras Al Khaimah,Civil Defense Center - Kadra,Police and traffic,1/13/2016,2016/01/13-06:29,2016/01/13-06:35,2016/01/13-06:38,1/13/2016 6:40,2016/01/13-06:41,2016/01/13-07:46,Transportation accidents,Deterioration,the person,Other places,Other places,Al -Munai’i Street fork,Ambulance and rescue,Missing,I did not specify,natural,Normal,basic,it is not determined yet,3,0,,
1388,1388,76103,99318,Dubai,Al -Rashidiya Center,Police and traffic,1/13/2016,2016/01/13-11:37,2016/01/13-11:55,2016/01/13-11:58,1/13/2016 12:05,2016/01/13-12:12,2016/01/13-12:18,Transportation accidents,A deterioration resulted in a fire,Cars,Means of transport,Methods and transport facilities,Bar Dubai - Sheikh Mohammed Street - Director of Dubai Al Ain Street,Fire inspection and cooling,Missing,I did not specify,unclassified,unclassified,basic,it is not determined yet,0,0,,
1389,1389,76104,99319,Abu Dhabi,Civil Defense Center - Al -Shahama,he did not specify,1/13/2016,2016/01/13-15:36,2016/01/13-15:41,2016/01/13-15:49,1/13/2016 16:08,2016/01/13-16:23,2016/01/13-16:30,Transportation accidents,Deterioration,Missing,Public facilities and services,Public places and places,After the magnanimity bridge towards Dubai,take actions,Missing,I did not specify,unclassified,unclassified,basic,it is not determined yet,3,0,,
1390,1390,76137,99352,Abu Dhabi,Civil Defense Center - Al -Bateen,he did not specify,1/14/2016,2016/01/14-23:19,2016/01/14-23:23,2016/01/14-23:26,1/14/2016 23:32,2016/01/14-23:47,2016/01/14-23:56,Transportation accidents,Clash,Missing,Public facilities and services,Public places and places,Khalaf Al -Halton area of Khalidiya,take actions,Missing,I did not specify,unclassified,unclassified,Limited,it is not determined yet,0,0,,
1391,1391,76150,99365,Sharjah,Civil Defense Center - Administration,The audience,1/15/2016,2016/01/15-21:13,2016/01/15-21:17,2016/01/15-21:18,1/15/2016 21:23,2016/01/15-21:30,2016/01/15-21:36,Transportation accidents,A collision resulted in a fire,bike,Means of transport,Methods and transport facilities,Maysalon after ADNOC Station,Fire control and cooling,Missing,No Clouds,natural,Normal,basic,it is not determined yet,0,0,,
1392,1392,76161,99376,Abu Dhabi,Civil Defense Center - Gentot,Police and traffic,1/15/2016,2016/01/15-22:21,2016/01/15-22:30,2016/01/15-22:41,1/16/2016 0:10,2016/01/16-00:28,2016/01/16-00:45,Transportation accidents,Clash,Missing,Means of transport,Methods and transport facilities,Missing,Cooling and transporting a corpse,Missing,No Clouds,natural,Important,medium,it is not determined yet,0,2,,
1393,1393,76171,99386,Abu Dhabi,Civil Defense Center - Al Wathba,Police and traffic,1/16/2016,2016/01/16-19:33,2016/01/16-19:41,2016/01/16-19:50,1/16/2016 19:55,2016/01/16-20:00,2016/01/16-20:12,Transportation accidents,Clash,Missing,Public facilities and services,Mosque,Near the Al Wathba Mosque,cooling,Missing,No Clouds,natural,Normal,basic,it is not determined yet,0,0,,
1394,1394,76174,99389,Al Dhafra,Civil Defense Center - Zayed City,Police and traffic,1/16/2016,2016/01/16-21:44,2016/01/16-21:46,2016/01/16-21:55,1/16/2016 22:00,2016/01/16-22:07,2016/01/16-22:15,Transportation accidents,A collision resulted in a fire,Cars,Means of transport,Various transportation,Zayed City,Fire control and cooling,Ceramic,No Clouds,natural,Important,basic,it is not determined yet,0,0,,