,Unnamed: 0,rec_id,Accident number,Competent Department,Competent Center,Amount rating,Date of the accident,The date and time of the notification,Date and time of first arrival,Date and time of completion of control,End date and time of the operation,Departure date and time,Date and time of return to the center,Accident Group,Type of accident,Direct damage,Acccident scene category,Accident scene,Accident title,The band's work summary,Activity,Weather condition,Road condition,Priority level,Accident size,The cause of the accident,The number of injured people,The number of deaths in the public,The number of injured members of the force,The number of deaths of members of the force
1395,1395,76175,99390,Sharjah,Civil Defense Center - Administration,Civil defense departments and centers,1/17/2016,2016/01/17-03:40,2016/01/17-03:50,2016/01/17-04:00,1/17/2016 4:20,2016/01/17-04:30,2016/01/17-04:40,Transportation accidents,A collision resulted in a fire,Cars,governmental,governmental,University city,Fire fighting,Missing,I did not specify,unclassified,unclassified,basic,it is not determined yet,0,0,,
1396,1396,76184,99399,Ras Al Khaimah,Civil Defense Center - Administration,Police and traffic,1/18/2016,2016/01/18-04:16,2016/01/18-04:22,2016/01/18-04:25,1/18/2016 4:30,2016/01/18-04:33,2016/01/18-04:45,Transportation accidents,A collision resulted in a fire,Cars,Public facilities and services,Public places and places,Al -Montaser Street at the target roundabout,cooling,Missing,No Clouds,natural,Normal,basic,Traffic accident,0,0,,
1397,1397,76208,99423,Dubai,Al Barsha Center,Police and traffic,1/19/2016,2016/01/19-11:16,2016/01/19-11:31,2016/01/19-13:30,1/19/2016 15:00,2016/01/19-15:20,2016/01/19-15:23,Transportation accidents,Deterioration,Trucks,Means of transport,Truck,Bur Dubai - Albarqa Bridge leading to Hessa Street,Being and preparing,Missing,I did not specify,unclassified,unclassified,basic,it is not determined yet,1,0,,
1398,1398,76210,99425,Sharjah / Eastern Region,Civil Defense Center - Khor Fakkan,Police and traffic,1/19/2016,2016/01/19-15:15,2016/01/19-15:22,2016/01/19-15:26,1/19/2016 15:28,2016/01/19-15:30,2016/01/19-15:38,Transportation accidents,Clash,Cars,Means of transport,Methods and transport facilities,Pearl Street near the Tasheel Office,Directing confined and transferring injured people,Missing,No Clouds,natural,Normal,basic,Traffic accident,1,0,,
1399,1399,76217,99432,Sharjah,Civil Defense Center - Al -Sajaa,Civil defense departments and centers,1/19/2016,2016/01/19-21:51,2016/01/19-22:01,2016/01/19-22:10,1/19/2016 22:30,2016/01/19-22:37,2016/01/19-22:50,Transportation accidents,Clash,Missing,governmental,governmental,Breaking after the intersection of 8,Fire fighting,Missing,I did not specify,unclassified,unclassified,basic,it is not determined yet,0,0,,
1400,1400,76231,99446,Fujairah,Civil Defense Center - Administration,Police and traffic,1/20/2016,2016/01/20-23:05,2016/01/20-23:07,2016/01/20-23:10,1/20/2016 23:11,2016/01/20-23:12,2016/01/20-23:17,Transportation accidents,Clash,Trucks,Other places,Other places,You will be,Inspection,Cars,No Clouds,natural,unclassified,basic,Traffic accident,1,0,,
1401,1401,76235,99450,Abu Dhabi,Civil Defense Center - Al -Shahama,Police and traffic,1/21/2016,2016/01/21-06:19,2016/01/21-06:23,2016/01/21-06:35,1/21/2016 6:45,2016/01/21-06:54,2016/01/21-07:00,Transportation accidents,Deterioration,Cars,Means of transport,Methods and transport facilities,Missing,Lowering,Missing,fog,Crowded,Important,medium,it is not determined yet,0,1,,
1402,1402,76238,99453,Dubai,Al -Rashidiya Center,Police and traffic,1/21/2016,2016/01/21-11:11,2016/01/21-11:14,2016/01/21-11:15,1/21/2016 11:16,2016/01/21-11:17,2016/01/21-11:19,Transportation accidents,A collision resulted in a fire,Cars,Means of transport,Methods and transport facilities,Deira - Nad Al -Hamr region - opposite the Romaha Club,Fire inspection and cooling,Missing,No Clouds,natural,Normal,basic,it is not determined yet,0,0,,
1403,1403,76248,99463,Ras Al Khaimah,Civil Defense Center - Kadra,Police and traffic,1/21/2016,2016/01/21-22:15,2016/01/21-22:28,2016/01/21-22:30,1/21/2016 22:31,2016/01/21-22:32,2016/01/22-00:06,Transportation accidents,Clash,Cars,Other places,Other places,Sheikh Khalifa Street towards Fujairah,Transfer,Missing,No Clouds,natural,Important,medium,it is not determined yet,3,1,,
1404,1404,76256,99471,Fujairah,Civil Defense Center - Masafi,Police and traffic,1/22/2016,2016/01/22-08:26,2016/01/22-08:33,2016/01/22-08:38,1/22/2016 8:53,2016/01/22-09:00,2016/01/22-09:25,Transportation accidents,Deterioration,Cars,Means of transport,Light,Inconsistent,Remove petroleum materials from the street,Cars,No Clouds,natural,Normal,basic,Traffic accident,0,0,,
1405,1405,76264,99479,Ras Al Khaimah,Civil Defense Center - Kadra,The audience,1/22/2016,2016/01/22-20:25,2016/01/22-20:29,2016/01/22-20:35,1/22/2016 20:36,2016/01/22-20:37,2016/01/22-22:10,Transportation accidents,Clash,the person,Public facilities and services,Public places and places,Thorn,Transfer,governmental,No Clouds,natural,very important,basic,Traffic accident,1,0,,
1406,1406,76270,99485,Ras Al Khaimah,Civil Defense Center - Northern Administration,Police and traffic,1/22/2016,2016/01/22-23:49,2016/01/22-23:53,2016/01/23-00:02,1/23/2016 0:20,2016/01/23-00:22,2016/01/23-00:29,Transportation accidents,One hundredth,the person,governmental,governmental,"On the public street, Khor Khuwair area",Disturbing injured,governmental,No Clouds,natural,Normal,basic,Traffic accident,1,0,,
1407,1407,76302,99517,Dubai,Al -Rashidiya Center,Police and traffic,1/25/2016,2016/01/25-09:53,2016/01/25-10:01,2016/01/25-10:09,1/25/2016 10:24,2016/01/25-10:26,2016/01/25-10:55,Transportation accidents,Clash,Cars,Means of transport,Methods and transport facilities,Emirates Street - Sharjah direction - Dubai Club district,Control and rescue,Missing,No Clouds,unclassified,unclassified,medium,it is not determined yet,0,1,,
1408,1408,76303,99518,Fujairah,Civil Defense Center - Al -Taween,Police and traffic,1/25/2016,2016/01/25-12:30,2016/01/25-12:33,2016/01/25-12:34,1/25/2016 12:35,2016/01/25-12:36,2016/01/25-12:38,Transportation accidents,Clash,Cars,Other places,Streets and squares,Al -Shuhada Street -Al -Tawaiyyin,Inspection,Missing,No Clouds,natural,Normal,Limited,it is not determined yet,0,0,,
1409,1409,76306,99521,Fujairah,Civil Defense Center - Al -Taween,Police and traffic,1/25/2016,2016/01/25-17:04,2016/01/25-17:07,2016/01/25-17:09,1/25/2016 17:15,2016/01/25-17:17,2016/01/25-17:22,Transportation accidents,Shocked,Cars,Means of transport,Light,Raya area,Fire fighting,Missing,No Clouds,natural,Normal,basic,it is not determined yet,1,0,,
1410,1410,76311,99526,Abu Dhabi,Civil Defense Center - Al Wathba,The audience,1/26/2016,2016/01/26-01:54,2016/01/26-01:56,2016/01/26-02:10,1/26/2016 2:25,2016/01/26-02:41,2016/01/26-02:52,Transportation accidents,Clash,Cars,Means of transport,Methods and transport facilities,Missing,Separate two cars,Missing,No Clouds,natural,very important,medium,it is not determined yet,1,1,,
1411,1411,76320,99535,Fujairah,Civil Defense Center - Al -Madinah,Police and traffic,1/26/2016,2016/01/26-17:23,2016/01/26-17:38,2016/01/26-17:40,1/26/2016 17:41,2016/01/26-17:50,2016/01/26-18:10,Transportation accidents,Deterioration,Cars,Public facilities and services,Public places and places,The Binga area,Inspection,Cars,No Clouds,natural,Normal,medium,Traffic accident,0,1,,
1412,1412,76325,99540,Abu Dhabi,Civil Defense Center - Al -Qubaisat,Police and traffic,1/27/2016,2016/01/27-00:35,2016/01/27-00:40,2016/01/27-01:00,1/27/2016 1:05,2016/01/27-01:10,2016/01/27-01:15,Transportation accidents,Shocked,Cars,Means of transport,Methods and transport facilities,Traffic Street versus a world supermarket,Fire control and cooling,Cars,No Clouds,natural,Important,basic,it is not determined yet,0,0,,
1413,1413,76326,99541,Abu Dhabi,Rapid Intervention Center - Mohammed bin Zayed,Police and traffic,1/26/2016,2016/01/26-21:48,2016/01/26-21:54,2016/01/26-22:15,1/26/2016 22:20,2016/01/26-22:26,2016/01/26-22:32,Transportation accidents,Shocked,Buses,Means of transport,Methods and transport facilities,Mohammed bin Zayed City,Fire control and cooling,Cars,No Clouds,Crowded,Important,basic,it is not determined yet,0,0,,
1414,1414,76329,99544,Fujairah,Civil Defense Center - against us,The audience,1/27/2016,2016/01/27-10:31,2016/01/27-10:34,2016/01/27-10:37,1/27/2016 10:38,2016/01/27-10:39,2016/01/27-10:40,Transportation accidents,Clash,Cars,Other places,Dug,Against us,Inspection,Missing,No Clouds,natural,Normal,basic,Traffic accident,1,0,,
1415,1415,76364,99579,Umm Al Quwain,Patch Center,Police and traffic,1/29/2016,2016/01/29-03:58,2016/01/29-04:02,2016/01/29-04:14,1/29/2016 4:21,2016/01/29-04:37,2016/01/29-04:50,Transportation accidents,Deterioration,the person,Other places,Other places,Mohammed bin Zayed Street near the exit 103,Directing confined and transferring injured people,Missing,No Clouds,natural,Normal,medium,Traffic accident,7,2,,
1416,1416,76382,99597,Ras Al Khaimah,Civil Defense Center - Kadra,Police and traffic,1/29/2016,2016/01/29-19:53,2016/01/29-19:55,2016/01/29-19:59,1/29/2016 20:10,2016/01/29-20:11,2016/01/29-20:19,Transportation accidents,Clash,Cars,Other places,Streets and squares,Sheikh Khalifa Street towards the bodies,rescue,governmental,I did not specify,unclassified,very important,medium,Traffic accident,1,1,,
1417,1417,76396,99611,Ajman,Civil Defense Center - Rumaila,The audience,1/30/2016,2016/01/30-15:21,2016/01/30-15:26,2016/01/30-15:35,1/30/2016 15:49,2016/01/30-15:53,2016/01/30-16:28,Transportation accidents,Clash,Cars,Other places,Other places,Swan area,Transfer,Missing,No Clouds,natural,Normal,basic,Traffic accident,1,0,,
1418,1418,76399,99614,Ras Al Khaimah,Civil Defense Center - Kadra,The audience,1/30/2016,2016/01/30-18:37,2016/01/30-18:41,2016/01/30-18:45,1/30/2016 18:49,2016/01/30-18:53,2016/01/30-19:28,Transportation accidents,One hundredth,Cars,Other places,Other places,Ceiji area,Ambulance and rescue,Missing,No Clouds,natural,Normal,basic,Traffic accident,1,0,,
1419,1419,76400,99615,Fujairah,Civil Defense Center - Masafi,Police and traffic,1/30/2016,2016/01/30-19:00,2016/01/30-19:06,2016/01/30-19:08,1/30/2016 19:28,2016/01/30-19:30,2016/01/30-19:38,Transportation accidents,One hundredth,Cars,Other places,Streets and squares,Massafi Fujairah,Separation of a battery,Missing,Dust and wind,natural,Normal,basic,Traffic accident,1,0,,
1420,1420,76417,99632,Fujairah,Civil Defense Center - Al -Madinah,Police and traffic,1/31/2016,2016/01/31-17:47,2016/01/31-18:01,2016/01/31-18:03,1/31/2016 18:04,2016/01/31-18:18,2016/01/31-18:27,Transportation accidents,Deterioration,Cars,Other places,Streets and squares,Sheikh Khalifa Street,Inspection,Cars,No Clouds,natural,Normal,Limited,Traffic accident,0,0,,
1421,1421,76419,99634,Sharjah,Civil Defense Center - Administration,Civil defense departments and centers,1/31/2016,2016/01/31-15:26,2016/01/31-15:32,2016/01/31-15:40,1/31/2016 15:50,2016/01/31-15:53,2016/01/31-15:59,Transportation accidents,Clash,Baby,residential,residential,Drama,take actions,Missing,I did not specify,unclassified,unclassified,Limited,it is not determined yet,0,0,,
1422,1422,76423,99638,Al Dhafra,Civil Defense Center - Ghayathi,The audience,1/31/2016,2016/01/31-19:26,2016/01/31-19:46,2016/01/31-19:48,1/31/2016 19:58,2016/01/31-20:00,2016/01/31-20:10,Transportation accidents,A collision resulted in a fire,Cars,Other places,Other places,Ghayathi is behind the popularity of Mubarak's old Mubarak line,Fire control and cooling,Cars,No Clouds,natural,Important,basic,Traffic accident,2,0,,
1423,1423,76427,99642,Abu Dhabi,Civil Defense Center - Al -Bateen,Police and traffic,2/1/2016,2016/02/01-09:32,2016/02/01-09:36,2016/02/01-09:50,2/1/2016 10:00,2016/02/01-10:01,2016/02/01-10:05,Transportation accidents,Deterioration,Cars,governmental,governmental,Prestige car intersection,take actions,Missing,No Clouds,natural,Normal,basic,it is not determined yet,1,0,,
1424,1424,76431,99646,Fujairah,Civil Defense Center - Al -Taween,Police and traffic,2/1/2016,2016/02/01-12:40,2016/02/01-12:42,2016/02/01-12:44,2/1/2016 12:45,2016/02/01-12:50,2016/02/01-12:55,Transportation accidents,Clash,Cars,Other places,Streets and squares,Al -Tuwain Road/ Dibba,Inspection,Cars,No Clouds,natural,unclassified,basic,Traffic accident,1,0,,
1425,1425,76432,99647,Sharjah,Civil Defense Center - Al -Mina,Police and traffic,2/1/2016,2016/02/01-13:20,2016/02/01-13:23,2016/02/01-13:30,2/1/2016 14:32,2016/02/01-14:44,2016/02/01-14:47,Transportation accidents,Deterioration,Trucks,Means of transport,Methods and transport facilities,The area of Al -Wila Al -Harwar Al -Hadam,Being and preparing,Transfer and contracting,No Clouds,natural,Normal,Limited,Delight,0,0,,
1426,1426,76477,99692,Dubai,Al -Rashidiya Center,Police and traffic,2/4/2016,2016/02/04-16:40,2016/02/04-16:48,2016/02/04-16:50,2/4/2016 16:51,2016/02/04-16:52,2016/02/04-16:53,Transportation accidents,Clash,Cars,Means of transport,Methods and transport facilities,Deira - Al -Khawaneej Street opposite Musharraf Park,Inspection,Missing,No Clouds,natural,Normal,Limited,it is not determined yet,0,0,,
1427,1427,76488,99703,Ajman,Civil Defense Center - Administration,Other parties,2/4/2016,2016/02/04-22:53,2016/02/04-22:58,2016/02/04-23:04,2/4/2016 23:11,2016/02/04-23:13,2016/02/04-23:37,Transportation accidents,One hundredth,Cars,Other places,Other places,Misheerf area near the Sheikh Zayed Mosque,Disturbing injured,Missing,No Clouds,natural,Normal,basic,it is not determined yet,2,0,,
1428,1428,76531,99746,Abu Dhabi,Civil Defense Center - Bani Yas East,Civil defense departments and centers,2/7/2016,2016/02/07-08:22,2016/02/07-08:26,2016/02/07-08:27,2/7/2016 8:59,2016/02/07-09:07,2016/02/07-09:20,Transportation accidents,Clash,Cars,Means of transport,Methods and transport facilities,Bani Yas,Conquest,Cars,No Clouds,natural,Normal,basic,Traffic accident,2,0,,
1429,1429,76543,99758,Sharjah,Civil Defense Center - Al Dhaid,Police and traffic,2/7/2016,2016/02/07-16:44,2016/02/07-17:10,2016/02/07-17:12,2/7/2016 17:13,2016/02/07-17:14,2016/02/07-17:45,Transportation accidents,Deterioration,Cars,Means of transport,Methods and transport facilities,Shed,Fire fighting,Cars,No Clouds,natural,Normal,basic,it is not determined yet,3,0,,
1430,1430,76546,99761,Ajman,Civil Defense Center - Al -Jarf,The audience,2/7/2016,2016/02/07-21:15,2016/02/07-21:18,2016/02/07-21:22,2/7/2016 21:26,2016/02/07-21:30,2016/02/07-21:45,Transportation accidents,Clash,Cars,Other places,Other places,Al -Jarf Industrial Zone near the Chinese market,Directing confined and transferring injured people,Missing,No Clouds,natural,Normal,medium,it is not determined yet,10,0,,
1431,1431,76547,99762,Sharjah,Civil Defense Center - Mawlh,Civil defense departments and centers,2/8/2016,2016/02/08-00:04,2016/02/08-00:13,2016/02/08-00:15,2/8/2016 0:25,2016/02/08-00:30,2016/02/08-00:40,Transportation accidents,Deterioration,Trucks,Means of transport,Methods and transport facilities,Mohammed bin Zayed Street,take actions,Cars,No Clouds,natural,Normal,Limited,it is not determined yet,0,0,,
1432,1432,76548,99763,Fujairah,Civil Defense Center - Al -Madinah,Police and traffic,2/8/2016,2016/02/08-01:30,2016/02/08-01:34,2016/02/08-01:37,2/8/2016 1:45,2016/02/08-01:50,2016/02/08-02:00,Transportation accidents,Deterioration,Cars,Public facilities and services,Public places and places,Najimat area,He told,Cars,No Clouds,natural,Normal,basic,it is not determined yet,1,0,,
1433,1433,76552,99767,Ajman,Civil Defense Center - Al -Jarf,Civil defense departments and centers,2/8/2016,2016/02/08-10:31,2016/02/08-10:33,2016/02/08-10:36,2/8/2016 10:42,2016/02/08-10:54,2016/02/08-10:59,Transportation accidents,Clash,Cars,governmental,governmental,Al -Jarf near the center of the cliff,take actions,Missing,I did not specify,unclassified,unclassified,basic,it is not determined yet,1,0,,
1434,1434,76555,99770,Sharjah / Eastern Region,Civil Defense Center - Kalba,Police and traffic,2/8/2016,2016/02/08-12:57,2016/02/08-12:59,2016/02/08-13:01,2/8/2016 13:10,2016/02/08-13:25,2016/02/08-13:30,Transportation accidents,Clash,Cars,Means of transport,Methods and transport facilities,Kalba - opposite the Union Club Kalba,Ambulance and rescue,Missing,No Clouds,natural,Normal,basic,it is not determined yet,1,0,,
1435,1435,76564,99779,Abu Dhabi,Yas Island Center,The audience,2/8/2016,2016/02/08-19:58,2016/02/08-19:59,2016/02/08-20:28,2/8/2016 20:32,2016/02/08-20:39,2016/02/08-20:48,Transportation accidents,Run over,Cars,Means of transport,Methods and transport facilities,The trend of the Rifa Kindergarten Roundabout before the farmer,rescue,Missing,No Clouds,natural,unclassified,basic,Traffic accident,1,0,,
1436,1436,76591,99806,Fujairah,Civil Defense Center - Masafi,Police and traffic,2/11/2016,2016/02/11-03:12,2016/02/11-03:15,2016/02/11-03:17,2/11/2016 3:18,2016/02/11-05:10,2016/02/11-05:25,Transportation accidents,Clash,Trucks,Public facilities and services,Public places and places,Thoban area,existence,Missing,No Clouds,natural,unclassified,basic,Traffic accident,1,0,,
1437,1437,76603,99818,Fujairah,Civil Defense Center - against us,Police and traffic,2/12/2016,2016/02/12-05:33,2016/02/12-05:35,2016/02/12-05:38,2/12/2016 5:45,2016/02/12-05:50,2016/02/12-05:55,Transportation accidents,Deterioration,Cars,Other places,Streets and squares,Al-Rahib Street- against us,Disturbing injured,Missing,No Clouds,natural,Normal,basic,Traffic accident,1,0,,
1438,1438,76608,99823,Sharjah,Civil Defense Center - Al -Sajaa,The audience,2/12/2016,2016/02/12-06:35,2016/02/12-06:37,2016/02/12-08:30,2/12/2016 8:50,2016/02/12-08:57,2016/02/12-09:00,Transportation accidents,One hundredth,Trucks,Means of transport,Truck,Shroud,Disturbing injured,Cars,No Clouds,natural,Normal,basic,Traffic accident,3,0,,
1439,1439,76619,99834,Abu Dhabi,Civil Defense Center - Al -Qubaisat,he did not specify,2/12/2016,2016/02/12-20:11,2016/02/12-20:13,2016/02/12-20:16,2/12/2016 20:21,2016/02/12-20:22,2016/02/12-20:29,Transportation accidents,Shocked,Cars,Means of transport,Methods and transport facilities,After the supervisor’s signal is Mall,Fire cooling,Missing,No Clouds,natural,Normal,basic,Diamond,0,0,,
1440,1440,76623,99838,Sharjah,Civil Defense Center - Mawlh,The audience,2/13/2016,2016/02/13-10:40,2016/02/13-10:51,2016/02/13-10:53,2/13/2016 10:54,2016/02/13-11:05,2016/02/13-11:17,Transportation accidents,One hundredth,Cars,Means of transport,Methods and transport facilities,Mohammed bin Zayed Street,take actions,Missing,No Clouds,natural,Normal,Limited,it is not determined yet,0,0,,
1441,1441,76644,99859,Fujairah,Civil Defense Center - Administration,Police and traffic,2/14/2016,2016/02/14-13:16,2016/02/14-13:25,2016/02/14-13:27,2/14/2016 13:29,2016/02/14-13:30,2016/02/14-13:45,Transportation accidents,Clash,Cars,Other places,Streets and squares,Al -Souda District - Fujairah,Inspection,Missing,No Clouds,natural,Normal,basic,it is not determined yet,1,0,,
1442,1442,76645,99860,Fujairah,Civil Defense Center - Dibba,Other parties,2/14/2016,2016/02/14-15:10,2016/02/14-15:14,2016/02/14-15:18,2/14/2016 15:25,2016/02/14-15:30,2016/02/14-15:35,Transportation accidents,One hundredth,Cars,Other places,Other places,Riffa - Dibba Al -Fujairah,Disturbing injured,Missing,I did not specify,natural,Normal,basic,Traffic accident,1,0,,
1443,1443,76649,99864,Fujairah,Civil Defense Center - Al -Taween,Police and traffic,2/14/2016,2016/02/14-21:42,2016/02/14-21:48,2016/02/14-21:49,2/14/2016 21:52,2016/02/14-21:55,2016/02/14-22:10,Transportation accidents,Clash,Cars,Other places,Streets and squares,Al -Tawyin Roundabout - Fujairah,Separation of a battery,Missing,No Clouds,natural,Important,medium,Traffic accident,3,1,,
1444,1444,76658,99873,Ras Al Khaimah,Civil Defense Center - Administration,Police and traffic,2/15/2016,2016/02/15-13:32,2016/02/15-13:34,2016/02/15-13:37,2/15/2016 13:41,2016/02/15-13:42,2016/02/15-13:46,Transportation accidents,A collision resulted in a fire,Cars,governmental,governmental,The palm area at Ras Al Khaimah Company to secure,Fire fighting,governmental,No Clouds,natural,very important,basic,it is not determined yet,0,0,,
1445,1445,76664,99879,Abu Dhabi,Civil Defense Center - Al Wathba,Police and traffic,2/15/2016,2016/02/15-15:56,2016/02/15-16:20,2016/02/15-19:50,2/15/2016 20:55,2016/02/15-21:30,2016/02/15-21:44,Transportation accidents,One hundredth,Missing,Means of transport,Methods and transport facilities,Near the camel square,Pulling,Missing,No Clouds,natural,Important,basic,it is not determined yet,0,0,,
1446,1446,76697,99912,Ras Al Khaimah,Civil Defense Center - Kadra,Police and traffic,2/16/2016,2016/02/16-20:46,2016/02/16-20:50,2016/02/16-20:53,2/16/2016 20:56,2016/02/16-20:58,2016/02/16-21:06,Transportation accidents,Clash,Cars,Other places,Other places,Sheikh Khalifa Street towards Fujairah,Ambulance and transfer of a person,Specific,No Clouds,natural,very important,basic,Traffic accident,2,0,,
1447,1447,76705,99920,Abu Dhabi,Civil Defense Center - Shakhbout City,Police and traffic,2/17/2016,2016/02/17-10:20,2016/02/17-10:31,2016/02/17-10:47,2/17/2016 10:58,2016/02/17-10:59,2016/02/17-11:15,Transportation accidents,Clash,Cars,Means of transport,Methods and transport facilities,The shampoo,Separation of a battery,Cars,No Clouds,natural,Normal,basic,it is not determined yet,2,0,,
1448,1448,76707,99922,Ras Al Khaimah,Civil Defense Center - Kadra,Police and traffic,2/17/2016,2016/02/17-13:58,2016/02/17-14:09,2016/02/17-14:15,2/17/2016 14:17,2016/02/17-14:18,2016/02/17-15:18,Transportation accidents,Deterioration,Cars,Other places,Other places,Shukka Street,Ambulance and transfer of a person,Missing,No Clouds,natural,Normal,basic,Traffic accident,2,0,,
1449,1449,76714,99929,Ras Al Khaimah,Civil Defense Center - Administration,Police and traffic,2/17/2016,2016/02/17-19:23,2016/02/17-19:31,2016/02/17-19:49,2/17/2016 19:52,2016/02/17-19:57,2016/02/17-20:24,Transportation accidents,Clash,Cars,Other places,Streets and squares,Mount Jais roundabout,Rescue people,Missing,I did not specify,unclassified,unclassified,basic,it is not determined yet,1,0,,
1450,1450,76730,99945,Eye,Civil Defense Center - Al -Wajan,Police and traffic,2/18/2016,2016/02/18-14:54,2016/02/18-15:07,2016/02/18-15:10,2/18/2016 15:27,2016/02/18-15:32,2016/02/18-15:46,Transportation accidents,Clash,Cars,Other places,Streets and squares,The code towards the eye,cooling,Missing,No Clouds,natural,Normal,basic,it is not determined yet,0,0,,
1451,1451,76765,99980,Abu Dhabi,Civil Defense Center - Al Wathba,Police and traffic,2/21/2016,2016/02/21-00:56,2016/02/21-01:03,2016/02/21-01:50,2/21/2016 2:18,2016/02/21-02:26,2016/02/21-02:35,Transportation accidents,Clash,Cars,Means of transport,Methods and transport facilities,After Bani Yas Bridge towards Al Ain,Fire cooling,Missing,No Clouds,natural,Important,basic,it is not determined yet,3,0,,
1452,1452,76788,100003,Abu Dhabi,Civil Defense Center - Al Wathba,Police and traffic,2/22/2016,2016/02/22-14:10,2016/02/22-14:23,2016/02/22-14:29,2/22/2016 14:56,2016/02/22-15:14,2016/02/22-15:30,Transportation accidents,Clash,Cars,Means of transport,Methods and transport facilities,Alpha,Fire and evacuation combat,Missing,No Clouds,natural,Important,basic,Traffic accident,1,0,,
1453,1453,76794,100009,Sharjah,Civil Defense Center - Sunan,Police and traffic,2/22/2016,2016/02/22-22:19,2016/02/22-22:24,2016/02/22-22:26,2/22/2016 22:45,2016/02/22-23:05,2016/02/22-23:13,Transportation accidents,Clash,Cars,Other places,Other places,Helwan area near Helwan Bridge,Rescue people,Cars,No Clouds,Crowded,Normal,basic,Traffic accident,0,0,,
1454,1454,76798,100013,Ras Al Khaimah,Civil Defense Center - Kadra,Police and traffic,2/23/2016,2016/02/23-11:19,2016/02/23-11:29,2016/02/23-11:31,2/23/2016 11:33,2016/02/23-11:35,2016/02/23-11:45,Transportation accidents,Deterioration,Cars,Other places,Other places,Shawka Street,take actions,Missing,No Clouds,natural,Normal,Limited,it is not determined yet,0,0,,
1455,1455,76808,100023,Ras Al Khaimah,Civil Defense Center - Kadra,Police and traffic,2/23/2016,2016/02/23-21:03,2016/02/23-21:10,2016/02/23-21:18,2/23/2016 21:24,2016/02/23-21:30,2016/02/23-21:39,Transportation accidents,Clash,Cars,Other places,Other places,Valley describing me,Ambulance and rescue,Missing,No Clouds,natural,Normal,basic,Traffic accident,1,0,,
1456,1456,76816,100031,Ras Al Khaimah,Civil Defense Center - Al -Jazeera Al -Hamra,Police and traffic,2/24/2016,2016/02/24-16:35,2016/02/24-16:38,2016/02/24-16:40,2/24/2016 16:45,2016/02/24-16:46,2016/02/24-16:55,Transportation accidents,A collision resulted in a fire,Cars,Public facilities and services,Public places and places,Al -Jazeera Al -Hamra at the Edinuk fuel station,Fire fighting,governmental,Clouds,natural,Important,basic,it is not determined yet,0,0,,
1457,1457,76839,100054,Sharjah,Civil Defense Center - Administration,Military officers and members,2/25/2016,2016/02/25-13:29,2016/02/25-13:30,2016/02/25-13:31,2/25/2016 13:32,2016/02/25-13:50,2016/02/25-13:51,Transportation accidents,One hundredth,Cars,Means of transport,Methods and transport facilities,"Al -Zahra Street, Civil Defense Roundabout / Sharjah",Rescue people,Cars,No Clouds,natural,Normal,basic,Traffic accident,2,0,,
1458,1458,76840,100055,Abu Dhabi,Civil Defense Center - Gentot,Police and traffic,2/25/2016,2016/02/25-11:30,2016/02/25-11:37,2016/02/25-11:45,2/25/2016 12:30,2016/02/25-12:40,2016/02/25-13:05,Transportation accidents,Clash,Cars,Means of transport,car,Al -Faya Road,Talent,Transmission,No Clouds,natural,Normal,Limited,Traffic accident,0,0,,
1459,1459,76859,100074,Ras Al Khaimah,Civil Defense Center - Administration,Police and traffic,2/26/2016,2016/02/26-19:00,2016/02/26-19:44,2016/02/26-19:50,2/26/2016 19:52,2016/02/26-19:55,2016/02/26-20:45,Transportation accidents,Deterioration,Cars,Other places,Streets and squares,Jabal Jais Street,take actions,Missing,No Clouds,natural,Normal,Limited,it is not determined yet,0,0,,
1460,1460,76861,100076,Abu Dhabi,Yas Island Center,Police and traffic,2/26/2016,2016/02/26-23:20,2016/02/26-23:34,2016/02/26-23:40,2/26/2016 23:45,2016/02/27-00:15,2016/02/27-00:40,Transportation accidents,A collision resulted in a fire,bike,Means of transport,Methods and transport facilities,"Before the petroleum station, directed abroad on Yas Island",Fire cooling,Cars,No Clouds,natural,Important,medium,Traffic accident,0,1,,
1461,1461,76864,100079,Abu Dhabi,Civil Defense Center - Al -Qubaisat,Police and traffic,2/26/2016,2016/02/26-23:49,2016/02/26-23:56,2016/02/27-00:05,2/27/2016 0:08,2016/02/27-00:12,2016/02/27-00:23,Transportation accidents,Clash,Cars,Means of transport,Methods and transport facilities,Arab Gulf Street opposite the Ministry of Interior,Separation of a battery,Cars,No Clouds,natural,Normal,basic,it is not determined yet,1,0,,
1462,1462,76899,100114,Ras Al Khaimah,Civil Defense Center - Administration,Police and traffic,2/28/2016,2016/02/28-15:05,2016/02/28-15:11,2016/02/28-15:14,2/28/2016 15:17,2016/02/28-15:19,2016/02/28-15:28,Transportation accidents,Shocked,Cars,Other places,Other places,Shama Al Rams Street,Fire fighting,Missing,I did not specify,unclassified,Important,basic,it is not determined yet,0,0,,
1463,1463,76913,100128,Fujairah,Civil Defense Center - Masafi,Police and traffic,2/29/2016,2016/02/29-14:00,2016/02/29-14:14,2016/02/29-14:16,2/29/2016 14:17,2016/02/29-14:18,2016/02/29-14:40,Transportation accidents,Deterioration,Cars,Public facilities and services,Public places and places,Masafi Dibba Road,Separation of a battery,Missing,No Clouds,natural,Normal,basic,it is not determined yet,0,0,,