,Unnamed: 0,rec_id,Accident number,Competent Department,Competent Center,Amount rating,Date of the accident,The date and time of the notification,Date and time of first arrival,Date and time of completion of control,End date and time of the operation,Departure date and time,Date and time of return to the center,Accident Group,Type of accident,Direct damage,Acccident scene category,Accident scene,Accident title,The band's work summary,Activity,Weather condition,Road condition,Priority level,Accident size,The cause of the accident,The number of injured people,The number of deaths in the public,The number of injured members of the force,The number of deaths of members of the force
1464,1464,76933,100148,Ajman,Civil Defense Center - Administration,The audience,3/1/2016,2016/03/01-18:15,2016/03/01-18:16,2016/03/01-18:19,3/1/2016 18:20,2016/03/01-18:26,2016/03/01-18:27,Transportation accidents,Deterioration,Missing,Public facilities and services,Public places and places,Manama District- near the Manama Center,Control and rescue,Missing,No Clouds,natural,Normal,basic,it is not determined yet,0,0,,
1465,1465,76948,100163,Abu Dhabi,Civil Defense Center - Al -Falah (Al -Falah City),Police and traffic,3/2/2016,2016/03/02-13:41,2016/03/02-13:50,2016/03/02-14:30,3/2/2016 15:50,2016/03/02-15:52,2016/03/02-16:00,Transportation accidents,Deterioration,tank,Public facilities and services,Public places and places,The new farmer area,Being and preparing,Missing,No Clouds,natural,Normal,Limited,it is not determined yet,0,0,,
1466,1466,76949,100164,Ajman,Civil Defense Center - Industrial,Police and traffic,3/2/2016,2016/03/02-15:42,2016/03/02-15:48,2016/03/02-15:57,3/2/2016 16:00,2016/03/02-16:10,2016/03/02-16:20,Transportation accidents,A deterioration resulted in a fire,Cars,Means of transport,car,Sheikh Mohammed bin Zayed Street in the direction of the Emirate of Sharjah,Fire fighting,Missing,No Clouds,natural,very important,basic,Traffic accident,1,0,,
1467,1467,76986,100201,Fujairah,Civil Defense Center - Al -Taween,Police and traffic,3/4/2016,2016/03/04-17:45,2016/03/04-17:50,2016/03/04-17:54,3/4/2016 18:00,2016/03/04-18:02,2016/03/04-18:54,Transportation accidents,Clash,Cars,Public facilities and services,Public places and places,Al -Tuwayen Street/Sarram,He told,Missing,No Clouds,natural,Important,basic,it is not determined yet,4,0,,
1468,1468,77018,100233,Fujairah,Civil Defense Center - Al -Madinah,Police and traffic,3/6/2016,2016/03/06-17:12,2016/03/06-17:16,2016/03/06-17:19,3/6/2016 17:35,2016/03/06-17:40,2016/03/06-17:43,Transportation accidents,Shocked,Cars,Public facilities and services,Public places and places,City Center Fujairah - parking lots,Fire fighting,Missing,Clouds,natural,Normal,basic,it is not determined yet,0,0,,
1469,1469,77036,100262,Abu Dhabi,Civil Defense Center - Al -Qubaisat,Police and traffic,3/7/2016,2016/03/07-19:39,2016/03/07-19:42,2016/03/07-19:45,3/7/2016 19:47,2016/03/07-20:15,2016/03/07-20:20,Transportation accidents,Deterioration,Cars,Public facilities and services,Public places and places,In exchange for Al -Audi Airport Street,existence,Missing,Clouds,natural,very important,medium,it is not determined yet,0,1,,
1470,1470,77067,100293,Ras Al Khaimah,Civil Defense Center - Northern Administration,Police and traffic,3/9/2016,2016/03/09-16:24,2016/03/09-16:26,2016/03/09-17:00,3/9/2016 17:05,2016/03/09-17:07,2016/03/09-17:10,Transportation accidents,Deterioration,Trucks,Other places,Other places,Near the Civil Defense Al -Halila,rescue,Missing,I did not specify,unclassified,unclassified,basic,it is not determined yet,0,0,,
1471,1471,77120,100346,Abu Dhabi,Civil Defense Center - City,The audience,3/10/2016,2016/03/10-20:31,2016/03/10-20:34,2016/03/10-20:36,3/10/2016 20:43,2016/03/10-20:52,2016/03/10-21:00,Transportation accidents,Shocked,Cars,Means of transport,Methods and transport facilities,Al Nahyan Camp,cooling,Missing,I did not specify,unclassified,unclassified,basic,it is not determined yet,0,0,,
1472,1472,77127,100353,Sharjah,Civil Defense Center - Al Dhaid,Police and traffic,3/11/2016,2016/03/11-14:08,2016/03/11-14:13,2016/03/11-14:25,3/11/2016 15:05,2016/03/11-15:15,2016/03/11-15:26,Transportation accidents,One hundredth,Cars,Means of transport,Methods and transport facilities,Al Dhaid area near an air workshop,Rescue people,Cars,No Clouds,natural,Normal,particle,Traffic accident,3,4,,
1473,1473,77143,100369,Ras Al Khaimah,Civil Defense Center - Administration,Police and traffic,3/12/2016,2016/03/12-07:03,2016/03/12-07:06,2016/03/12-07:12,3/12/2016 7:14,2016/03/12-07:15,2016/03/12-07:46,Transportation accidents,Deterioration,the person,Other places,Other places,Thorn,Ambulance and rescue,Missing,I did not specify,unclassified,very important,basic,Traffic accident,1,0,,
1474,1474,77163,100389,Eye,Civil Defense Center - Zakher (fast intervention),Police and traffic,3/9/2016,2016/03/09-22:07,2016/03/09-22:35,2016/03/09-22:39,3/9/2016 23:45,2016/03/09-23:46,2016/03/09-23:59,Transportation accidents,A collision resulted in a fire,Cars,Public facilities and services,Public places and places,The phenomenon of the phenomenon,Fire fighting,Cars,Clouds,natural,Normal,medium,it is not determined yet,2,2,,
1475,1475,77210,100436,Abu Dhabi,Civil Defense Center - Al -Shamkha,Police and traffic,3/16/2016,2016/03/16-13:49,2016/03/16-13:51,2016/03/16-13:53,3/16/2016 14:15,2016/03/16-14:17,2016/03/16-14:20,Transportation accidents,Run over,Cars,governmental,governmental,The majestic dizziness,Disturbing injured,Cars,No Clouds,natural,Important,basic,it is not determined yet,1,0,,
1476,1476,77216,100442,Eye,Civil Defense Center - Zakher (fast intervention),Police and traffic,3/16/2016,2016/03/16-19:11,2016/03/16-19:19,2016/03/16-19:22,3/16/2016 19:30,2016/03/16-19:31,2016/03/16-19:36,Transportation accidents,Shocked,Cars,Public facilities and services,Public places and places,A rich roundabout towards the association,Fire fighting,Cars,Clouds,natural,Normal,basic,it is not determined yet,0,0,,
1477,1477,77219,100445,Ras Al Khaimah,Civil Defense Center - Administration,The audience,3/17/2016,2016/03/17-05:36,2016/03/17-05:41,2016/03/17-05:45,3/17/2016 10:49,2016/03/17-10:51,2016/03/17-10:56,Transportation accidents,Deterioration,Trucks,Other places,Streets and squares,Lantern roundabout -Qasidat,Prevented,Specific,Clouds,natural,very important,basic,Traffic accident,0,0,,
1478,1478,77222,100448,Fujairah,Civil Defense Center - Al -Taween,Police and traffic,3/17/2016,2016/03/17-11:13,2016/03/17-11:21,2016/03/17-11:23,3/17/2016 11:25,2016/03/17-11:29,2016/03/17-11:45,Transportation accidents,Deterioration,Cars,Means of transport,Methods and transport facilities,Al -Shari'a region - Al -Taween,Separation of a battery,Missing,Clouds,natural,unclassified,basic,it is not determined yet,1,0,,
1479,1479,77246,100472,Umm Al Quwain,Al -Aqran Center,Police and traffic,3/18/2016,2016/03/18-18:14,2016/03/18-18:17,2016/03/18-18:24,3/18/2016 18:27,2016/03/18-18:30,2016/03/18-18:32,Transportation accidents,Shocked,Cars,Public facilities and services,Public places and places,Sheikh Mohammed bin Zayed Street near the exit 103,Fire control and cooling,Cars,No Clouds,natural,Normal,basic,it is not determined yet,0,0,,
1480,1480,77253,100479,Dubai,dip,Police and traffic,3/19/2016,2016/03/19-06:45,2016/03/19-07:00,2016/03/19-08:38,3/19/2016 8:55,2016/03/19-09:00,2016/03/19-09:18,Transportation accidents,Clash,Missing,Means of transport,Methods and transport facilities,Mohammed bin Zayed Street / Al -Hawas roundabout,existence,Missing,I did not specify,unclassified,unclassified,Limited,it is not determined yet,0,0,,
1481,1481,77300,100526,Eye,Civil Defense Center - Administration,Police and traffic,3/21/2016,2016/03/21-15:15,2016/03/21-15:18,2016/03/21-15:22,3/21/2016 16:00,2016/03/21-16:02,2016/03/21-16:06,Transportation accidents,Deterioration,Cars,Public facilities and services,Public places and places,Jimmy area,Remove petroleum materials from the street,Cars,Clouds,natural,Normal,basic,it is not determined yet,0,0,,
1482,1482,77308,100534,Abu Dhabi,Civil Defense Center - Al Wathba,Police and traffic,3/21/2016,2016/03/21-21:09,2016/03/21-21:18,2016/03/21-22:50,3/22/2016 1:00,2016/03/22-01:05,2016/03/22-01:15,Transportation accidents,A collision resulted in a fire,Missing,Means of transport,Methods and transport facilities,Perfection,Fire fighting,Cars,Clouds,natural,Important,basic,it is not determined yet,1,0,,
1483,1483,77309,100535,Fujairah,Civil Defense Center - Al -Madinah,Other parties,3/22/2016,2016/03/22-04:57,2016/03/22-05:16,2016/03/22-05:19,3/22/2016 5:20,2016/03/22-05:21,2016/03/22-05:45,Transportation accidents,Deterioration,Cars,Other places,Other places,Sheikh Khalifa Street,Inspection,Missing,I did not specify,natural,Normal,basic,it is not determined yet,1,0,,
1484,1484,77311,100537,Eye,Civil Defense Center - Al -Zahir,Police and traffic,3/22/2016,2016/03/22-06:25,2016/03/22-06:29,2016/03/22-06:31,3/22/2016 6:44,2016/03/22-06:49,2016/03/22-06:53,Transportation accidents,Deterioration,Cars,Means of transport,Methods and transport facilities,The popularity of the apparent,cooling,Cars,Clouds,natural,Normal,basic,Traffic accident,1,0,,
1485,1485,77317,100543,Ras Al Khaimah,Civil Defense Center - Al -Jazeera Al -Hamra,Police and traffic,3/22/2016,2016/03/22-15:41,2016/03/22-15:46,2016/03/22-15:48,3/22/2016 15:50,2016/03/22-17:11,2016/03/22-17:15,Transportation accidents,Deterioration,Missing,Public facilities and services,Public places and places,Al -Jazeera Al -Hamra Akassia Hotel,Inspection,Missing,Clouds,natural,Important,Limited,Traffic accident,0,0,,
1486,1486,77323,100549,Ajman,Civil Defense Center - Al -Jarf,he did not specify,3/22/2016,2016/03/22-20:55,2016/03/22-21:02,2016/03/22-21:15,3/22/2016 21:24,2016/03/22-21:36,2016/03/22-21:44,Transportation accidents,Deterioration,Missing,Means of transport,Methods and transport facilities,Al -Jarf area - behind the Chinese market,Ambulance and rescue,Missing,No Clouds,natural,Normal,medium,it is not determined yet,1,1,,
1487,1487,77338,100564,Abu Dhabi,Civil Defense Center - Shakhbout City,The audience,3/23/2016,2016/03/23-11:22,2016/03/23-12:10,2016/03/23-12:15,3/23/2016 12:38,2016/03/23-13:49,2016/03/23-14:15,Transportation accidents,Deterioration,Missing,Other places,Other places,After an intimate bridge towards the Palace of the Mirage,take actions,Missing,No Clouds,natural,very important,Limited,it is not determined yet,0,0,,
1488,1488,77347,100573,Abu Dhabi,Rapid Intervention Center - Al Falah,Police and traffic,3/24/2016,2016/03/24-00:34,2016/03/24-00:40,2016/03/24-01:46,3/24/2016 2:00,2016/03/24-02:05,2016/03/24-02:10,Transportation accidents,One hundredth,Cars,Means of transport,Methods and transport facilities,In exchange for the saffron palace,Ambulance and rescue,Cars,Clouds,Crowded,very important,basic,Traffic accident,1,0,,
1489,1489,77349,100575,Eye,Civil Defense Center - Civil,Police and traffic,3/24/2016,2016/03/24-06:11,2016/03/24-06:20,2016/03/24-06:29,3/24/2016 7:30,2016/03/24-07:33,2016/03/24-07:46,Transportation accidents,Clash,Cars,Means of transport,Methods and transport facilities,Water SAM / Truck Road,Disturbing injured,Cars,No Clouds,natural,Normal,basic,it is not determined yet,2,0,,
1490,1490,77353,100579,Ras Al Khaimah,Civil Defense Center - Al -Jazeera Al -Hamra,Police and traffic,3/24/2016,2016/03/24-11:50,2016/03/24-11:54,2016/03/24-12:09,3/24/2016 12:13,2016/03/24-12:19,2016/03/24-12:56,Transportation accidents,Clash,the person,Other places,Other places,Al -Munai’i Street,Ambulance and rescue,Missing,I did not specify,unclassified,unclassified,basic,it is not determined yet,0,0,,
1491,1491,77368,100594,Abu Dhabi,Rapid Intervention Center - Al Shaila,Police and traffic,3/25/2016,2016/03/25-04:56,2016/03/25-05:02,2016/03/25-05:18,3/25/2016 5:25,2016/03/25-05:30,2016/03/25-05:43,Transportation accidents,Clash,Cars,Means of transport,Methods and transport facilities,Missing,rescue,Missing,I did not specify,unclassified,very important,medium,it is not determined yet,1,1,,
1492,1492,77376,100602,Eye,Civil Defense Center - Civil,Police and traffic,3/25/2016,2016/03/25-16:04,2016/03/25-16:10,2016/03/25-16:20,3/25/2016 17:00,2016/03/25-17:03,2016/03/25-17:12,Transportation accidents,Clash,Cars,Public facilities and services,Public places and places,Al -Yahr area/Al -Yahar Road/Al Ain,Remove petroleum materials from the street,Cars,No Clouds,natural,Normal,basic,it is not determined yet,0,0,,
1493,1493,77390,100616,Abu Dhabi,Yas Island Center,Police and traffic,3/26/2016,2016/03/26-11:54,2016/03/26-12:05,2016/03/26-13:30,3/26/2016 13:42,2016/03/26-13:43,2016/03/26-13:53,Transportation accidents,Deterioration,Trucks,governmental,governmental,Sheikh Khalifa Street,Rescue people,trade,No Clouds,natural,Important,basic,it is not determined yet,2,0,,
1494,1494,77402,100628,Fujairah,Civil Defense Center - Masafi,Police and traffic,3/27/2016,2016/03/27-12:30,2016/03/27-12:38,2016/03/27-12:41,3/27/2016 12:54,2016/03/27-12:57,2016/03/27-13:08,Transportation accidents,Clash,Cars,Other places,Other places,Image,Disturbing injured,Missing,No Clouds,natural,Normal,basic,it is not determined yet,1,0,,
1495,1495,77431,100657,Dubai,dip,Police and traffic,3/29/2016,2016/03/29-15:15,2016/03/29-15:18,2016/03/29-15:30,3/29/2016 15:38,2016/03/29-17:04,2016/03/29-17:09,Transportation accidents,A collision resulted in a fire,Cars,Means of transport,Methods and transport facilities,Missing,Fire fighting and transporting injured people,Missing,I did not specify,unclassified,unclassified,medium,it is not determined yet,5,1,,
1496,1496,77505,100731,Fujairah,Civil Defense Center - Al -Madinah,Police and traffic,4/3/2016,2016/04/03-17:23,2016/04/03-17:28,2016/04/03-17:30,4/3/2016 17:39,2016/04/03-17:40,2016/04/03-17:44,Transportation accidents,Deterioration,Trucks,Industrial,Industrial,Industrial tricks,Street cleaning from oils,Missing,No Clouds,natural,Normal,basic,it is not determined yet,0,0,,
1497,1497,77513,100739,Ras Al Khaimah,Civil Defense Center - Al -Jazeera Al -Hamra,Police and traffic,4/4/2016,2016/04/04-17:18,2016/04/04-17:29,2016/04/04-17:30,4/4/2016 17:31,2016/04/04-17:32,2016/04/04-17:36,Transportation accidents,A collision resulted in a fire,Buses,Other places,Other places,Ednock Station for distribution/Sheikh Mohammed bin Zayed Road,Fire fighting,Missing,I did not specify,unclassified,very important,basic,it is not determined yet,0,0,,
1498,1498,77535,100761,Fujairah,Civil Defense Center - Administration,The audience,4/6/2016,2016/04/06-12:23,2016/04/06-12:26,2016/04/06-12:28,4/6/2016 14:18,2016/04/06-14:20,2016/04/06-14:23,Transportation accidents,Deterioration,Trucks,Public facilities and services,Public places and places,Sakmkm area,Being and preparing,Missing,No Clouds,natural,Normal,basic,Traffic accident,1,0,,
1499,1499,77542,100768,Abu Dhabi,Yas Island Center,Police and traffic,4/6/2016,2016/04/06-15:09,2016/04/06-15:14,2016/04/06-15:25,4/6/2016 15:30,2016/04/06-15:45,2016/04/06-15:50,Transportation accidents,Deterioration,Cars,Means of transport,Methods and transport facilities,"On the sail of Sheikh Khalifa bin Zayed, Yas Island Road",Fire fighting,Cars,No Clouds,natural,very important,medium,it is not determined yet,0,1,,
1500,1500,77547,100773,Sharjah,Civil Defense Center - Administration,Civil defense departments and centers,4/7/2016,2016/04/07-01:27,2016/04/07-01:36,2016/04/07-03:00,4/7/2016 3:05,2016/04/07-03:10,2016/04/07-03:20,Transportation accidents,Clash,Residence,commercial,commercial,Industrial 13 behind facilitation,Fire fighting,Missing,I did not specify,unclassified,unclassified,medium,it is not determined yet,0,0,,
1501,1501,77563,100789,Ras Al Khaimah,Civil Defense Center - Kadra,Police and traffic,4/8/2016,2016/04/08-09:38,2016/04/08-09:48,2016/04/08-09:53,4/8/2016 10:05,2016/04/08-10:06,2016/04/08-10:25,Transportation accidents,Deterioration,the person,Other places,Streets and squares,After the thorn bridge towards Al -Manei,Ambulance and transfer of a person,Missing,No Clouds,natural,Normal,basic,Traffic accident,1,0,,
1502,1502,77579,100805,Ras Al Khaimah,Civil Defense Center - Administration,Police and traffic,4/9/2016,2016/04/09-09:13,2016/04/09-09:18,2016/04/09-09:24,4/9/2016 9:36,2016/04/09-09:38,2016/04/09-09:45,Transportation accidents,Clash,Missing,Public facilities and services,Public places and places,The Golan is angry lounge,Ambulance and rescue,Missing,No Clouds,natural,very important,medium,Traffic accident,2,1,,
1503,1503,77634,100860,Sharjah,Civil Defense Center - Al -Sajaa,The audience,4/12/2016,2016/04/12-15:16,2016/04/12-15:25,2016/04/12-15:43,4/12/2016 16:00,2016/04/12-16:05,2016/04/12-16:13,Transportation accidents,Clash,Cars,Means of transport,Methods and transport facilities,Motivation Street,Disturbing injured,Missing,No Clouds,natural,Normal,basic,it is not determined yet,4,0,,
1504,1504,77666,100897,Abu Dhabi,Civil Defense Center - City,Police and traffic,4/14/2016,2016/04/14-12:11,2016/04/14-12:15,2016/04/14-12:30,4/14/2016 12:50,2016/04/14-13:14,2016/04/14-13:25,Transportation accidents,Clash,Missing,Means of transport,Methods and transport facilities,Phantom,Street cleaning from oils,Missing,Clouds,natural,Important,basic,it is not determined yet,1,0,,
1505,1505,77703,100934,Abu Dhabi,Rawf Kindergarten Center,Police and traffic,4/16/2016,2016/04/16-16:15,2016/04/16-16:20,2016/04/16-16:45,4/16/2016 17:10,2016/04/16-17:15,2016/04/16-17:25,Transportation accidents,Shocked,Missing,Means of transport,Methods and transport facilities,Above the Bridge of the Rawf Kindergarten Palace towards Yas,Fire control and cooling,Cars,I did not specify,unclassified,unclassified,medium,it is not determined yet,0,0,,
1506,1506,77714,100945,Ras Al Khaimah,Civil Defense Center - Riffa,Police and traffic,4/17/2016,2016/04/17-05:10,2016/04/17-05:13,2016/04/17-05:17,4/17/2016 5:42,2016/04/17-05:43,2016/04/17-05:45,Transportation accidents,Deterioration,Cars,Other places,Other places,"Al -Rifaa, the roundabout of Mohammed bin Zayed",Separation of a battery,Specific,No Clouds,natural,Important,basic,Traffic accident,1,0,,
1507,1507,77716,100947,Sharjah,Civil Defense Center - Al Dhaid,Police and traffic,4/17/2016,2016/04/17-09:28,2016/04/17-09:32,2016/04/17-09:35,4/17/2016 9:50,2016/04/17-09:55,2016/04/17-10:03,Transportation accidents,Clash,Cars,Means of transport,Methods and transport facilities,Al Madam Road - H.,Disturbing injured,Cars,No Clouds,natural,Normal,medium,it is not determined yet,1,0,,
1508,1508,77744,100975,Fujairah,Civil Defense Center - Administration,The audience,4/19/2016,2016/04/19-01:25,2016/04/19-01:27,2016/04/19-01:30,4/19/2016 1:55,2016/04/19-02:22,2016/04/19-02:28,Transportation accidents,Deterioration,Trucks,Public facilities and services,Public places and places,Street that you wear,He told,Missing,Dust and wind,natural,Important,basic,Traffic accident,1,0,,
1509,1509,77762,100993,Ras Al Khaimah,Civil Defense Center - Al -Jazeera Al -Hamra,Police and traffic,4/20/2016,2016/04/20-03:50,2016/04/20-03:55,2016/04/20-04:00,4/20/2016 4:19,2016/04/20-04:20,2016/04/20-04:23,Transportation accidents,Deterioration,Cars,Other places,Streets and squares,"Mohammed bin Zayed Street, exit 119 towards Ras Al Khaimah",Separation of a battery,Specific,No Clouds,natural,Important,basic,Traffic accident,2,0,,
1510,1510,77778,101009,Fujairah,Civil Defense Center - Al -Taween,Civil defense departments and centers,4/21/2016,2016/04/21-08:13,2016/04/21-08:17,2016/04/21-08:19,4/21/2016 8:21,2016/04/21-08:23,2016/04/21-08:51,Transportation accidents,Deterioration,Cars,Public facilities and services,Public places and places,Al-Tuwain District- Al-Shuhada Street,Transfer,Missing,No Clouds,natural,Normal,basic,Traffic accident,1,0,,
1511,1511,77784,101015,Ras Al Khaimah,Civil Defense Center - Kadra,Police and traffic,4/21/2016,2016/04/21-15:46,2016/04/21-15:57,2016/04/21-16:02,4/21/2016 16:07,2016/04/21-16:08,2016/04/21-16:58,Transportation accidents,Deterioration,Missing,Public facilities and services,Public places and places,"Sheikh Khalifa Street, Safi area",Transfer,Missing,No Clouds,natural,Important,basic,Traffic accident,1,0,,
1512,1512,77795,101026,Fujairah,Civil Defense Center - Administration,Police and traffic,4/22/2016,2016/04/22-05:18,2016/04/22-05:21,2016/04/22-05:23,4/22/2016 5:24,2016/04/22-05:25,2016/04/22-05:33,Transportation accidents,One hundredth,Cars,Public facilities and services,Public places and places,Sword roundabout,Separation of a battery,Missing,No Clouds,natural,Normal,basic,Traffic accident,0,0,,
1513,1513,77814,101045,Ras Al Khaimah,Civil Defense Center - Kadra,The audience,4/23/2016,2016/04/23-10:30,2016/04/23-10:38,2016/04/23-10:46,4/23/2016 10:47,2016/04/23-10:48,2016/04/23-10:56,Transportation accidents,Clash,Missing,Other places,Other places,Shukka Street,Ambulance and rescue,Missing,I did not specify,unclassified,unclassified,basic,it is not determined yet,0,0,,
1514,1514,77861,101092,Ras Al Khaimah,Civil Defense Center - Administration,The audience,4/26/2016,2016/04/26-07:56,2016/04/26-08:05,2016/04/26-08:08,4/26/2016 8:09,2016/04/26-08:15,2016/04/26-08:25,Transportation accidents,Deterioration,Cars,governmental,governmental,Kadra Al -Sheikh Khalifa Street area,Inspection,governmental,No Clouds,natural,Important,basic,Traffic accident,1,0,,
1515,1515,77864,101095,Dubai,Al -Rashidiya Center,Police and traffic,4/26/2016,2016/04/26-10:48,2016/04/26-10:59,2016/04/26-11:05,4/26/2016 11:20,2016/04/26-11:22,2016/04/26-11:39,Transportation accidents,Deterioration,Trucks,Means of transport,Methods and transport facilities,Sheikh Mohammed bin Zayed Street near the Global Village,Fire fighting,Missing,I did not specify,unclassified,unclassified,basic,it is not determined yet,0,0,,
1516,1516,77865,101096,Sharjah,Civil Defense Center - Mawlh,Civil defense departments and centers,4/26/2016,2016/04/26-12:17,2016/04/26-12:19,2016/04/26-12:24,4/26/2016 12:27,2016/04/26-12:40,2016/04/26-12:42,Transportation accidents,Clash,Cars,Means of transport,Methods and transport facilities,Muwailleh area near the Civil Defense Center / Mouileh,rescue,Cars,No Clouds,natural,Normal,basic,Traffic accident,1,0,,
1517,1517,77877,101108,Ras Al Khaimah,Civil Defense Center - Kadra,Police and traffic,4/27/2016,2016/04/27-12:14,2016/04/27-12:26,2016/04/27-12:40,4/27/2016 12:47,2016/04/27-12:54,2016/04/27-13:02,Transportation accidents,Clash,Cars,Other places,Streets and squares,Thorn,Ambulance and rescue,Missing,No Clouds,natural,Normal,basic,it is not determined yet,0,0,,
1518,1518,77912,101143,Ajman,Civil Defense Center - Administration,Police and traffic,4/28/2016,2016/04/28-21:26,2016/04/28-21:33,2016/04/28-21:41,4/28/2016 21:55,2016/04/28-21:58,2016/04/28-22:02,Transportation accidents,Deterioration,Cars,Means of transport,Methods and transport facilities,Al -Bustan /Al -Mina Street,take actions,Cars,No Clouds,Crowded,Important,Limited,it is not determined yet,0,0,,
1519,1519,77968,101199,Sharjah,Civil Defense Center - Al Dhaid,Police and traffic,5/1/2016,2016/05/01-14:35,2016/05/01-14:45,2016/05/01-14:47,5/1/2016 14:50,2016/05/01-14:53,2016/05/01-15:08,Transportation accidents,Deterioration,Cars,Means of transport,Methods and transport facilities,Al -Shuwaib Al -Madame Road,Fire fighting,Missing,No Clouds,natural,Normal,basic,it is not determined yet,1,0,,
1520,1520,77980,101211,Abu Dhabi,Civil Defense Center - Al -Shamkha,Police and traffic,5/1/2016,2016/05/01-14:49,2016/05/01-14:51,2016/05/01-14:54,5/1/2016 16:35,2016/05/01-16:40,2016/05/01-16:45,Transportation accidents,Deterioration,Trucks,Means of transport,Methods and transport facilities,At the tall Edinok roundabout towards the Shawamik,Inspection,Missing,No Clouds,natural,Important,Limited,it is not determined yet,0,0,,
1521,1521,77993,101224,Fujairah,Civil Defense Center - Al -Madinah,Other parties,5/2/2016,2016/05/02-19:42,2016/05/02-19:48,2016/05/02-19:50,5/2/2016 19:55,2016/05/02-19:58,2016/05/02-20:04,Transportation accidents,Clash,Cars,Other places,Other places,City Center Fujairah,Separation of a battery,Missing,No Clouds,natural,Normal,basic,Traffic accident,2,0,,
1522,1522,78012,101243,Sharjah,Civil Defense Center - Mawlh,The audience,5/4/2016,2016/05/04-00:42,2016/05/04-00:48,2016/05/04-01:03,5/4/2016 1:12,2016/05/04-01:18,2016/05/04-01:25,Transportation accidents,Shocked,Cars,residential,residential,Mawlih behind the Grand Mosque,Fire fighting,Missing,I did not specify,unclassified,unclassified,basic,it is not determined yet,0,0,,
1523,1523,78051,101282,Sharjah / Eastern Region,Civil Defense Center - Kalba,Police and traffic,5/6/2016,2016/05/06-19:01,2016/05/06-19:03,2016/05/06-19:06,5/6/2016 19:10,2016/05/06-19:15,2016/05/06-19:18,Transportation accidents,One hundredth,Cars,residential,Home,"Magrider area, the house of Mohammed Ahmed Mohamed Murad",Remove a tree,Cars,No Clouds,natural,Important,basic,it is not determined yet,0,0,,
1524,1524,78055,101286,Abu Dhabi,Civil Defense Center - Gentot,Police and traffic,5/6/2016,2016/05/06-21:25,2016/05/06-21:29,2016/05/06-22:30,5/6/2016 22:35,2016/05/06-22:40,2016/05/06-22:45,Transportation accidents,Clash,Cars,Means of transport,car,After the Gantott Bridge towards Abu Dhabi in the Sayeh Sidira area,Fire control and cooling,Missing,No Clouds,natural,Normal,basic,Traffic accident,0,0,,
1525,1525,78112,101343,Dubai,Al Barsha Center,Police and traffic,5/10/2016,2016/05/10-02:14,2016/05/10-02:26,2016/05/10-02:51,5/10/2016 3:57,2016/05/10-04:32,2016/05/10-04:58,Transportation accidents,Clash,Cars,Means of transport,Methods and transport facilities,Sheikh Mohammed bin Zayed Street opposite the village towards Abu Dhabi,Fire control and cooling,Missing,I did not specify,unclassified,unclassified,basic,it is not determined yet,1,0,,
1526,1526,78147,101378,Ras Al Khaimah,Civil Defense Center - Al -Jazeera Al -Hamra,Police and traffic,5/12/2016,2016/05/12-13:34,2016/05/12-13:45,2016/05/12-13:49,5/12/2016 14:10,2016/05/12-14:28,2016/05/12-15:45,Transportation accidents,Clash,Missing,Public facilities and services,Public places and places,"Emirates Street, near Mishtvy Khalifa",Fire fighting,Missing,I did not specify,Crowded,Important,basic,it is not determined yet,0,0,,
1527,1527,78164,101395,Sharjah,Civil Defense Center - Administration,The audience,5/13/2016,2016/05/13-02:30,2016/05/13-02:50,2016/05/13-02:59,5/13/2016 3:15,2016/05/13-03:23,2016/05/13-03:40,Transportation accidents,Shocked,Cars,Other places,Other places,Nizwa road,Fire fighting,Missing,I did not specify,unclassified,unclassified,basic,it is not determined yet,0,0,,
1528,1528,78192,101423,Dubai,Jebel Ali Center,Civil defense departments and centers,5/14/2016,2016/05/14-12:29,2016/05/14-12:48,2016/05/14-13:00,5/14/2016 13:03,2016/05/14-13:06,2016/05/14-13:18,Transportation accidents,Deterioration,Trucks,Means of transport,Truck,Bur Dubai - Jebel Ali Port near Jebel Ali Hotel,Being and preparing,Missing,No Clouds,natural,Normal,Limited,it is not determined yet,0,0,,
1529,1529,78228,101459,Dubai,Al -Rashidiya Center,Police and traffic,5/16/2016,2016/05/16-05:43,2016/05/16-06:01,2016/05/16-06:06,5/16/2016 6:10,2016/05/16-06:30,2016/05/16-06:56,Transportation accidents,Clash,Buses,Means of transport,Methods and transport facilities,Arab Malagia - Mohammed bin Zayed Street towards Sharjah,Fire control and cooling,Transfer and contracting,No Clouds,natural,Normal,basic,it is not determined yet,3,0,,