,Unnamed: 0,rec_id,Accident number,Competent Department,Competent Center,Amount rating,Date of the accident,The date and time of the notification,Date and time of first arrival,Date and time of completion of control,End date and time of the operation,Departure date and time,Date and time of return to the center,Accident Group,Type of accident,Direct damage,Acccident scene category,Accident scene,Accident title,The band's work summary,Activity,Weather condition,Road condition,Priority level,Accident size,The cause of the accident,The number of injured people,The number of deaths in the public,The number of injured members of the force,The number of deaths of members of the force
1530,1530,78229,101460,Ras Al Khaimah,Civil Defense Center - Al -Jazeera Al -Hamra,Police and traffic,5/16/2016,2016/05/16-06:58,2016/05/16-07:12,2016/05/16-07:20,5/16/2016 7:27,2016/05/16-07:32,2016/05/16-07:41,Transportation accidents,Clash,Buses,Other places,Other places,Al -Shuhada Street near Mushtsqa Khalifa,Ambulance and rescue,Specific,No Clouds,natural,Important,basic,Traffic accident,6,0,,
1531,1531,78230,101461,Sharjah,Civil Defense Center - Al -Sajaa,Civil defense departments and centers,5/16/2016,2016/05/16-12:38,2016/05/16-12:49,2016/05/16-13:00,5/16/2016 13:15,2016/05/16-13:25,2016/05/16-13:35,Transportation accidents,Clash,Trucks,Means of transport,Methods and transport facilities,Al -Zubair area,Rescue people,Missing,No Clouds,natural,unclassified,medium,it is not determined yet,0,1,,
1532,1532,78231,101462,Ajman,Civil Defense Center - Administration,Other parties,5/16/2016,2016/05/16-13:41,2016/05/16-13:48,2016/05/16-13:50,5/16/2016 13:59,2016/05/16-14:09,2016/05/16-14:15,Transportation accidents,Clash,Missing,Other places,Streets and squares,"Al -Naima area, Sheikh Zayed Street",Inspection,Missing,No Clouds,Crowded,Normal,Limited,Traffic accident,0,0,,
1533,1533,78266,101497,Abu Dhabi,Civil Defense Center - Al -Falah (Al -Falah City),Police and traffic,5/18/2016,2016/05/18-15:33,2016/05/18-15:38,2016/05/18-15:45,5/18/2016 15:50,2016/05/18-16:00,2016/05/18-16:20,Transportation accidents,Deterioration,Cars,Means of transport,Methods and transport facilities,Al -Falah area on the public road,Directing confined and transferring injured people,Cars,No Clouds,natural,very important,basic,it is not determined yet,3,0,,
1534,1534,78278,101509,Fujairah,Civil Defense Center - Al -Madinah,Police and traffic,5/18/2016,2016/05/18-23:57,2016/05/19-00:06,2016/05/19-00:29,5/19/2016 0:31,2016/05/19-00:40,2016/05/19-00:52,Transportation accidents,Clash,Cars,Public facilities and services,Public places and places,Al -Fajrah /Behind the Airport,He told,Missing,No Clouds,unclassified,unclassified,basic,it is not determined yet,1,0,,
1535,1535,78281,101512,Sharjah,Civil Defense Center - Al Dhaid,Civil defense departments and centers,5/19/2016,2016/05/19-05:11,2016/05/19-05:20,2016/05/19-06:00,5/19/2016 6:41,2016/05/19-06:57,2016/05/19-07:15,Transportation accidents,A collision resulted in a fire,Trucks,governmental,governmental,Al -Zaid Al -Siji Road,Fire combat and rescue,Missing,I did not specify,unclassified,unclassified,medium,it is not determined yet,0,1,,
1536,1536,78296,101527,Sharjah,Civil Defense Center - Al Hamriyah,Police and traffic,5/19/2016,2016/05/19-17:01,2016/05/19-17:04,2016/05/19-17:06,5/19/2016 17:18,2016/05/19-17:25,2016/05/19-17:30,Transportation accidents,Clash,Cars,Means of transport,Methods and transport facilities,Al Hamriyah Bridge,Separation of a battery,Cars,No Clouds,natural,Important,medium,Traffic accident,0,1,,
1537,1537,78349,101580,Ras Al Khaimah,Civil Defense Center - Kadra,Police and traffic,5/22/2016,2016/05/22-11:23,2016/05/22-11:30,2016/05/22-11:31,5/22/2016 11:32,2016/05/22-11:33,2016/05/22-11:38,Transportation accidents,Deterioration,the person,governmental,governmental,Wadi Asifni area,Control and rescue,governmental,No Clouds,natural,very important,basic,Traffic accident,0,0,,
1538,1538,78351,101582,Sharjah,Civil Defense Center - Al Hamriyah,Military officers and members,5/22/2016,2016/05/22-14:50,2016/05/22-14:54,2016/05/22-15:05,5/22/2016 15:35,2016/05/22-15:40,2016/05/22-15:50,Transportation accidents,Clash,the person,Means of transport,Methods and transport facilities,Al Hamriyah Road Umm Al Quwain,rescue,Cars,No Clouds,Crowded,Normal,basic,Traffic accident,1,0,,
1539,1539,78356,101587,Ras Al Khaimah,Civil Defense Center - Administration,The audience,5/22/2016,2016/05/22-18:22,2016/05/22-18:29,2016/05/22-18:36,5/22/2016 18:41,2016/05/22-18:42,2016/05/22-19:03,Transportation accidents,Clash,Cars,governmental,governmental,"The road to Al -Rams, against a lounge",Fire fighting,governmental,No Clouds,natural,Important,basic,it is not determined yet,0,0,,
1540,1540,78363,101594,Ajman,Civil Defense Center - Al -Jarf,Police and traffic,5/23/2016,2016/05/23-00:26,2016/05/23-00:32,2016/05/23-00:38,5/23/2016 0:42,2016/05/23-00:48,2016/05/23-00:56,Transportation accidents,Clash,the person,Means of transport,Methods and transport facilities,Sheikh Mohammed bin Zayed Street,take actions,Missing,No Clouds,natural,Normal,Limited,it is not determined yet,0,0,,
1541,1541,78395,101626,Al Dhafra,Civil Defense Center - commodities,Police and traffic,5/25/2016,2016/05/25-14:34,2016/05/25-14:49,2016/05/25-14:56,5/25/2016 17:55,2016/05/25-17:57,2016/05/25-18:10,Transportation accidents,Clash,Cars,Other places,Other places,2 km from the popularity of goods,Fire control and cooling,Cars,No Clouds,Crowded,Important,medium,Traffic accident,0,2,,
1542,1542,78415,101646,Eye,Civil Defense Center - Zakher (fast intervention),Police and traffic,5/27/2016,2016/05/27-00:10,2016/05/27-00:16,2016/05/27-00:20,5/27/2016 0:35,2016/05/27-00:41,2016/05/27-00:50,Transportation accidents,Deterioration,Cars,Means of transport,car,From the cement factory towards Nima,Disturbing injured,Transmission,No Clouds,natural,Normal,basic,it is not determined yet,2,0,,
1543,1543,78443,101674,Ajman,Civil Defense Center - Administration,Police and traffic,5/27/2016,2016/05/27-23:23,2016/05/27-23:27,2016/05/27-23:32,5/27/2016 23:37,2016/05/27-23:40,2016/05/27-23:45,Transportation accidents,Shocked,Cars,governmental,governmental,Mashirf Commercial,Fire fighting,Cars,No Clouds,natural,Normal,basic,it is not determined yet,0,0,,
1544,1544,78458,101689,Sharjah,Civil Defense Center - Al Dhaid,Police and traffic,5/28/2016,2016/05/28-17:07,2016/05/28-17:13,2016/05/28-17:15,5/28/2016 17:25,2016/05/28-17:39,2016/05/28-17:47,Transportation accidents,Clash,Missing,Means of transport,Methods and transport facilities,Dhid,Inspection,Cars,No Clouds,natural,Normal,Limited,it is not determined yet,0,0,,
1545,1545,78491,101722,Sharjah,Civil Defense Center - Mawlh,Police and traffic,5/30/2016,2016/05/30-22:36,2016/05/30-22:37,2016/05/30-23:00,5/30/2016 23:10,2016/05/30-23:23,2016/05/30-23:35,Transportation accidents,Clash,Cars,Means of transport,Methods and transport facilities,Industrial 15,Disturbing injured,Missing,No Clouds,natural,Normal,basic,it is not determined yet,2,0,,
1546,1546,78495,101726,Sharjah,Civil Defense Center - Administration,Civil defense departments and centers,5/31/2016,2016/05/31-01:35,2016/05/31-01:44,2016/05/31-02:00,5/31/2016 2:10,2016/05/31-02:22,2016/05/31-02:32,Transportation accidents,Shocked,Missing,governmental,governmental,Al -Zubair Bridge,Fire fighting,Missing,I did not specify,unclassified,unclassified,basic,it is not determined yet,0,0,,
1547,1547,78508,101739,Dubai,Al -Rashidiya Center,Police and traffic,5/31/2016,2016/05/31-19:44,2016/05/31-19:58,2016/05/31-20:18,5/31/2016 21:05,2016/05/31-21:07,2016/05/31-22:05,Transportation accidents,Deterioration,Trucks,Means of transport,Truck,Deira - University City intersection Manama,Being and preparing,Missing,No Clouds,natural,Normal,basic,it is not determined yet,1,0,,
1548,1548,78511,101742,Ras Al Khaimah,Civil Defense Center - Administration,Police and traffic,6/1/2016,2016/06/01-05:16,2016/06/01-05:21,2016/06/01-05:25,6/1/2016 5:30,2016/06/01-05:33,2016/06/01-05:37,Transportation accidents,Clash,Missing,tourist,tourist,Palm crossing the Hilton Hotel,Fire fighting,Specific,No Clouds,natural,very important,basic,Traffic accident,1,0,,
1549,1549,78535,101766,Ras Al Khaimah,Civil Defense Center - Administration,The audience,6/3/2016,2016/06/03-16:29,2016/06/03-16:35,2016/06/03-16:39,6/3/2016 16:40,2016/06/03-16:43,2016/06/03-17:00,Transportation accidents,One hundredth,Cars,governmental,governmental,Al -Wakalat Street opposite Al -Futtaim,Fire fighting,Missing,No Clouds,natural,Important,basic,it is not determined yet,0,0,,
1550,1550,78555,101786,Fujairah,Civil Defense Center - Al -Madinah,Police and traffic,6/4/2016,2016/06/04-19:02,2016/06/04-19:06,2016/06/04-19:10,6/4/2016 19:20,2016/06/04-20:00,2016/06/04-20:12,Transportation accidents,Deterioration,Trucks,Means of transport,Methods and transport facilities,Missing,take actions,Missing,No Clouds,natural,unclassified,basic,Traffic accident,1,0,,
1551,1551,78574,101805,Sharjah,Civil Defense Center - Al -Sajaa,Police and traffic,6/5/2016,2016/06/05-11:41,2016/06/05-11:50,2016/06/05-11:52,6/5/2016 12:00,2016/06/05-12:05,2016/06/05-13:14,Transportation accidents,Clash,Cars,Means of transport,Methods and transport facilities,Between 9-8 bridge,He told,Missing,No Clouds,Crowded,Normal,medium,it is not determined yet,0,1,,
1552,1552,78591,101822,Sharjah,Civil Defense Center - Al -Sajaa,Police and traffic,6/6/2016,2016/06/06-05:11,2016/06/06-05:19,2016/06/06-05:25,6/6/2016 5:35,2016/06/06-05:40,2016/06/06-05:46,Transportation accidents,Clash,Trucks,Means of transport,Methods and transport facilities,From the intersection of 8 to the intersection of 7 shrouds,rescue,Transmission,No Clouds,natural,Normal,basic,Traffic accident,1,0,,
1553,1553,78618,101849,Fujairah,Civil Defense Center - Al -Taween,Police and traffic,6/7/2016,2016/06/07-18:31,2016/06/07-18:37,2016/06/07-18:38,6/7/2016 18:39,2016/06/07-18:40,2016/06/07-18:48,Transportation accidents,Deterioration,Cars,Means of transport,Methods and transport facilities,Fold,take actions,Missing,No Clouds,natural,Normal,basic,it is not determined yet,4,0,,
1554,1554,78656,101887,Abu Dhabi,Civil Defense Center - Al -Falah (Al -Falah City),he did not specify,6/10/2016,2016/06/10-21:12,2016/06/10-21:19,2016/06/10-21:25,6/10/2016 21:30,2016/06/10-22:34,2016/06/10-22:40,Transportation accidents,Clash,Missing,Public facilities and services,Public places and places,Before the Sweihan Bridge towards Abu Dhabi,take actions,Missing,No Clouds,natural,Normal,medium,it is not determined yet,1,1,,
1555,1555,78674,101905,Ras Al Khaimah,Civil Defense Center - Al -Jazeera Al -Hamra,Police and traffic,6/12/2016,2016/06/12-00:31,2016/06/12-00:36,2016/06/12-00:40,6/12/2016 0:44,2016/06/12-00:47,2016/06/12-00:52,Transportation accidents,Clash,Missing,Public facilities and services,Public places and places,The island is red,rescue,Missing,No Clouds,natural,Normal,basic,Traffic accident,0,0,,
1556,1556,78707,101938,Fujairah,Civil Defense Center - Dibba,Police and traffic,6/14/2016,2016/06/14-00:18,2016/06/14-00:21,2016/06/14-00:25,6/14/2016 0:33,2016/06/14-00:38,2016/06/14-00:44,Transportation accidents,Clash,Cars,Public facilities and services,Public places and places,Dibba Al -Fajr/ Riffa,Disturbing injured,Missing,No Clouds,natural,Normal,basic,it is not determined yet,4,0,,
1557,1557,78716,101947,Abu Dhabi,Civil Defense Center - Shakhbout City,Police and traffic,6/14/2016,2016/06/14-15:05,2016/06/14-15:31,2016/06/14-15:55,6/14/2016 16:15,2016/06/14-16:16,2016/06/14-16:35,Transportation accidents,Shocked,Light,Means of transport,Methods and transport facilities,Truck road in Tarif,Fire control and cooling,Missing,No Clouds,natural,Important,basic,it is not determined yet,0,0,,
1558,1558,78803,102034,Fujairah,Civil Defense Center - Al -Taween,Police and traffic,6/20/2016,2016/06/20-19:31,2016/06/20-19:34,2016/06/20-19:37,6/20/2016 19:43,2016/06/20-19:45,2016/06/20-19:48,Transportation accidents,One hundredth,the person,Public facilities and services,Public places and places,Al -Tawyin area / Al -Sarram,Directing confined and transferring injured people,Missing,No Clouds,natural,Normal,basic,it is not determined yet,2,0,,
1559,1559,78811,102042,Sharjah,Civil Defense Center - Al -Sajaa,Police and traffic,6/21/2016,2016/06/21-12:18,2016/06/21-12:22,2016/06/21-12:26,6/21/2016 12:30,2016/06/21-12:45,2016/06/21-12:53,Transportation accidents,Clash,Trucks,Means of transport,Methods and transport facilities,Emirates Street towards Dubai,rescue,Transmission,No Clouds,Crowded,Normal,basic,Traffic accident,1,0,,
1560,1560,78844,102075,Dubai,Al Quoz Center,Police and traffic,6/23/2016,2016/06/23-10:12,2016/06/23-10:24,2016/06/23-11:00,6/23/2016 11:20,2016/06/23-11:27,2016/06/23-11:32,Transportation accidents,Deterioration,Trucks,Means of transport,Truck,Bar Dubai - Al Khail Street towards Umm Suqeim Bridge,Being and preparing,Missing,No Clouds,natural,Normal,Limited,it is not determined yet,0,0,,
1561,1561,78870,102101,Ras Al Khaimah,Civil Defense Center - Administration,Police and traffic,6/25/2016,2016/06/25-04:06,2016/06/25-04:47,2016/06/25-05:50,6/25/2016 5:51,2016/06/25-05:52,2016/06/25-06:43,Transportation accidents,Deterioration,Missing,Other places,Other places,Jais Mountain,rescue,Missing,I did not specify,unclassified,very important,medium,it is not determined yet,0,1,,
1562,1562,78893,102124,Sharjah,Civil Defense Center - Sunan,Police and traffic,6/26/2016,2016/06/26-21:18,2016/06/26-21:24,2016/06/26-21:35,6/26/2016 22:15,2016/06/26-22:20,2016/06/26-22:45,Transportation accidents,Clash,Cars,Means of transport,Methods and transport facilities,From the intersection of the flying dish towards the field of culture,Disturbing injured,Cars,No Clouds,natural,Normal,medium,Traffic accident,5,1,,
1563,1563,78926,102157,Dubai,Al -Rashidiya Center,Police and traffic,6/28/2016,2016/06/28-08:35,2016/06/28-08:46,2016/06/28-09:00,6/28/2016 9:02,2016/06/28-09:18,2016/06/28-09:35,Transportation accidents,A deterioration resulted in a fire,Cars,Means of transport,car,Deira - Sheikh Mohammed bin Zayed Street towards Abu Dhabi,Fire control and cooling,Missing,No Clouds,natural,Normal,basic,it is not determined yet,0,0,,
1564,1564,78946,102177,Sharjah,Civil Defense Center - Mawlh,Police and traffic,6/29/2016,2016/06/29-14:12,2016/06/29-14:16,2016/06/29-14:19,6/29/2016 14:20,2016/06/29-14:25,2016/06/29-14:32,Transportation accidents,Clash,Cars,Means of transport,Methods and transport facilities,Industrial Zone (10) near Khan Sahib,take actions,Cars,No Clouds,natural,Normal,Limited,Traffic accident,0,0,,
1565,1565,78987,102218,Sharjah,Civil Defense Center - Al -Mina,The audience,7/2/2016,2016/07/02-13:32,2016/07/02-13:38,2016/07/02-13:40,7/2/2016 13:54,2016/07/02-13:55,2016/07/02-14:02,Transportation accidents,Run over,Missing,governmental,governmental,Khalidiya Khan Bridge,Fire fighting,Missing,I did not specify,unclassified,unclassified,basic,it is not determined yet,0,0,,
1566,1566,78992,102223,Fujairah,Civil Defense Center - Dibba,Police and traffic,7/2/2016,2016/07/02-18:19,2016/07/02-18:24,2016/07/02-18:26,7/2/2016 18:27,2016/07/02-18:30,2016/07/02-18:36,Transportation accidents,Clash,Cars,Public facilities and services,Public places and places,Masafi Dibba Road,rescue,Missing,No Clouds,natural,Normal,basic,it is not determined yet,0,0,,
1567,1567,79046,102277,Sharjah,Civil Defense Center - Mawlh,Military officers and members,7/5/2016,2016/07/05-09:03,2016/07/05-09:09,2016/07/05-09:13,7/5/2016 9:25,2016/07/05-09:35,2016/07/05-09:42,Transportation accidents,Clash,Cars,governmental,governmental,Airport Street towards Al Dhaid,Fire fighting,Missing,I did not specify,unclassified,unclassified,basic,it is not determined yet,0,0,,
1568,1568,79063,102294,Eye,Civil Defense Center - Al -Foua,Police and traffic,7/6/2016,2016/07/06-00:22,2016/07/06-00:27,2016/07/06-00:30,7/6/2016 0:45,2016/07/06-01:40,2016/07/06-01:50,Transportation accidents,Clash,Cars,Means of transport,Methods and transport facilities,Al -Khalif area,Conquest,Transmission,No Clouds,natural,Normal,basic,it is not determined yet,0,0,,
1569,1569,79078,102309,Fujairah,Civil Defense Center - Dibba,The audience,7/6/2016,2016/07/06-22:08,2016/07/06-22:11,2016/07/06-22:17,7/6/2016 22:20,2016/07/06-22:30,2016/07/06-22:35,Transportation accidents,Deterioration,the person,Other places,Other places,Riffa - Dibba Al -Fajr,Directing injured and deceased,Missing,No Clouds,natural,unclassified,medium,Traffic accident,1,1,,
1570,1570,79079,102310,Fujairah,Civil Defense Center - Masafi,Police and traffic,7/6/2016,2016/07/06-22:45,2016/07/06-22:54,2016/07/06-23:07,7/6/2016 23:30,2016/07/06-23:46,2016/07/06-23:59,Transportation accidents,Deterioration,Missing,Means of transport,Methods and transport facilities,Al -Bayra area / Masafi,Directing injured and deceased,Missing,No Clouds,natural,unclassified,medium,it is not determined yet,3,2,,
1571,1571,79093,102324,Ras Al Khaimah,Civil Defense Center - Administration,Police and traffic,7/7/2016,2016/07/07-14:49,2016/07/07-15:00,2016/07/07-15:26,7/7/2016 15:28,2016/07/07-15:58,2016/07/07-16:25,Transportation accidents,One hundredth,Cars,Other places,Other places,Dqaladah Street,Fire fighting,Missing,I did not specify,unclassified,very important,medium,Traffic accident,0,1,,
1572,1572,79127,102358,Ajman,Civil Defense Center - Industrial,Police and traffic,7/9/2016,2016/07/09-13:45,2016/07/09-13:50,2016/07/09-13:57,7/9/2016 14:03,2016/07/09-14:05,2016/07/09-14:10,Transportation accidents,Clash,Missing,Other places,Other places,Industrial area intersection of gas roundabout,Inspection,Missing,No Clouds,natural,Normal,basic,it is not determined yet,1,0,,
1573,1573,79134,102365,Fujairah,Civil Defense Center - Al -Madinah,Police and traffic,7/9/2016,2016/07/09-20:21,2016/07/09-20:29,2016/07/09-20:35,7/9/2016 20:45,2016/07/09-21:00,2016/07/09-21:12,Transportation accidents,Clash,Cars,Other places,Other places,Tricks,Disturbing injured,Missing,No Clouds,natural,unclassified,basic,Traffic accident,0,0,,
1574,1574,79182,102413,Ras Al Khaimah,Civil Defense Center - Administration,Police and traffic,7/12/2016,2016/07/12-19:02,2016/07/12-19:08,2016/07/12-19:11,7/12/2016 19:16,2016/07/12-19:17,2016/07/12-19:25,Transportation accidents,Shocked,Cars,governmental,governmental,Al Montaser Street,Fire fighting,Missing,I did not specify,natural,Important,basic,it is not determined yet,0,0,,
1575,1575,79190,102421,Ras Al Khaimah,Civil Defense Center - Riffa,Police and traffic,7/13/2016,2016/07/13-06:29,2016/07/13-06:34,2016/07/13-06:37,7/13/2016 7:00,2016/07/13-07:05,2016/07/13-07:30,Transportation accidents,Deterioration,the person,residential,residential,Welfare,rescue,Specific,No Clouds,natural,very important,basic,Traffic accident,0,0,,
1576,1576,79198,102429,Umm Al Quwain,Al -Aqran Center,Other parties,7/13/2016,2016/07/13-16:39,2016/07/13-16:45,2016/07/13-16:55,7/13/2016 16:56,2016/07/13-17:15,2016/07/13-17:37,Transportation accidents,A deterioration resulted in a fire,Trucks,Public facilities and services,Public places and places,"Emirates Street, Sharjah Street",Fire control and cooling,Cars,No Clouds,natural,Normal,basic,it is not determined yet,0,0,,
1577,1577,79216,102447,Fujairah,Civil Defense Center - Masafi,Other parties,7/15/2016,2016/07/15-04:42,2016/07/15-04:48,2016/07/15-04:55,7/15/2016 5:05,2016/07/15-05:10,2016/07/15-05:15,Transportation accidents,Clash,Missing,Other places,Streets and squares,Masafi Street /Fujairah,rescue,Missing,No Clouds,natural,Normal,basic,it is not determined yet,1,0,,
1578,1578,79222,102453,Sharjah,Civil Defense Center - Al -Sajaa,Police and traffic,7/15/2016,2016/07/15-13:30,2016/07/15-13:45,2016/07/15-13:47,7/15/2016 14:10,2016/07/15-14:20,2016/07/15-14:36,Transportation accidents,Deterioration,Missing,Means of transport,Methods and transport facilities,Cat Road incentive,take actions,Missing,No Clouds,natural,Normal,Limited,it is not determined yet,0,0,,
1579,1579,79230,102461,Fujairah,Civil Defense Center - against us,Police and traffic,7/15/2016,2016/07/15-20:33,2016/07/15-20:35,2016/07/15-20:44,7/15/2016 20:50,2016/07/15-21:03,2016/07/15-21:05,Transportation accidents,Clash,Missing,Other places,Other places,An area against us,Disturbing injured,Missing,No Clouds,natural,unclassified,medium,it is not determined yet,10,0,,
1580,1580,79235,102466,Ras Al Khaimah,Civil Defense Center - Kadra,Police and traffic,7/15/2016,2016/07/15-22:51,2016/07/15-23:25,2016/07/15-23:30,7/15/2016 23:40,2016/07/16-00:00,2016/07/16-00:52,Transportation accidents,Deterioration,the person,Other places,Streets and squares,Al -Hawilaat area,Fire fighting,Specific,No Clouds,natural,very important,medium,Traffic accident,0,1,,
1581,1581,79292,102523,Abu Dhabi,Yas Island Center,The audience,7/18/2016,2016/07/18-16:40,2016/07/18-16:47,2016/07/18-17:22,7/18/2016 18:00,2016/07/18-18:04,2016/07/18-19:07,Transportation accidents,Clash,Cars,Means of transport,Methods and transport facilities,Desperate,Fire combat and rescue,Missing,No Clouds,natural,Normal,medium,it is not determined yet,3,1,,
1582,1582,79303,102534,Fujairah,Civil Defense Center - Al -Taween,Police and traffic,7/19/2016,2016/07/19-17:32,2016/07/19-17:50,2016/07/19-17:53,7/19/2016 18:00,2016/07/19-18:05,2016/07/19-18:25,Transportation accidents,One hundredth,Heavy Equipment,Industrial,Industrial,Gnthtott Crusher - Al -Tuwayen Street,Inspection,Stones,No Clouds,Unpaved methods,Normal,basic,Traffic accident,1,0,,
1583,1583,79307,102538,Fujairah,Civil Defense Center - Al -Taween,Police and traffic,7/19/2016,2016/07/19-22:07,2016/07/19-22:15,2016/07/19-22:18,7/19/2016 22:28,2016/07/19-22:33,2016/07/19-22:42,Transportation accidents,Deterioration,Cars,Other places,Other places,And the defect,He told,Missing,No Clouds,natural,Normal,medium,Traffic accident,1,1,,
1584,1584,79308,102539,Abu Dhabi,Civil Defense Center - Al Wathba,Police and traffic,7/19/2016,2016/07/19-18:34,2016/07/19-18:40,2016/07/19-18:59,7/19/2016 19:05,2016/07/19-19:10,2016/07/19-19:20,Transportation accidents,Shocked,load,Means of transport,Methods and transport facilities,Al Ain Road towards the outside near,Fire cooling,furniture,No Clouds,natural,Normal,basic,it is not determined yet,0,0,,
1585,1585,79315,102546,Sharjah / Eastern Region,Civil Defense Center - Kalba,Police and traffic,7/20/2016,2016/07/20-06:57,2016/07/20-07:15,2016/07/20-07:55,7/20/2016 8:45,2016/07/20-08:50,2016/07/20-09:10,Transportation accidents,A deterioration resulted in a fire,Cars,Means of transport,Methods and transport facilities,Wadi Al -Helou Valley Road,Fire fighting and directing bodies,Cars,No Clouds,Unpaved methods,very important,medium,it is not determined yet,23,1,,
1586,1586,79319,102550,Sharjah,Civil Defense Center - Al -Sajaa,The audience,7/20/2016,2016/07/20-10:40,2016/07/20-10:46,2016/07/20-10:57,7/20/2016 10:59,2016/07/20-11:05,2016/07/20-11:19,Transportation accidents,Deterioration,Cars,Means of transport,Methods and transport facilities,Sword,take actions,Missing,No Clouds,natural,Important,medium,it is not determined yet,2,1,,
1587,1587,79339,102570,Ras Al Khaimah,Civil Defense Center - Al -Jazeera Al -Hamra,Police and traffic,7/21/2016,2016/07/21-10:15,2016/07/21-10:27,2016/07/21-10:30,7/21/2016 10:32,2016/07/21-10:33,2016/07/21-10:47,Transportation accidents,Clash,the person,governmental,governmental,Sheikh Mohammed bin Zayed Street,Control fire and rescue confined,Missing,I did not specify,unclassified,unclassified,basic,it is not determined yet,0,0,,
1588,1588,79347,102578,Abu Dhabi,Rawf Kindergarten Center,Police and traffic,7/21/2016,2016/07/21-13:45,2016/07/21-13:47,2016/07/21-13:55,7/21/2016 13:59,2016/07/21-14:30,2016/07/21-15:15,Transportation accidents,Clash,Cars,Means of transport,Methods and transport facilities,"After the Al -Reef Kindergarten Bridge, the farmer",Transfer,Cars,No Clouds,natural,Important,basic,it is not determined yet,0,0,,
1589,1589,79376,102607,Ras Al Khaimah,Civil Defense Center - Administration,Police and traffic,7/23/2016,2016/07/23-03:11,2016/07/23-03:15,2016/07/23-03:25,7/23/2016 3:28,2016/07/23-03:32,2016/07/23-03:40,Transportation accidents,Clash,the person,Other places,Streets and squares,Shama Al Rams Street,Directing confined and transferring injured people,Missing,I did not specify,unclassified,unclassified,basic,it is not determined yet,1,0,,
1590,1590,79377,102608,Fujairah,Civil Defense Center - Al -Taween,Police and traffic,7/23/2016,2016/07/23-07:51,2016/07/23-07:58,2016/07/23-08:02,7/23/2016 8:08,2016/07/23-08:10,2016/07/23-08:15,Transportation accidents,Deterioration,Missing,Other places,Streets and squares,Al -Tuwayen Street/burned,Directing confined and transferring injured people,Missing,No Clouds,natural,Normal,basic,it is not determined yet,1,0,,
1591,1591,79379,102610,Dubai,Al Barsha Center,Police and traffic,7/23/2016,2016/07/23-12:48,2016/07/23-12:58,2016/07/23-13:10,7/23/2016 14:02,2016/07/23-14:03,2016/07/23-14:07,Transportation accidents,Clash,Cars,Means of transport,Methods and transport facilities,Bardabi - Al Khail Street,Fire fighting,Missing,I did not specify,natural,Normal,medium,it is not determined yet,1,1,,
1592,1592,79414,102645,Abu Dhabi,Civil Defense Center - Gentot,Police and traffic,7/25/2016,2016/07/25-01:50,2016/07/25-01:55,2016/07/25-02:55,7/25/2016 3:10,2016/07/25-03:15,2016/07/25-03:20,Transportation accidents,Clash,Cars,Means of transport,Methods and transport facilities,Before Al -Sumaih Bridge towards Abu Dhabi,Directing injured and deceased,Missing,No Clouds,natural,Normal,medium,it is not determined yet,1,1,,
1593,1593,79446,102677,Abu Dhabi,Civil Defense Center - Gentot,Police and traffic,7/27/2016,2016/07/27-07:16,2016/07/27-07:36,2016/07/27-08:00,7/27/2016 9:25,2016/07/27-09:27,2016/07/27-10:00,Transportation accidents,Clash,Trucks,Means of transport,Methods and transport facilities,End of transit truck road,Disturbing injured,Missing,I did not specify,unclassified,unclassified,basic,it is not determined yet,1,0,,
1594,1594,79447,102678,Abu Dhabi,Civil Defense Center - Al -Shahama,Police and traffic,7/27/2016,2016/07/27-05:30,2016/07/27-05:37,2016/07/27-06:00,7/27/2016 6:15,2016/07/27-06:22,2016/07/27-06:30,Transportation accidents,Deterioration,Cars,Means of transport,Methods and transport facilities,After the Kindergarten Bridge towards Dubai,take actions,Missing,I did not specify,unclassified,unclassified,medium,it is not determined yet,0,1,,
1595,1595,79504,102735,Abu Dhabi,Civil Defense Center - Saadiyat,Police and traffic,7/30/2016,2016/07/30-08:49,2016/07/30-09:09,2016/07/30-09:10,7/30/2016 9:40,2016/07/30-09:49,2016/07/30-10:00,Transportation accidents,Shocked,Cars,Other places,Other places,Saadiyat Island towards Dubai,Fire control and cooling,Missing,No Clouds,natural,Important,medium,it is not determined yet,0,1,,
1596,1596,79525,102756,Umm Al Quwain,Al -Aqran Center,Military officers and members,7/31/2016,2016/07/31-20:47,2016/07/31-20:49,2016/07/31-20:52,7/31/2016 20:58,2016/07/31-21:05,2016/07/31-21:07,Transportation accidents,Shocked,Cars,Means of transport,Methods and transport facilities,Exit 103 direction Emirates Street,Fire control and cooling,Cars,No Clouds,natural,Normal,basic,it is not determined yet,0,0,,
1597,1597,79532,102763,Sharjah,Civil Defense Center - Al -Sajaa,Police and traffic,8/1/2016,2016/08/01-10:58,2016/08/01-11:19,2016/08/01-11:21,8/1/2016 11:46,2016/08/01-11:58,2016/08/01-12:15,Transportation accidents,Deterioration,Trucks,Means of transport,Methods and transport facilities,Al -Malah Street,cooling,Missing,No Clouds,Road works,Normal,medium,it is not determined yet,0,0,,