,Unnamed: 0,rec_id,Accident number,Competent Department,Competent Center,Amount rating,Date of the accident,The date and time of the notification,Date and time of first arrival,Date and time of completion of control,End date and time of the operation,Departure date and time,Date and time of return to the center,Accident Group,Type of accident,Direct damage,Acccident scene category,Accident scene,Accident title,The band's work summary,Activity,Weather condition,Road condition,Priority level,Accident size,The cause of the accident,The number of injured people,The number of deaths in the public,The number of injured members of the force,The number of deaths of members of the force
1598,1598,79556,102787,Ras Al Khaimah,Civil Defense Center - Kadra,Police and traffic,8/2/2016,2016/08/02-17:30,2016/08/02-17:39,2016/08/02-18:06,8/2/2016 18:07,2016/08/02-18:14,2016/08/02-18:24,Transportation accidents,Clash,the person,Other places,Other places,Asfni Street,Ambulance and rescue,Missing,I did not specify,unclassified,unclassified,basic,Traffic accident,1,0,,
1599,1599,79614,102845,Ras Al Khaimah,Civil Defense Center - Kadra,Police and traffic,8/5/2016,2016/08/05-16:25,2016/08/05-16:36,2016/08/05-16:40,8/5/2016 16:46,2016/08/05-16:48,2016/08/05-17:14,Transportation accidents,Clash,the person,Public facilities and services,Public places and places,Shukka bridge to Melha,Rescue and transfer injured people,Missing,I did not specify,unclassified,unclassified,basic,Traffic accident,1,0,,
1600,1600,79663,102894,Umm Al Quwain,Civil Defense Center - Administration,Police and traffic,8/8/2016,2016/08/08-01:37,2016/08/08-01:42,2016/08/08-01:53,8/8/2016 2:00,2016/08/08-02:23,2016/08/08-02:35,Transportation accidents,Clash,Trucks,Means of transport,Methods and transport facilities,Emirates Street,Exit and transfer injured people,Stones,No Clouds,natural,Normal,medium,Traffic accident,1,0,,
1601,1601,79701,102932,Sharjah,Civil Defense Center - Al Dhaid,Police and traffic,8/10/2016,2016/08/10-04:56,2016/08/10-05:06,2016/08/10-05:08,8/10/2016 5:42,2016/08/10-05:48,2016/08/10-05:53,Transportation accidents,Clash,Cars,Means of transport,Methods and transport facilities,Maliha Street towards Sharjah,take actions,Missing,I did not specify,unclassified,unclassified,medium,it is not determined yet,6,2,,
1602,1602,79712,102943,Ras Al Khaimah,Civil Defense Center - Administration,Police and traffic,8/10/2016,2016/08/10-18:09,2016/08/10-18:11,2016/08/10-18:32,8/10/2016 18:36,2016/08/10-18:49,2016/08/10-19:00,Transportation accidents,One hundredth,Missing,Public facilities and services,Public places and places,Swan near camel field,Fire fighting,Missing,I did not specify,unclassified,unclassified,basic,it is not determined yet,0,0,,
1603,1603,79792,103023,Fujairah,Civil Defense Center - Masafi,Police and traffic,8/15/2016,2016/08/15-16:34,2016/08/15-16:49,2016/08/15-16:52,8/15/2016 16:53,2016/08/15-17:20,2016/08/15-17:40,Transportation accidents,Clash,Cars,Other places,Streets and squares,Ceiji area,Inspection,Missing,No Clouds,natural,Normal,basic,it is not determined yet,2,0,,
1604,1604,79834,103065,Sharjah,Civil Defense Center - Al -Sajaa,Police and traffic,8/17/2016,2016/08/17-21:54,2016/08/17-22:06,2016/08/17-22:08,8/17/2016 22:20,2016/08/17-22:25,2016/08/17-22:38,Transportation accidents,Deterioration,Cars,residential,residential,"Emirates Street, Al -Zubair Street",take actions,Missing,No Clouds,natural,Normal,Limited,it is not determined yet,0,0,,
1605,1605,79865,103096,Ras Al Khaimah,Civil Defense Center - Administration,Police and traffic,8/19/2016,2016/08/19-17:58,2016/08/19-18:05,2016/08/19-18:10,8/19/2016 18:24,2016/08/19-18:28,2016/08/19-18:33,Transportation accidents,Clash,Cars,Public facilities and services,Public places and places,Elvage ((in front of the Danube)),Fire fighting,Missing,No Clouds,natural,very important,basic,it is not determined yet,0,0,,
1606,1606,79874,103105,Sharjah,Civil Defense Center - Sunan,Police and traffic,8/20/2016,2016/08/20-11:05,2016/08/20-11:17,2016/08/20-11:19,8/20/2016 11:35,2016/08/20-11:45,2016/08/20-12:00,Transportation accidents,Clash,Cars,Means of transport,Methods and transport facilities,Al Dhaid Street between 4-5 intersection,Disturbing injured,Missing,No Clouds,natural,Normal,basic,it is not determined yet,1,0,,
1607,1607,79889,103120,Ras Al Khaimah,Civil Defense Center - Administration,Police and traffic,8/20/2016,2016/08/20-23:24,2016/08/20-23:28,2016/08/20-23:31,8/20/2016 23:44,2016/08/20-23:45,2016/08/20-23:50,Transportation accidents,Deterioration,the person,Other places,Streets and squares,Golan,rescue,Specific,No Clouds,natural,Important,basic,Traffic accident,0,0,,
1608,1608,79896,103127,Ras Al Khaimah,Civil Defense Center - Al -Jazeera Al -Hamra,Police and traffic,8/21/2016,2016/08/21-17:26,2016/08/21-17:32,2016/08/21-17:48,8/21/2016 17:49,2016/08/21-17:57,2016/08/21-18:10,Transportation accidents,Clash,the person,Means of transport,Methods and transport facilities,"Sheikh Mohammed bin Zayed Street, exit 119",He told,Missing,No Clouds,natural,Normal,basic,Traffic accident,1,0,,
1609,1609,79933,103164,Ajman,Civil Defense Center - Industrial,Police and traffic,8/23/2016,2016/08/23-18:05,2016/08/23-18:09,2016/08/23-18:20,8/23/2016 18:50,2016/08/23-18:55,2016/08/23-19:00,Transportation accidents,Deterioration,Petroleum,Means of transport,Methods and transport facilities,Near ADNOC Station,Being and preparing,Transmission,No Clouds,natural,Important,Limited,it is not determined yet,0,0,,
1610,1610,79967,103198,Ajman,Civil Defense Center - Al -Jarf,Military officers and members,8/25/2016,2016/08/25-11:15,2016/08/25-11:21,2016/08/25-11:27,8/25/2016 11:38,2016/08/25-11:44,2016/08/25-11:51,Transportation accidents,Deterioration,Trucks,governmental,governmental,Hamra,Removing dangerous materials,Missing,No Clouds,natural,Normal,basic,it is not determined yet,0,0,,
1611,1611,79992,103223,Fujairah,Civil Defense Center - Masafi,Police and traffic,8/26/2016,2016/08/26-16:10,2016/08/26-16:14,2016/08/26-16:15,8/26/2016 16:25,2016/08/26-16:30,2016/08/26-16:35,Transportation accidents,Clash,Cars,Means of transport,Methods and transport facilities,Fujairah /Thoban,take actions,Missing,I did not specify,unclassified,unclassified,medium,it is not determined yet,2,1,,
1612,1612,80001,103232,Abu Dhabi,Civil Defense Center - Mossafah M14,Police and traffic,8/27/2016,2016/08/27-12:49,2016/08/27-12:53,2016/08/27-12:57,8/27/2016 13:09,2016/08/27-13:17,2016/08/27-13:24,Transportation accidents,Clash,Cars,Industrial,Industrial,Saad Al -Mahri Garage M7,Fire control and cooling,garage,No Clouds,natural,Normal,basic,it is not determined yet,0,0,,
1613,1613,80038,103269,Ajman,Civil Defense Center - Al -Jarf,Police and traffic,8/29/2016,2016/08/29-03:37,2016/08/29-03:44,2016/08/29-03:49,8/29/2016 3:55,2016/08/29-04:03,2016/08/29-04:14,Transportation accidents,Clash,Cars,governmental,governmental,Hamriyah,He told,Cars,No Clouds,natural,Normal,basic,it is not determined yet,1,0,,
1614,1614,80039,103270,Sharjah,Civil Defense Center - Administration,Police and traffic,8/29/2016,2016/08/29-02:39,2016/08/29-02:48,2016/08/29-03:00,8/29/2016 3:30,2016/08/29-03:35,2016/08/29-03:41,Transportation accidents,Clash,Cars,Means of transport,Methods and transport facilities,Al -Azza near Al -Shaab Club,Disturbing injured,Missing,No Clouds,natural,Normal,basic,it is not determined yet,1,0,,
1615,1615,80041,103272,Eye,Civil Defense Center - Civil,Police and traffic,8/29/2016,2016/08/29-07:02,2016/08/29-07:10,2016/08/29-07:20,8/29/2016 7:35,2016/08/29-07:54,2016/08/29-08:00,Transportation accidents,Deterioration,Cars,Public facilities and services,Public places and places,Al -Alaiya Bridge in the northern Al -Yahr region towards Abu Dhabi,He told,Missing,No Clouds,natural,Important,medium,it is not determined yet,1,1,,
1616,1616,80073,103304,Ras Al Khaimah,Civil Defense Center - Al -Jazeera Al -Hamra,The audience,8/31/2016,2016/08/31-03:30,2016/08/31-03:38,2016/08/31-04:02,8/31/2016 4:04,2016/08/31-04:06,2016/08/31-04:15,Transportation accidents,Clash,the person,Public facilities and services,Public places and places,"Sheikh Mohammed bin Zayed Street, exit 119",He told,Missing,No Clouds,natural,Normal,basic,Traffic accident,1,0,,
1617,1617,80112,103343,Ras Al Khaimah,Civil Defense Center - Riffa,Police and traffic,9/2/2016,2016/09/02-01:45,2016/09/02-01:49,2016/09/02-01:52,9/2/2016 2:07,2016/09/02-02:09,2016/09/02-02:17,Transportation accidents,Clash,the person,Other places,Streets and squares,Southern,rescue,Specific,No Clouds,natural,Important,basic,Traffic accident,1,0,,
1618,1618,80132,103363,Fujairah,Civil Defense Center - Al -Taween,Police and traffic,9/2/2016,2016/09/02-22:56,2016/09/02-23:02,2016/09/02-23:06,9/2/2016 23:15,2016/09/02-23:25,2016/09/02-23:35,Transportation accidents,Deterioration,Cars,Public facilities and services,Public places and places,Fold,Exit and transfer injured people,Missing,No Clouds,natural,Important,basic,it is not determined yet,1,0,,
1619,1619,80157,103388,Ras Al Khaimah,Civil Defense Center - Al -Jazeera Al -Hamra,Police and traffic,9/4/2016,2016/09/04-02:31,2016/09/04-02:37,2016/09/04-02:45,9/4/2016 2:47,2016/09/04-03:02,2016/09/04-03:10,Transportation accidents,Deterioration,the person,governmental,governmental,The Red Island,Disturbing injured,Missing,I did not specify,unclassified,unclassified,medium,it is not determined yet,2,1,,
1620,1620,80200,103431,Dubai,Al -Lassili Center,Police and traffic,9/6/2016,2016/09/06-13:58,2016/09/06-14:04,2016/09/06-14:11,9/6/2016 14:20,2016/09/06-14:57,2016/09/06-15:10,Transportation accidents,A collision resulted in a fire,Missing,Means of transport,Methods and transport facilities,Dubai Al Ain Road after Lassi,Fire fighting,Missing,I did not specify,unclassified,unclassified,medium,it is not determined yet,2,1,,
1621,1621,80202,103433,Abu Dhabi,Civil Defense Center - Gentot,Police and traffic,9/6/2016,2016/09/06-12:54,2016/09/06-13:30,2016/09/06-13:51,9/6/2016 14:10,2016/09/06-14:22,2016/09/06-14:30,Transportation accidents,Shocked,Missing,Means of transport,Methods and transport facilities,"Sih Shuaib, truck road",Fire control and cooling,Missing,No Clouds,natural,Important,medium,it is not determined yet,0,1,,
1622,1622,80209,103440,Abu Dhabi,Civil Defense Center - Mossafah (M33),Police and traffic,9/6/2016,2016/09/06-13:14,2016/09/06-13:21,2016/09/06-13:32,9/6/2016 13:55,2016/09/06-15:44,2016/09/06-15:50,Transportation accidents,Clash,Missing,governmental,governmental,Truck road,Conquest,Missing,No Clouds,natural,Important,basic,it is not determined yet,1,0,,
1623,1623,80279,103510,Ras Al Khaimah,Civil Defense Center - Administration,Police and traffic,9/10/2016,2016/09/10-15:00,2016/09/10-15:06,2016/09/10-15:10,9/10/2016 15:12,2016/09/10-15:13,2016/09/10-15:20,Transportation accidents,One hundredth,the person,Other places,Other places,Shamal area - Popular Baluch Popular,Disturbing injured,Missing,No Clouds,natural,Normal,basic,Traffic accident,1,0,,
1624,1624,80304,103535,Ras Al Khaimah,Civil Defense Center - Kadra,Police and traffic,9/12/2016,2016/09/12-14:00,2016/09/12-14:08,2016/09/12-14:23,9/12/2016 14:36,2016/09/12-14:45,2016/09/12-15:01,Transportation accidents,Deterioration,Cars,Public facilities and services,Public places and places,Sheikh Khalifa Street towards Fujairah,Directing confined and transferring injured people,Missing,No Clouds,natural,Important,basic,Traffic accident,7,0,,
1625,1625,80314,103545,Ras Al Khaimah,Civil Defense Center - Northern Administration,Police and traffic,9/12/2016,2016/09/12-23:43,2016/09/12-23:49,2016/09/13-00:05,9/13/2016 0:11,2016/09/13-00:45,2016/09/13-00:51,Transportation accidents,Clash,Missing,Public facilities and services,Public places and places,Al -Rams area intersection signals,Disturbing injured,Missing,No Clouds,natural,very important,medium,it is not determined yet,4,1,,
1626,1626,80331,103562,Eye,Civil Defense Center - Nahel,Police and traffic,9/14/2016,2016/09/14-00:53,2016/09/14-00:58,2016/09/14-01:00,9/14/2016 1:17,2016/09/14-01:18,2016/09/14-01:26,Transportation accidents,Shocked,Cars,oil,oil,Nahel's fuel station,Fire cooling,Specific,No Clouds,natural,Normal,basic,it is not determined yet,0,0,,
1627,1627,80334,103565,Abu Dhabi,Civil Defense Center - Al -Falah (Al -Falah City),Police and traffic,9/14/2016,2016/09/14-05:47,2016/09/14-05:55,2016/09/14-06:04,9/14/2016 6:30,2016/09/14-06:35,2016/09/14-06:40,Transportation accidents,A deterioration resulted in a fire,Cars,Means of transport,Methods and transport facilities,Al -Falah area in the farmer roundabout,Fire fighting,Missing,No Clouds,natural,Normal,basic,it is not determined yet,0,0,,
1628,1628,80382,103613,Sharjah,Civil Defense Center - Al -Sajaa,Police and traffic,9/18/2016,2016/09/18-13:58,2016/09/18-14:04,2016/09/18-14:14,9/18/2016 14:30,2016/09/18-14:40,2016/09/18-14:50,Transportation accidents,Clash,Cars,governmental,governmental,7 intersection towards Al -Zubair.,rescue,Missing,I did not specify,unclassified,unclassified,basic,it is not determined yet,0,0,,
1629,1629,80386,103617,Abu Dhabi,Civil Defense Center - Shakhbout City,Police and traffic,9/18/2016,2016/09/18-17:40,2016/09/18-17:42,2016/09/18-17:47,9/18/2016 18:40,2016/09/18-18:49,2016/09/18-18:50,Transportation accidents,A deterioration resulted in a fire,Missing,governmental,governmental,"The city of Shakhbout, the circle opposite the center",Fire fighting and infected with an injured,Missing,No Clouds,natural,Normal,basic,it is not determined yet,1,0,,
1630,1630,80420,103651,Ras Al Khaimah,Civil Defense Center - Administration,The audience,9/21/2016,2016/09/21-08:51,2016/09/21-08:58,2016/09/21-09:01,9/21/2016 9:06,2016/09/21-09:09,2016/09/21-09:17,Transportation accidents,Clash,Cars,Public facilities and services,Public places and places,The area of reunion,Ambulance and rescue,Missing,No Clouds,unclassified,Normal,basic,Traffic accident,1,0,,
1631,1631,80427,103658,Sharjah,Civil Defense Center - Al Dhaid,Police and traffic,9/21/2016,2016/09/21-13:28,2016/09/21-13:42,2016/09/21-13:48,9/21/2016 14:00,2016/09/21-14:02,2016/09/21-14:15,Transportation accidents,Deterioration,Cars,Means of transport,Methods and transport facilities,High -end area,Disturbing injured,Missing,No Clouds,natural,Normal,basic,Traffic accident,1,0,,
1632,1632,80482,103713,Ras Al Khaimah,Civil Defense Center - Administration,Police and traffic,9/26/2016,2016/09/26-14:57,2016/09/26-14:58,2016/09/26-15:10,9/26/2016 15:30,2016/09/26-15:35,2016/09/26-15:40,Transportation accidents,Deterioration,the person,Other places,Other places,Missing,Fighting a large fire,Missing,I did not specify,unclassified,unclassified,basic,it is not determined yet,1,0,,
1633,1633,80498,103729,Abu Dhabi,Civil Defense Center - Al -Maqta,Police and traffic,9/27/2016,2016/09/27-07:57,2016/09/27-08:14,2016/09/27-08:20,9/27/2016 8:26,2016/09/27-08:29,2016/09/27-08:35,Transportation accidents,A collision resulted in a fire,Missing,Means of transport,Methods and transport facilities,Missing,cooling,Cars,No Clouds,unclassified,Normal,basic,it is not determined yet,0,0,,
1634,1634,80526,103757,Abu Dhabi,Civil Defense Center - Al -Qubaisat,Police and traffic,9/29/2016,2016/09/29-07:23,2016/09/29-07:35,2016/09/29-08:10,9/29/2016 8:25,2016/09/29-08:30,2016/09/29-08:37,Transportation accidents,Clash,Buses,Means of transport,Methods and transport facilities,After a browsed bridge towards the outside,existence,Missing,I did not specify,unclassified,unclassified,Limited,it is not determined yet,0,0,,
1635,1635,80557,103788,Sharjah,Civil Defense Center - Al Dhaid,Police and traffic,10/1/2016,2016/10/01-04:15,2016/10/01-04:30,2016/10/01-04:38,10/1/2016 4:45,2016/10/01-04:55,2016/10/01-05:10,Transportation accidents,Clash,Cars,governmental,governmental,Car grille,Fire fighting,Cars,No Clouds,natural,Normal,basic,it is not determined yet,0,0,,
1636,1636,80563,103794,Sharjah / Eastern Region,Civil Defense Center - Khor Fakkan,Police and traffic,10/1/2016,2016/10/01-14:37,2016/10/01-14:39,2016/10/01-16:45,10/1/2016 16:47,2016/10/01-16:49,2016/10/01-16:50,Transportation accidents,Deterioration,Trucks,Other places,Streets and squares,Khorfakkan / papyrus,Street cleaning from oils,Missing,No Clouds,natural,Normal,basic,it is not determined yet,0,0,,
1637,1637,80572,103803,Sharjah,Civil Defense Center - Sunan,Police and traffic,10/1/2016,2016/10/01-22:26,2016/10/01-22:30,2016/10/01-22:32,10/1/2016 22:45,2016/10/01-22:55,2016/10/01-22:58,Transportation accidents,Clash,Cars,Industrial,Industrial,Industrial areas 13 opposite Al -Shula School,Ambulance and rescue,Cars,No Clouds,natural,Normal,basic,Traffic accident,1,0,,
1638,1638,80596,103827,Eye,Civil Defense Center - Civil,Military officers and members,10/3/2016,2016/10/03-19:05,2016/10/03-19:09,2016/10/03-19:13,10/3/2016 19:45,2016/10/03-19:48,2016/10/03-19:59,Transportation accidents,Clash,Cars,Means of transport,Methods and transport facilities,Ayda Road _ Al Ain,Disturbing injured,Specific,I did not specify,unclassified,Normal,basic,it is not determined yet,1,0,,
1639,1639,80603,103834,Sharjah,Civil Defense Center - Al Dhaid,Police and traffic,10/4/2016,2016/10/04-16:40,2016/10/04-16:48,2016/10/04-16:50,10/4/2016 16:55,2016/10/04-17:08,2016/10/04-17:22,Transportation accidents,Clash,Cars,Means of transport,Methods and transport facilities,Al -Madam Al -Badayer Road,rescue,Cars,Rains,natural,Normal,basic,Traffic accident,1,0,,
1640,1640,80620,103851,Fujairah,Civil Defense Center - Administration,The audience,10/5/2016,2016/10/05-11:40,2016/10/05-11:43,2016/10/05-11:45,10/5/2016 11:46,2016/10/05-11:48,2016/10/05-11:50,Transportation accidents,One hundredth,Trucks,Industrial,Industrial,Free Zone - I will,Inspection,Missing,I did not specify,unclassified,unclassified,Limited,it is not determined yet,0,0,,
1641,1641,80641,103872,Ajman,Civil Defense Center - Al -Jarf,Police and traffic,10/6/2016,2016/10/06-21:10,2016/10/06-21:24,2016/10/06-21:34,10/6/2016 21:47,2016/10/06-21:55,2016/10/06-22:17,Transportation accidents,Clash,Cars,Means of transport,Methods and transport facilities,Missing,take actions,Missing,No Clouds,natural,Normal,Limited,it is not determined yet,0,0,,
1642,1642,80653,103884,Abu Dhabi,Civil Defense Center - City,Police and traffic,10/7/2016,2016/10/07-17:43,2016/10/07-17:49,2016/10/07-17:55,10/7/2016 18:00,2016/10/07-18:05,2016/10/07-18:10,Transportation accidents,Clash,Cars,governmental,governmental,Behind Hamed Center,Talent,Missing,No Clouds,natural,Normal,Limited,it is not determined yet,0,0,,
1643,1643,80703,103934,Abu Dhabi,Civil Defense Center - Al -Shahama,Police and traffic,10/10/2016,2016/10/10-13:49,2016/10/10-13:58,2016/10/10-14:08,10/10/2016 14:22,2016/10/10-14:30,2016/10/10-14:41,Transportation accidents,Shocked,Missing,Other places,Streets and squares,The spacious area,Fire control and cooling,Missing,No Clouds,natural,Normal,basic,it is not determined yet,0,0,,
1644,1644,80707,103938,Sharjah,Civil Defense Center - Al -Sajaa,Other parties,10/10/2016,2016/10/10-23:54,2016/10/11-00:00,2016/10/11-00:05,10/11/2016 0:50,2016/10/11-01:13,2016/10/11-01:20,Transportation accidents,Clash,Cars,Means of transport,car,Emirates Street near Al -Zubair,rescue,Cars,No Clouds,natural,Normal,basic,Traffic accident,1,0,,
1645,1645,80727,103958,Fujairah,Civil Defense Center - Al -Madinah,Police and traffic,10/12/2016,2016/10/12-11:25,2016/10/12-11:34,2016/10/12-11:36,10/12/2016 11:37,2016/10/12-11:41,2016/10/12-12:00,Transportation accidents,Clash,Cars,Industrial,Industrial,Al -Fajr /Al -Hail area,take actions,Missing,No Clouds,natural,Normal,Limited,it is not determined yet,0,0,,
1646,1646,80751,103982,Ras Al Khaimah,Civil Defense Center - Kadra,Police and traffic,10/13/2016,2016/10/13-21:48,2016/10/13-21:57,2016/10/13-22:00,10/13/2016 22:10,2016/10/13-22:11,2016/10/13-22:34,Transportation accidents,Clash,Cars,Other places,Streets and squares,Shawka road towards Mleiha,rescue,Specific,No Clouds,natural,very important,basic,Traffic accident,1,0,,
1647,1647,80753,103984,Ras Al Khaimah,Civil Defense Center - Administration,Police and traffic,10/13/2016,2016/10/13-23:44,2016/10/13-23:48,2016/10/13-23:50,10/13/2016 23:58,2016/10/14-00:00,2016/10/14-00:08,Transportation accidents,Deterioration,the person,Other places,Streets and squares,Khuzam area near the intersection of the Ras Al Khaimah Hotel,Ambulance and rescue,Specific,No Clouds,natural,Important,basic,Traffic accident,0,0,,
1648,1648,80776,104007,Umm Al Quwain,Patch Center,The audience,10/15/2016,2016/10/15-02:50,2016/10/15-02:56,2016/10/15-03:11,10/15/2016 3:23,2016/10/15-03:34,2016/10/15-03:39,Transportation accidents,Shocked,Cars,Means of transport,Methods and transport facilities,Kabir area,Fire control and cooling,Missing,No Clouds,natural,Important,basic,it is not determined yet,0,0,,
1649,1649,80784,104015,Ajman,Civil Defense Center - Administration,Military officers and members,10/16/2016,2016/10/16-08:27,2016/10/16-08:31,2016/10/16-08:35,10/16/2016 8:45,2016/10/16-08:46,2016/10/16-08:50,Transportation accidents,Deterioration,Cars,Means of transport,Methods and transport facilities,Misheerf Commercial Zone,Ambulance and rescue,Missing,No Clouds,natural,Normal,basic,Traffic accident,1,0,,
1650,1650,80787,104018,Sharjah,Civil Defense Center - Al -Sajaa,Police and traffic,10/16/2016,2016/10/16-11:34,2016/10/16-11:44,2016/10/16-11:58,10/16/2016 12:15,2016/10/16-12:20,2016/10/16-12:35,Transportation accidents,Clash,Cars,Means of transport,Methods and transport facilities,Al -Batayeh area,rescue,Cars,No Clouds,natural,Normal,medium,Traffic accident,3,0,,
1651,1651,80801,104032,Abu Dhabi,Civil Defense Center - Al -Shamkha,Police and traffic,10/17/2016,2016/10/17-13:17,2016/10/17-13:23,2016/10/17-13:24,10/17/2016 13:25,2016/10/17-13:51,2016/10/17-14:09,Transportation accidents,Shocked,Cars,Means of transport,Methods and transport facilities,Missing,Fire inspection,Cars,I did not specify,unclassified,unclassified,Limited,it is not determined yet,0,0,,
1652,1652,80817,104048,Abu Dhabi,Rapid Intervention Center - Mohammed bin Zayed,Police and traffic,10/18/2016,2016/10/18-09:25,2016/10/18-09:37,2016/10/18-09:44,10/18/2016 9:49,2016/10/18-09:53,2016/10/18-10:16,Transportation accidents,Deterioration,Missing,Other places,Other places,Bridge bridge Alfaya towards Abu Dhabi,Disturbing injured,Missing,No Clouds,natural,Normal,basic,Traffic accident,1,0,,
1653,1653,80820,104051,Abu Dhabi,Civil Defense Center - Al -Shahama,Police and traffic,10/18/2016,2016/10/18-09:25,2016/10/18-09:31,2016/10/18-10:06,10/18/2016 10:12,2016/10/18-10:17,2016/10/18-10:22,Transportation accidents,Clash,Cars,Means of transport,Methods and transport facilities,The main street is in the direction of Abu Dhabi before Al -Rahba Hospital,Inspection,Missing,No Clouds,natural,Normal,basic,it is not determined yet,1,0,,
1654,1654,80860,104091,Abu Dhabi,Civil Defense Center - Al -Maqta,Police and traffic,10/19/2016,2016/10/19-18:21,2016/10/19-18:32,2016/10/19-18:36,10/19/2016 19:00,2016/10/19-19:14,2016/10/19-19:20,Transportation accidents,Clash,Cars,Means of transport,Methods and transport facilities,Near the Umm Al -Nar Bridge towards Abu Dhabi,Being and preparing,Missing,I did not specify,unclassified,unclassified,basic,it is not determined yet,2,0,,
1655,1655,80869,104100,Ajman,Civil Defense Center - Industrial,The audience,10/20/2016,2016/10/20-13:03,2016/10/20-13:08,2016/10/20-13:20,10/20/2016 13:25,2016/10/20-13:31,2016/10/20-13:36,Transportation accidents,Clash,Cars,Means of transport,Methods and transport facilities,Kindergarten,Inspection,Missing,I did not specify,unclassified,unclassified,basic,it is not determined yet,1,0,,
1656,1656,80897,104128,Abu Dhabi,Civil Defense Center - Mafraq,Police and traffic,10/22/2016,2016/10/22-20:49,2016/10/22-20:58,2016/10/22-21:14,10/22/2016 21:45,2016/10/22-21:48,2016/10/22-21:55,Transportation accidents,Clash,Cars,Means of transport,Methods and transport facilities,Missing,existence,Missing,I did not specify,natural,Normal,medium,it is not determined yet,0,0,,
1657,1657,80899,104130,Sharjah,Civil Defense Center - Administration,Police and traffic,10/22/2016,2016/10/22-23:05,2016/10/22-23:13,2016/10/22-23:14,10/22/2016 23:16,2016/10/22-23:17,2016/10/22-23:25,Transportation accidents,Clash,Cars,Means of transport,Methods and transport facilities,Al -Murqab area towards Ajman,Fire fighting,Missing,No Clouds,natural,Normal,basic,it is not determined yet,0,0,,
1658,1658,80906,104137,Abu Dhabi,Civil Defense Center - Al -Maqta,Police and traffic,10/24/2016,2016/10/24-01:28,2016/10/24-01:35,2016/10/24-02:15,10/24/2016 2:20,2016/10/24-02:25,2016/10/24-02:30,Transportation accidents,Deterioration,Cars,Public facilities and services,Public places and places,"Between the two bridges, above the bridge, the palm tree, directed by the Mafraq",Ambulance and transfer of a person,Cars,No Clouds,natural,Important,basic,it is not determined yet,1,0,,
1659,1659,80941,104172,Abu Dhabi,Yas Island Center,Police and traffic,10/26/2016,2016/10/26-08:54,2016/10/26-08:59,2016/10/26-10:05,10/26/2016 10:10,2016/10/26-10:15,2016/10/26-10:20,Transportation accidents,Clash,Cars,governmental,governmental,Yass Island,Inspection,Missing,No Clouds,natural,Normal,Limited,it is not determined yet,0,0,,
1660,1660,80944,104175,Abu Dhabi,Civil Defense Center - Shakhbout City,Police and traffic,10/26/2016,2016/10/26-12:21,2016/10/26-12:55,2016/10/26-13:40,10/26/2016 13:45,2016/10/26-13:50,2016/10/26-14:15,Transportation accidents,Clash,Cars,governmental,governmental,Near Al Dhafra Air Force Base,Directing bodies and confined,Missing,No Clouds,Crowded,Normal,medium,it is not determined yet,1,1,,
1661,1661,80945,104176,Sharjah,Civil Defense Center - Al -Sajaa,Police and traffic,10/26/2016,2016/10/26-14:21,2016/10/26-14:29,2016/10/26-14:31,10/26/2016 14:54,2016/10/26-14:59,2016/10/26-15:07,Transportation accidents,A collision resulted in a fire,Trucks,Means of transport,Methods and transport facilities,Emirates Street from Al -Zubair to Bridge 7,Fire combat and rescue,Transmission,No Clouds,natural,Normal,basic,it is not determined yet,1,0,,
1662,1662,80957,104188,Sharjah,Civil Defense Center - Mawlh,The audience,10/27/2016,2016/10/27-11:53,2016/10/27-12:00,2016/10/27-12:03,10/27/2016 12:04,2016/10/27-12:05,2016/10/27-12:13,Transportation accidents,One hundredth,Cars,Public facilities and services,Public places and places,Mawlh,take actions,Cars,No Clouds,natural,Normal,Limited,it is not determined yet,0,0,,
1663,1663,80962,104193,Fujairah,Civil Defense Center - Masafi,The audience,10/27/2016,2016/10/27-16:33,2016/10/27-16:39,2016/10/27-16:41,10/27/2016 17:25,2016/10/27-17:30,2016/10/27-17:40,Transportation accidents,Deterioration,Trucks,Means of transport,Methods and transport facilities,Image,Talent,Missing,No Clouds,natural,unclassified,Limited,it is not determined yet,0,0,,
1664,1664,80965,104196,Sharjah,Civil Defense Center - Al Dhaid,Police and traffic,10/27/2016,2016/10/27-16:28,2016/10/27-16:30,2016/10/27-16:32,10/27/2016 16:33,2016/10/27-16:34,2016/10/27-16:35,Transportation accidents,Clash,Missing,Means of transport,Methods and transport facilities,Missing,take actions,Cars,No Clouds,natural,Normal,Limited,it is not determined yet,0,0,,