,Unnamed: 0,rec_id,Accident number,Competent Department,Competent Center,Amount rating,Date of the accident,The date and time of the notification,Date and time of first arrival,Date and time of completion of control,End date and time of the operation,Departure date and time,Date and time of return to the center,Accident Group,Type of accident,Direct damage,Acccident scene category,Accident scene,Accident title,The band's work summary,Activity,Weather condition,Road condition,Priority level,Accident size,The cause of the accident,The number of injured people,The number of deaths in the public,The number of injured members of the force,The number of deaths of members of the force
1665,1665,80978,104209,Ras Al Khaimah,Civil Defense Center - Kadra,Police and traffic,10/28/2016,2016/10/28-13:16,2016/10/28-13:28,2016/10/28-13:37,10/28/2016 13:49,2016/10/28-13:51,2016/10/28-14:13,Transportation accidents,Clash,Cars,Other places,Streets and squares,Shawka Street towards Al -Munai’i,Separation of a battery,Specific,No Clouds,natural,Important,basic,Traffic accident,0,0,,
1666,1666,80984,104215,Ajman,Civil Defense Center - Industrial,Police and traffic,10/28/2016,2016/10/28-18:51,2016/10/28-18:57,2016/10/28-19:08,10/28/2016 19:43,2016/10/28-20:03,2016/10/28-20:10,Transportation accidents,Clash,Cars,Other places,Other places,Sheikh Mohammed bin Zayed Street,rescue,Missing,No Clouds,natural,very important,medium,it is not determined yet,2,1,,
1667,1667,80989,104220,Umm Al Quwain,Patch Center,Police and traffic,10/29/2016,2016/10/29-08:02,2016/10/29-08:07,2016/10/29-08:12,10/29/2016 8:15,2016/10/29-08:40,2016/10/29-08:52,Transportation accidents,A collision resulted in a fire,Cars,Means of transport,Methods and transport facilities,The navel bridge,Fire control and cooling,Cars,No Clouds,natural,Normal,basic,Traffic accident,1,0,,
1668,1668,81028,104259,Abu Dhabi,Civil Defense Center - Mossafah (M33),Police and traffic,10/31/2016,2016/10/31-20:53,2016/10/31-20:55,2016/10/31-21:18,10/31/2016 21:25,2016/10/31-22:00,2016/10/31-22:03,Transportation accidents,Clash,Missing,Means of transport,Methods and transport facilities,Missing,Fire fighting,Missing,I did not specify,unclassified,very important,basic,it is not determined yet,0,0,,
1669,1669,81045,104276,Ras Al Khaimah,Civil Defense Center - Administration,Police and traffic,11/2/2016,2016/11/02-03:00,2016/11/02-03:04,2016/11/02-03:18,11/2/2016 3:24,2016/11/02-03:25,2016/11/02-03:34,Transportation accidents,One hundredth,Cars,Means of transport,Methods and transport facilities,Al -Uraibi area,Ambulance and rescue,Missing,I did not specify,natural,very important,medium,it is not determined yet,1,1,,
1670,1670,81048,104279,Abu Dhabi,Civil Defense Center - Al -Maqta,Police and traffic,11/2/2016,2016/11/02-01:45,2016/11/02-01:48,2016/11/02-01:53,11/2/2016 1:59,2016/11/02-02:34,2016/11/02-02:42,Transportation accidents,Clash,Cars,Means of transport,car,Arabian Gulf Street towards Mossafah at the Emirates Gate,Fire control and cooling,Cars,No Clouds,Crowded,very important,basic,Traffic accident,1,0,,
1671,1671,81049,104280,Abu Dhabi,Civil Defense Center - Al Samha,Police and traffic,11/2/2016,2016/11/02-08:36,2016/11/02-08:43,2016/11/02-08:45,11/2/2016 8:50,2016/11/02-08:52,2016/11/02-08:57,Transportation accidents,Clash,Cars,Means of transport,car,On the Dubai Road towards Abu Dhabi,take actions,Cars,No Clouds,natural,Normal,Limited,it is not determined yet,0,0,,
1672,1672,81059,104290,Eye,Civil Defense Center - Al -Hir,Police and traffic,11/2/2016,2016/11/02-21:53,2016/11/02-21:58,2016/11/02-22:03,11/2/2016 22:22,2016/11/02-22:35,2016/11/02-22:45,Transportation accidents,Clash,Cars,Means of transport,Methods and transport facilities,Dubai Road / Al Ain,Fire control and cooling,Transmission,No Clouds,natural,Normal,basic,it is not determined yet,1,0,,
1673,1673,81065,104296,Ras Al Khaimah,Civil Defense Center - Kadra,Police and traffic,11/3/2016,2016/11/03-07:37,2016/11/03-07:50,2016/11/03-07:53,11/3/2016 8:00,2016/11/03-08:02,2016/11/03-09:19,Transportation accidents,Clash,Cars,Other places,Streets and squares,Kadra the way of Mleiha's kidneys,Separation of a battery,Specific,No Clouds,natural,Important,basic,Traffic accident,0,0,,
1674,1674,81072,104303,Fujairah,Civil Defense Center - Dibba,Police and traffic,11/3/2016,2016/11/03-13:09,2016/11/03-13:13,2016/11/03-13:20,11/3/2016 13:22,2016/11/03-13:24,2016/11/03-13:25,Transportation accidents,Clash,Cars,Means of transport,Methods and transport facilities,Dibba / response,Rescue and transfer injured people,Missing,No Clouds,natural,unclassified,basic,it is not determined yet,1,0,,
1675,1675,81116,104347,Fujairah,Civil Defense Center - Administration,Police and traffic,11/6/2016,2016/11/06-05:37,2016/11/06-05:40,2016/11/06-06:00,11/6/2016 6:05,2016/11/06-06:45,2016/11/06-06:55,Transportation accidents,Clash,Trucks,Public facilities and services,Public places and places,Al -Fajr port signals,Directing confined and transferring injured people,Lump,No Clouds,natural,unclassified,basic,it is not determined yet,1,0,,
1676,1676,81129,104360,Ras Al Khaimah,Civil Defense Center - Kadra,Police and traffic,11/7/2016,2016/11/07-01:25,2016/11/07-01:40,2016/11/07-01:43,11/7/2016 1:55,2016/11/07-01:56,2016/11/07-02:13,Transportation accidents,Clash,Trucks,Other places,Other places,Asfni area near fork crushers,existence,Specific,No Clouds,natural,Normal,Limited,Traffic accident,0,0,,
1677,1677,81135,104366,Abu Dhabi,Civil Defense Center - Al -Falah (Al -Falah City),Police and traffic,11/7/2016,2016/11/07-07:23,2016/11/07-07:40,2016/11/07-07:46,11/7/2016 8:00,2016/11/07-08:03,2016/11/07-08:17,Transportation accidents,Deterioration,trailer,governmental,governmental,Sweihan Road towards Abu Dhabi,Sand -dropped oil coverage,Transmission,No Clouds,natural,Normal,basic,it is not determined yet,0,0,,
1678,1678,81167,104398,Abu Dhabi,Civil Defense Center - Al -Falah (Al -Falah City),Police and traffic,11/8/2016,2016/11/08-21:11,2016/11/08-21:20,2016/11/08-21:42,11/8/2016 22:15,2016/11/08-22:20,2016/11/08-22:25,Transportation accidents,Clash,Cars,governmental,governmental,Above the airport bridge towards Sweihan,Disturbing injured,Missing,No Clouds,natural,Normal,basic,it is not determined yet,3,0,,
1679,1679,81172,104403,Fujairah,Civil Defense Center - Dibba,Police and traffic,11/9/2016,2016/11/09-09:00,2016/11/09-09:14,2016/11/09-09:19,11/9/2016 9:29,2016/11/09-09:39,2016/11/09-09:44,Transportation accidents,Clash,Cars,Means of transport,Methods and transport facilities,The area of prayer,Transfer,Missing,No Clouds,natural,Normal,basic,Traffic accident,2,0,,
1680,1680,81173,104404,Ras Al Khaimah,Civil Defense Center - Kadra,Police and traffic,11/9/2016,2016/11/09-09:52,2016/11/09-10:00,2016/11/09-10:03,11/9/2016 10:06,2016/11/09-10:08,2016/11/09-10:19,Transportation accidents,Deterioration,Cars,Other places,Other places,Kadra towards Seiji,existence,Specific,No Clouds,natural,Normal,Limited,Traffic accident,0,0,,
1681,1681,81177,104408,Ras Al Khaimah,Civil Defense Center - Northern Administration,Police and traffic,11/9/2016,2016/11/09-14:09,2016/11/09-14:14,2016/11/09-14:19,11/9/2016 14:23,2016/11/09-14:25,2016/11/09-14:47,Transportation accidents,Clash,Missing,Other places,Other places,Street included towards the whispering,rescue,Missing,I did not specify,unclassified,unclassified,basic,it is not determined yet,2,0,,
1682,1682,81229,104460,Ras Al Khaimah,Civil Defense Center - Administration,Police and traffic,11/13/2016,2016/11/13-00:57,2016/11/13-01:07,2016/11/13-01:10,11/13/2016 4:10,2016/11/13-04:12,2016/11/13-04:20,Transportation accidents,Clash,Trucks,Other places,Streets and squares,Destruction near Saqr Park,Rescue people,Specific,No Clouds,natural,very important,basic,Traffic accident,0,0,,
1683,1683,81231,104462,Fujairah,Civil Defense Center - Administration,Military officers and members,11/13/2016,2016/11/13-08:07,2016/11/13-08:09,2016/11/13-08:11,11/13/2016 8:13,2016/11/13-08:15,2016/11/13-08:17,Transportation accidents,Clash,Cars,Other places,Streets and squares,You will be,Separation of a battery,Missing,No Clouds,natural,Normal,basic,Traffic accident,1,0,,
1684,1684,81246,104477,Abu Dhabi,Civil Defense Center - Al -Shamkha,Police and traffic,11/14/2016,2016/11/14-09:47,2016/11/14-10:01,2016/11/14-10:12,11/14/2016 10:49,2016/11/14-10:55,2016/11/14-11:10,Transportation accidents,Clash,Cars,Means of transport,car,South Al -Shamkha / Behind the cemetery,Disturbing injured,Cars,No Clouds,natural,Important,basic,it is not determined yet,3,0,,
1685,1685,81255,104486,Sharjah,Civil Defense Center - Mawlh,The audience,11/14/2016,2016/11/14-16:41,2016/11/14-16:47,2016/11/14-16:49,11/14/2016 17:20,2016/11/14-17:22,2016/11/14-17:30,Transportation accidents,Deterioration,load,Public facilities and services,Public places and places,Sheikh Mohammed bin Zayed Street,Being and preparing,Missing,No Clouds,Crowded,Normal,Limited,it is not determined yet,0,0,,
1686,1686,81260,104491,Sharjah,Civil Defense Center - Al -Sajaa,Police and traffic,11/15/2016,2016/11/15-05:49,2016/11/15-05:57,2016/11/15-06:01,11/15/2016 6:08,2016/11/15-06:15,2016/11/15-06:20,Transportation accidents,A collision resulted in a fire,Cars,governmental,governmental,"Near the university city, Mouileh Street",cooling,Missing,I did not specify,unclassified,unclassified,basic,it is not determined yet,0,0,,
1687,1687,81270,104501,Ras Al Khaimah,Civil Defense Center - Al -Jazeera Al -Hamra,Police and traffic,11/16/2016,2016/11/16-07:35,2016/11/16-07:39,2016/11/16-07:42,11/16/2016 7:43,2016/11/16-07:45,2016/11/16-07:56,Transportation accidents,Deterioration,Missing,Other places,Other places,The Red Island,take actions,Missing,I did not specify,unclassified,unclassified,Limited,it is not determined yet,0,0,,
1688,1688,81286,104517,Abu Dhabi,Civil Defense Center - Al Samha,Police and traffic,11/16/2016,2016/11/16-22:28,2016/11/16-22:35,2016/11/16-22:40,11/17/2016 1:20,2016/11/17-01:30,2016/11/17-01:40,Transportation accidents,Clash,Cars,governmental,governmental,Near the new ADNOC Al -Sumaih station,existence,Missing,No Clouds,natural,Normal,medium,it is not determined yet,4,1,,
1689,1689,81348,104579,Dubai,Federation Center,Civil defense departments and centers,11/21/2016,2016/11/21-09:03,2016/11/21-09:05,2016/11/21-09:10,11/21/2016 9:15,2016/11/21-09:20,2016/11/21-09:29,Transportation accidents,Clash,Cars,Means of transport,Methods and transport facilities,"Bur Dubai - Zabeel, the intersection of the commercial center",Rescue people,Missing,No Clouds,natural,Normal,basic,it is not determined yet,2,0,,
1690,1690,81357,104588,Fujairah,Civil Defense Center - Al -Taween,Police and traffic,11/22/2016,2016/11/22-14:51,2016/11/22-14:55,2016/11/22-14:58,11/22/2016 15:00,2016/11/22-15:40,2016/11/22-15:45,Transportation accidents,Clash,Cars,Public facilities and services,Public places and places,Al -Tawyin Internal Street,take actions,Missing,No Clouds,natural,unclassified,basic,it is not determined yet,3,0,,
1691,1691,81372,104603,Ras Al Khaimah,Civil Defense Center - Administration,Police and traffic,11/23/2016,2016/11/23-17:10,2016/11/23-17:16,2016/11/23-17:32,11/23/2016 17:39,2016/11/23-17:54,2016/11/23-18:00,Transportation accidents,Deterioration,Cars,Other places,Streets and squares,Whisper,rescue,Missing,No Clouds,natural,Important,basic,it is not determined yet,1,0,,
1692,1692,81384,104615,Sharjah,Civil Defense Center - Sunan,Civil defense departments and centers,11/24/2016,2016/11/24-14:53,2016/11/24-15:07,2016/11/24-15:10,11/24/2016 15:12,2016/11/24-15:16,2016/11/24-15:34,Transportation accidents,Deterioration,Cars,Means of transport,Methods and transport facilities,Sheikh Mohammed bin Zayed Street near the reserve,existence,Cars,Clouds,natural,Normal,basic,Traffic accident,1,0,,
1693,1693,81385,104616,Sharjah,Madame Unit,Police and traffic,11/24/2016,2016/11/24-16:43,2016/11/24-16:55,2016/11/24-17:00,11/24/2016 17:45,2016/11/24-18:00,2016/11/24-18:15,Transportation accidents,Clash,Cars,Means of transport,Methods and transport facilities,Al -Faya Road,rescue,Cars,Clouds,natural,Normal,medium,Traffic accident,1,1,,
1694,1694,81429,104660,Fujairah,Civil Defense Center - Al -Madinah,Police and traffic,11/27/2016,2016/11/27-20:06,2016/11/27-20:10,2016/11/27-20:13,11/27/2016 20:18,2016/11/27-20:30,2016/11/27-20:35,Transportation accidents,Clash,Cars,Means of transport,Methods and transport facilities,Station,Disturbing injured,Missing,I did not specify,unclassified,unclassified,basic,it is not determined yet,0,0,,
1695,1695,81434,104665,Abu Dhabi,Civil Defense Center - Al -Mina Street,The audience,11/28/2016,2016/11/28-05:40,2016/11/28-05:42,2016/11/28-05:44,11/28/2016 5:50,2016/11/28-05:58,2016/11/28-06:00,Transportation accidents,One hundredth,Cars,Means of transport,Methods and transport facilities,Corniche Street near the French base,Carrying a car,Cars,No Clouds,natural,Important,basic,it is not determined yet,0,0,,
1696,1696,81435,104666,Dubai,Al -Rashidiya Center,Police and traffic,11/28/2016,2016/11/28-10:22,2016/11/28-10:45,2016/11/28-11:30,11/28/2016 11:45,2016/11/28-11:49,2016/11/28-12:35,Transportation accidents,Deterioration,Trucks,Means of transport,Truck,Deira - Emirates Street Exit Al -Awir,Being and preparing,Transmission,No Clouds,natural,Normal,Limited,it is not determined yet,0,0,,
1697,1697,81437,104668,Fujairah,Civil Defense Center - Al -Madinah,Police and traffic,11/28/2016,2016/11/28-13:01,2016/11/28-13:38,2016/11/28-13:41,11/28/2016 13:48,2016/11/28-13:53,2016/11/28-14:00,Transportation accidents,Deterioration,Missing,Public facilities and services,Public places and places,Missing,take actions,Missing,No Clouds,natural,unclassified,Limited,it is not determined yet,0,0,,
1698,1698,81467,104698,Fujairah,Civil Defense Center - Administration,Police and traffic,11/30/2016,2016/11/30-18:11,2016/11/30-18:23,2016/11/30-18:25,11/30/2016 18:35,2016/11/30-18:50,2016/11/30-19:10,Transportation accidents,Clash,Missing,Means of transport,Methods and transport facilities,Sample,Separation of a battery,Missing,I did not specify,unclassified,unclassified,basic,it is not determined yet,0,0,,
1699,1699,81493,104724,Abu Dhabi,Civil Defense Center - Gentot,Police and traffic,12/2/2016,2016/12/02-15:06,2016/12/02-15:12,2016/12/02-15:19,12/2/2016 15:34,2016/12/02-15:39,2016/12/02-15:43,Transportation accidents,Clash,Cars,governmental,governmental,After the Gentut Bridge towards the interior,existence,Missing,No Clouds,natural,Normal,Limited,it is not determined yet,0,0,,
1700,1700,81516,104747,Fujairah,Civil Defense Center - Al -Madinah,Police and traffic,12/4/2016,2016/12/04-06:27,2016/12/04-06:39,2016/12/04-06:45,12/4/2016 6:50,2016/12/04-06:52,2016/12/04-07:08,Transportation accidents,Clash,Missing,Means of transport,car,The trick area,Disturbing injured,Missing,No Clouds,natural,unclassified,basic,it is not determined yet,1,0,,
1701,1701,81546,104777,Ras Al Khaimah,Civil Defense Center - Riffa,Police and traffic,12/6/2016,2016/12/06-07:10,2016/12/06-07:14,2016/12/06-07:22,12/6/2016 7:24,2016/12/06-07:25,2016/12/06-07:29,Transportation accidents,Clash,Cars,Other places,Other places,Missing,existence,Missing,fog,natural,Normal,Limited,it is not determined yet,0,0,,
1702,1702,81547,104778,Ajman,Civil Defense Center - Al -Jarf,Military officers and members,12/6/2016,2016/12/06-07:13,2016/12/06-07:19,2016/12/06-07:22,12/6/2016 7:28,2016/12/06-07:37,2016/12/06-07:44,Transportation accidents,Clash,Missing,Other places,Streets and squares,Al -Jarf area near Al -Zawraa Roundabout,Rescue and transfer injured people,Missing,fog,natural,Normal,basic,it is not determined yet,1,0,,
1703,1703,81557,104788,Ajman,Civil Defense Center - Industrial,Police and traffic,12/6/2016,2016/12/06-20:23,2016/12/06-20:30,2016/12/06-20:34,12/6/2016 20:39,2016/12/06-20:43,2016/12/06-20:49,Transportation accidents,Clash,Cars,Other places,Other places,Al -Talla area near the Hajar Mosque,rescue,Missing,No Clouds,natural,Normal,basic,it is not determined yet,1,0,,
1704,1704,81563,104794,Al Dhafra,Civil Defense Center - commodities,Police and traffic,12/7/2016,2016/12/07-09:31,2016/12/07-09:40,2016/12/07-09:42,12/7/2016 9:45,2016/12/07-09:47,2016/12/07-10:15,Transportation accidents,A deterioration resulted in a fire,Cars,governmental,governmental,A report stating that there is a car burning at the camel race,Fire control and cooling,Have the field,I did not specify,unclassified,Normal,basic,it is not determined yet,0,0,,
1705,1705,81568,104799,Sharjah / Eastern Region,Civil Defense Center - Kalba,Police and traffic,12/8/2016,2016/12/08-11:23,2016/12/08-11:34,2016/12/08-11:37,12/8/2016 11:40,2016/12/08-11:45,2016/12/08-11:58,Transportation accidents,Deterioration,Cars,Other places,Streets and squares,Holocaust Street towards or on,Inspection,Cars,No Clouds,natural,Important,Limited,it is not determined yet,0,0,,
1706,1706,81581,104812,Sharjah,Civil Defense Center - Sunan,Police and traffic,12/9/2016,2016/12/09-00:35,2016/12/09-00:43,2016/12/09-00:48,12/9/2016 0:54,2016/12/09-00:59,2016/12/09-01:04,Transportation accidents,A collision resulted in a fire,Cars,governmental,governmental,One intersection in your direction to the intersection of two near a school,Fire fighting,Missing,I did not specify,unclassified,unclassified,basic,it is not determined yet,0,0,,
1707,1707,81585,104816,Eye,Civil Defense Center - Al -Faqa,Police and traffic,12/9/2016,2016/12/09-14:44,2016/12/09-14:52,2016/12/09-14:55,12/9/2016 15:47,2016/12/09-15:55,2016/12/09-16:00,Transportation accidents,Deterioration,Cars,Means of transport,car,Before the Al Ain Petroleum Petroleum Station towards Dubai,Separation of a battery,Specific,No Clouds,natural,Normal,medium,it is not determined yet,3,2,,
1708,1708,81587,104818,Ras Al Khaimah,Civil Defense Center - Administration,Police and traffic,12/9/2016,2016/12/09-17:35,2016/12/09-17:41,2016/12/09-17:44,12/9/2016 17:45,2016/12/09-17:46,2016/12/09-17:52,Transportation accidents,Clash,Cars,Public facilities and services,Public places and places,Stagnation,Inspection,Missing,I did not specify,unclassified,unclassified,Limited,it is not determined yet,0,0,,
1709,1709,81590,104821,Ras Al Khaimah,Civil Defense Center - Riffa,Police and traffic,12/9/2016,2016/12/09-22:40,2016/12/09-22:45,2016/12/09-22:49,12/9/2016 23:05,2016/12/09-23:20,2016/12/09-23:25,Transportation accidents,Deterioration,Cars,Other places,Streets and squares,"Southern Al -Dhait, Sheikh Mohammed bin Zayed Street",Rescue people,Specific,No Clouds,natural,very important,basic,Traffic accident,0,0,,
1710,1710,81595,104826,Ras Al Khaimah,Civil Defense Center - Administration,Police and traffic,12/10/2016,2016/12/10-12:36,2016/12/10-12:39,2016/12/10-12:48,12/10/2016 12:49,2016/12/10-13:15,2016/12/10-13:27,Transportation accidents,Clash,Trucks,Other places,Other places,Al -Falaiya Street,Rescue people,Missing,I did not specify,unclassified,unclassified,basic,it is not determined yet,0,0,,
1711,1711,81596,104827,Ras Al Khaimah,Civil Defense Center - Northern Administration,Military officers and members,12/10/2016,2016/12/10-12:49,2016/12/10-12:52,2016/12/10-13:25,12/10/2016 13:26,2016/12/10-13:27,2016/12/10-13:29,Transportation accidents,Clash,Cars,Other places,Other places,Salameh Street,Rescue people,Missing,I did not specify,unclassified,unclassified,basic,it is not determined yet,1,0,,
1712,1712,81605,104836,Abu Dhabi,Civil Defense Center - Al -Shamkha,Police and traffic,12/11/2016,2016/12/11-01:00,2016/12/11-01:06,2016/12/11-01:13,12/11/2016 1:20,2016/12/11-01:25,2016/12/11-01:35,Transportation accidents,One hundredth,sidewalk,governmental,governmental,Tall,Disturbing injured,Missing,No Clouds,natural,Normal,basic,it is not determined yet,1,0,,
1713,1713,81623,104854,Sharjah,Civil Defense Center - Al Dhaid,Police and traffic,12/12/2016,2016/12/12-02:11,2016/12/12-02:18,2016/12/12-02:40,12/12/2016 2:50,2016/12/12-02:54,2016/12/12-02:59,Transportation accidents,Clash,Cars,governmental,governmental,Near the incentive bridge,Disturbing injured,Missing,I did not specify,unclassified,unclassified,medium,it is not determined yet,5,2,,
1714,1714,81630,104861,Ras Al Khaimah,Civil Defense Center - Al -Jazeera Al -Hamra,Civil defense departments and centers,12/12/2016,2016/12/12-17:53,2016/12/12-18:35,2016/12/12-18:39,12/12/2016 18:41,2016/12/12-18:42,2016/12/12-18:58,Transportation accidents,Shocked,Trucks,Public facilities and services,Public places and places,Al -Saadi/Al -Tuwayen near the scale,Fire fighting,Missing,I did not specify,unclassified,unclassified,basic,it is not determined yet,0,0,,
1715,1715,81645,104876,Fujairah,Civil Defense Center - Al -Madinah,Police and traffic,12/13/2016,2016/12/13-12:44,2016/12/13-12:46,2016/12/13-12:55,12/13/2016 12:57,2016/12/13-13:10,2016/12/13-13:16,Transportation accidents,Deterioration,Gas cylinder,Other places,Streets and squares,Yabsa Street - Fujairah,Separation of a battery,Missing,No Clouds,natural,Normal,basic,Traffic accident,0,0,,
1716,1716,81650,104881,Fujairah,Civil Defense Center - Administration,Police and traffic,12/13/2016,2016/12/13-20:06,2016/12/13-20:11,2016/12/13-20:15,12/13/2016 21:55,2016/12/13-21:59,2016/12/13-22:10,Transportation accidents,Deterioration,Trucks,Other places,Other places,Yabsa Street - Sakmam Roundabout,Disturbing injured,Transmission,No Clouds,natural,Normal,basic,Traffic accident,0,0,,
1717,1717,81659,104890,Sharjah,Civil Defense Center - Mawlh,Police and traffic,12/14/2016,2016/12/14-04:46,2016/12/14-04:55,2016/12/14-05:10,12/14/2016 5:22,2016/12/14-05:30,2016/12/14-05:37,Transportation accidents,Clash,Cars,governmental,governmental,Mohammed bin Zayed Street opposite the village of registration,Directing injured and deceased,Missing,I did not specify,unclassified,unclassified,medium,it is not determined yet,3,1,,
1718,1718,81663,104894,Ras Al Khaimah,Civil Defense Center - Administration,Police and traffic,12/14/2016,2016/12/14-14:17,2016/12/14-14:22,2016/12/14-14:30,12/14/2016 14:47,2016/12/14-15:00,2016/12/14-15:06,Transportation accidents,A collision resulted in a fire,Cars,Public facilities and services,Public places and places,Sheikh Rashid Bin Saeed Street at Edinuk Petroleum Station in Poot,Fire fighting,Missing,No Clouds,natural,Important,basic,Traffic accident,0,0,,
1719,1719,81678,104909,Ras Al Khaimah,Civil Defense Center - Northern Administration,Police and traffic,12/15/2016,2016/12/15-14:45,2016/12/15-14:51,2016/12/15-14:55,12/15/2016 14:58,2016/12/15-15:35,2016/12/15-15:40,Transportation accidents,Clash,the person,Means of transport,Methods and transport facilities,Daiya area,rescue,Missing,I did not specify,unclassified,unclassified,basic,it is not determined yet,1,0,,
1720,1720,81693,104924,Ras Al Khaimah,Civil Defense Center - Riffa,Police and traffic,12/17/2016,2016/12/17-00:02,2016/12/17-00:07,2016/12/17-00:13,12/17/2016 0:16,2016/12/17-00:18,2016/12/17-00:24,Transportation accidents,Clash,Cars,Public facilities and services,Public places and places,Emirates Street,rescue,Missing,No Clouds,natural,Normal,basic,Traffic accident,0,0,,
1721,1721,81706,104937,Dubai,Jebel Ali Center,The audience,12/16/2016,2016/12/16-02:35,2016/12/16-02:40,2016/12/16-03:26,12/16/2016 3:50,2016/12/16-03:53,2016/12/16-04:15,Transportation accidents,Clash,Trucks,Means of transport,Methods and transport facilities,Jebel Ali Port The Free Zone No. 5,rescue,Missing,No Clouds,natural,Important,basic,it is not determined yet,1,0,,
1722,1722,81710,104941,Dubai,Jebel Ali Center,The audience,12/16/2016,2016/12/16-02:35,2016/12/16-02:40,2016/12/16-03:26,12/16/2016 3:50,2016/12/16-03:53,2016/12/16-04:15,Transportation accidents,Clash,Trucks,Means of transport,Truck,Bar Dubai - Jebel Ali Port Dieseland No. 5,Rescue people,Transmission,No Clouds,natural,Normal,basic,it is not determined yet,1,0,,
1723,1723,81711,104942,Dubai,Al -Rashidiya Center,Police and traffic,12/16/2016,2016/12/16-03:38,2016/12/16-03:44,2016/12/16-03:55,12/16/2016 4:25,2016/12/16-04:28,2016/12/16-04:40,Transportation accidents,A collision resulted in a fire,Cars,Means of transport,car,Deira - the top of the Mirdif bridge towards the pink,Fire combat and rescue,Missing,No Clouds,natural,Normal,basic,it is not determined yet,3,0,,
1724,1724,81712,104943,Dubai,Al -Rashidiya Center,Civil defense departments and centers,12/16/2016,2016/12/16-03:55,2016/12/16-03:57,2016/12/16-04:03,12/16/2016 4:28,2016/12/16-04:31,2016/12/16-05:10,Transportation accidents,A collision resulted in a fire,Cars,Means of transport,car,Deira - below the Mirdif Bridge towards Sharjah,Fire combat and rescue,Missing,No Clouds,natural,Normal,basic,it is not determined yet,1,0,,
1725,1725,81758,104989,Ras Al Khaimah,Civil Defense Center - Kadra,Police and traffic,12/22/2016,2016/12/22-11:56,2016/12/22-12:06,2016/12/22-12:13,12/22/2016 12:29,2016/12/22-12:32,2016/12/22-12:50,Transportation accidents,Deterioration,Cars,Public facilities and services,Public places and places,Sheikh Khalifa Street towards Sharjah,rescue,Missing,No Clouds,natural,Normal,basic,it is not determined yet,3,0,,
1726,1726,81759,104990,Ajman,Civil Defense Center - Administration,Police and traffic,12/22/2016,2016/12/22-11:59,2016/12/22-12:06,2016/12/22-12:25,12/22/2016 13:00,2016/12/22-13:05,2016/12/22-13:13,Transportation accidents,Deterioration,Cars,Means of transport,Methods and transport facilities,Creation and deterioration of a car,take actions,Missing,No Clouds,natural,Important,basic,Traffic accident,3,0,,
1727,1727,81780,105011,Ras Al Khaimah,Civil Defense Center - Riffa,The audience,12/23/2016,2016/12/23-17:48,2016/12/23-17:58,2016/12/23-18:09,12/23/2016 18:18,2016/12/23-18:38,2016/12/23-18:53,Transportation accidents,A deterioration resulted in a fire,Building,Public facilities and services,Public places and places,Northern,take actions,Missing,I did not specify,unclassified,unclassified,Limited,it is not determined yet,0,0,,
1728,1728,81809,105040,Ras Al Khaimah,Civil Defense Center - Administration,Civil defense departments and centers,12/25/2016,2016/12/25-15:08,2016/12/25-15:16,2016/12/25-15:36,12/25/2016 15:48,2016/12/25-15:52,2016/12/25-15:59,Transportation accidents,Clash,Cars,Public facilities and services,Public places and places,Sheikh Khalifa Street towards the bodies,take actions,Missing,I did not specify,unclassified,unclassified,Limited,it is not determined yet,0,0,,
1729,1729,81819,105050,Ras Al Khaimah,Civil Defense Center - Administration,The audience,12/26/2016,2016/12/26-15:56,2016/12/26-16:05,2016/12/26-16:09,12/26/2016 16:12,2016/12/26-16:15,2016/12/26-16:30,Transportation accidents,Clash,Missing,Public facilities and services,Public places and places,Golan Street,Disturbing injured,Missing,No Clouds,natural,Important,basic,it is not determined yet,0,0,,
1730,1730,81829,105060,Umm Al Quwain,Al -Aqran Center,Police and traffic,12/26/2016,2016/12/26-20:28,2016/12/26-20:31,2016/12/26-20:34,12/26/2016 20:55,2016/12/26-21:05,2016/12/26-21:11,Transportation accidents,Shocked,Cars,Means of transport,Methods and transport facilities,Sheikh Zayed Street Al -Surra area,Fire control and cooling,Cars,No Clouds,natural,Normal,basic,it is not determined yet,0,0,,
1731,1731,81838,105069,Eye,Civil Defense Center - Maqam,Police and traffic,12/28/2016,2016/12/28-00:04,2016/12/28-00:08,2016/12/28-00:11,12/28/2016 0:45,2016/12/28-00:49,2016/12/28-00:53,Transportation accidents,Clash,Cars,Means of transport,Methods and transport facilities,Street Emirates University,cooling,Cars,No Clouds,natural,Normal,basic,it is not determined yet,0,0,,