,Unnamed: 0,rec_id,Accident number,Competent Department,Competent Center,Amount rating,Date of the accident,The date and time of the notification,Date and time of first arrival,Date and time of completion of control,End date and time of the operation,Departure date and time,Date and time of return to the center,Accident Group,Type of accident,Direct damage,Acccident scene category,Accident scene,Accident title,The band's work summary,Activity,Weather condition,Road condition,Priority level,Accident size,The cause of the accident,The number of injured people,The number of deaths in the public,The number of injured members of the force,The number of deaths of members of the force
1732,1732,81843,105074,Abu Dhabi,Civil Defense Center - Mossafah (M33),Police and traffic,12/28/2016,2016/12/28-08:47,2016/12/28-08:52,2016/12/28-09:25,12/28/2016 10:53,2016/12/28-10:54,2016/12/28-10:57,Transportation accidents,Deterioration,Cars,Public facilities and services,Public places and places,Industrial armored tunnel in the direction of the interior,Being and preparing,Cars,I did not specify,unclassified,Important,medium,it is not determined yet,0,0,,
1733,1733,81849,105080,Ajman,Civil Defense Center - Administration,Police and traffic,12/29/2016,2016/12/29-01:59,2016/12/29-02:06,2016/12/29-02:15,12/29/2016 3:47,2016/12/29-03:50,2016/12/29-03:58,Transportation accidents,One hundredth,wall,residential,residential,Ghanem building on Hammouda Al -Dhaheri/ Fifth Park,Take bodies,Missing,No Clouds,natural,Important,medium,it is not determined yet,0,1,,
1734,1734,81862,105093,Fujairah,Civil Defense Center - Al -Taween,Police and traffic,12/29/2016,2016/12/29-22:45,2016/12/29-22:49,2016/12/29-22:51,12/29/2016 22:55,2016/12/29-23:20,2016/12/29-23:25,Transportation accidents,Clash,Cars,Other places,Other places,crash accident,take actions,Missing,No Clouds,natural,unclassified,basic,it is not determined yet,1,0,,
1735,1735,81878,105109,Fujairah,Civil Defense Center - Dibba,Police and traffic,12/31/2016,2016/12/31-07:19,2016/12/31-07:22,2016/12/31-07:26,12/31/2016 7:30,2016/12/31-07:32,2016/12/31-07:35,Transportation accidents,Deterioration,Cars,Public facilities and services,Public places and places,On the Ras area road,Exit and transfer injured people,Missing,No Clouds,natural,unclassified,basic,Traffic accident,1,0,,
1736,1736,81888,105119,Fujairah,Civil Defense Center - Al -Taween,Civil defense departments and centers,1/1/2017,2017/01/01-14:15,2017/01/01-14:20,2017/01/01-14:22,1/1/2017 14:25,2017/01/01-14:27,2017/01/01-14:30,Transportation accidents,Deterioration,Cars,Other places,Other places,Al -Muqamqa area / Al -Shuhada Street,Inspection,Missing,I did not specify,unclassified,unclassified,basic,it is not determined yet,1,0,0,0
1737,1737,81913,105144,Ras Al Khaimah,Civil Defense Center - Kadra,Police and traffic,1/3/2017,2017/01/03-10:47,2017/01/03-11:14,2017/01/03-11:30,1/3/2017 11:40,2017/01/03-11:45,2017/01/03-12:15,Transportation accidents,Deterioration,Cars,Other places,Other places,Sheikh Khalifa Street towards Khalifa,rescue,Missing,I did not specify,unclassified,unclassified,basic,it is not determined yet,2,0,0,0
1738,1738,81924,105155,Abu Dhabi,Civil Defense Center - Shakhbout City,Police and traffic,1/4/2017,2017/01/04-12:13,2017/01/04-12:37,2017/01/04-13:32,1/4/2017 13:47,2017/01/04-14:24,2017/01/04-15:04,Transportation accidents,Clash,Missing,Means of transport,Methods and transport facilities,Near the truck bridge 5 kg,Disturbing injured,Transmission,No Clouds,natural,Normal,basic,Traffic accident,1,0,0,0
1739,1739,81925,105156,Abu Dhabi,Civil Defense Center - Al -Mina Street,Police and traffic,1/4/2017,2017/01/04-15:36,2017/01/04-15:56,2017/01/04-16:22,1/4/2017 16:38,2017/01/04-16:52,2017/01/04-18:23,Transportation accidents,One hundredth,Cars,Means of transport,Methods and transport facilities,Yas Road towards the outside,Sand -dropped oil coverage,Ready Mix Concrete,No Clouds,natural,Normal,basic,Traffic accident,2,0,0,0
1740,1740,81965,105196,Ras Al Khaimah,Civil Defense Center - Al -Jazeera Al -Hamra,Police and traffic,1/7/2017,2017/01/07-15:17,2017/01/07-15:22,2017/01/07-15:27,1/7/2017 15:30,2017/01/07-15:55,2017/01/07-16:02,Transportation accidents,Clash,Cars,Public facilities and services,Public places and places,Picnic,Fire fighting and transporting a person,Missing,No Clouds,natural,Important,basic,it is not determined yet,0,0,,
1741,1741,81968,105199,Abu Dhabi,Civil Defense Center - Mossafah M14,Civil defense departments and centers,1/7/2017,2017/01/07-22:17,2017/01/07-22:26,2017/01/07-22:34,1/7/2017 22:37,2017/01/07-22:48,2017/01/07-22:50,Transportation accidents,Shocked,Light,Means of transport,Methods and transport facilities,Exhausted,Fire fighting,Missing,No Clouds,natural,Normal,basic,it is not determined yet,1,0,0,0
1742,1742,81972,105203,Abu Dhabi,Civil Defense Center - City,Civil defense departments and centers,1/8/2017,2017/01/08-06:26,2017/01/08-06:27,2017/01/08-06:48,1/8/2017 6:53,2017/01/08-07:04,2017/01/08-07:06,Transportation accidents,Deterioration,Cars,Means of transport,Methods and transport facilities,peace Street,rescue,Missing,No Clouds,natural,Normal,basic,it is not determined yet,1,0,0,0
1743,1743,81976,105207,Sharjah,Civil Defense Center - Al -Mina,The audience,1/8/2017,2017/01/08-21:37,2017/01/08-21:44,2017/01/08-21:46,1/8/2017 22:15,2017/01/08-22:22,2017/01/08-22:32,Transportation accidents,A deterioration resulted in a fire,Cars,Means of transport,Methods and transport facilities,Khalidiya Bridge towards Al -Oruba Street,Fire fighting,Cars,No Clouds,Crowded,Normal,basic,it is not determined yet,1,0,0,0
1744,1744,82004,105235,Ajman,Civil Defense Center - Administration,Police and traffic,1/10/2017,2017/01/10-16:25,2017/01/10-16:33,2017/01/10-16:35,1/10/2017 16:38,2017/01/10-16:41,2017/01/10-16:43,Transportation accidents,A collision resulted in a fire,Missing,Means of transport,Methods and transport facilities,industrial area,Inspection,Missing,No Clouds,natural,Normal,Limited,it is not determined yet,0,0,,
1745,1745,82005,105236,Ajman,Civil Defense Center - Administration,Police and traffic,1/10/2017,2017/01/10-17:25,2017/01/10-17:31,2017/01/10-17:34,1/10/2017 17:35,2017/01/10-17:37,2017/01/10-17:43,Transportation accidents,Clash,Missing,Means of transport,Methods and transport facilities,Industrial Zone - near the roundabout,Inspection,Missing,No Clouds,natural,Normal,Limited,it is not determined yet,0,0,,
1746,1746,82006,105237,Sharjah / Eastern Region,Civil Defense Center - Kalba,Civil defense departments and centers,1/10/2017,2017/01/10-17:07,2017/01/10-17:13,2017/01/10-17:17,1/10/2017 17:30,2017/01/10-17:40,2017/01/10-17:50,Transportation accidents,Clash,Cars,Means of transport,Methods and transport facilities,"Al -Saf area, Sheikh Khalifa Street",He told,Cars,No Clouds,natural,Important,basic,it is not determined yet,2,0,0,0
1747,1747,82011,105242,Abu Dhabi,Civil Defense Center - Al -Maqta,Police and traffic,1/10/2017,2017/01/10-14:39,2017/01/10-14:43,2017/01/10-14:45,1/10/2017 14:46,2017/01/10-14:47,2017/01/10-14:50,Transportation accidents,Clash,Missing,Other places,Other places,Between the two bridges,take actions,Missing,No Clouds,natural,Normal,Limited,it is not determined yet,0,0,,
1748,1748,82029,105260,Fujairah,Civil Defense Center - Dibba,Civil defense departments and centers,1/11/2017,2017/01/11-17:10,2017/01/11-17:14,2017/01/11-17:22,1/11/2017 17:27,2017/01/11-17:29,2017/01/11-17:32,Transportation accidents,Deterioration,Cars,governmental,governmental,Sweet,take actions,Missing,No Clouds,natural,unclassified,medium,it is not determined yet,0,1,0,0
1749,1749,82035,105266,Dubai,Al -Rashidiya Center,Police and traffic,1/12/2017,2017/01/12-06:59,2017/01/12-07:10,2017/01/12-07:28,1/12/2017 7:35,2017/01/12-07:40,2017/01/12-07:49,Transportation accidents,Shocked,Cars,Means of transport,Methods and transport facilities,Deira - Al -Awir,Fire fighting,Missing,No Clouds,natural,Normal,basic,it is not determined yet,0,0,,
1750,1750,82051,105282,Umm Al Quwain,Civil Defense Center - Administration,Police and traffic,1/13/2017,2017/01/13-00:15,2017/01/13-00:19,2017/01/13-00:23,1/13/2017 0:28,2017/01/13-00:38,2017/01/13-00:56,Transportation accidents,Shocked,Cars,Public facilities and services,Public places and places,Ancient industrial bus parking,Fire inspection and cooling,Cars,No Clouds,natural,Normal,basic,it is not determined yet,0,0,,
1751,1751,82057,105288,Abu Dhabi,Civil Defense Center - Al Wathba,Police and traffic,1/13/2017,2017/01/13-01:55,2017/01/13-02:06,2017/01/13-02:50,1/13/2017 3:05,2017/01/13-03:19,2017/01/13-03:27,Transportation accidents,A deterioration resulted in a fire,Cars,Means of transport,Methods and transport facilities,Al Ain Abu Dhabi road in the direction of the interior after the Al -Faya tunnel,Fire inspection and cooling,Cars,No Clouds,natural,Normal,basic,it is not determined yet,0,0,,
1752,1752,82115,105346,Ras Al Khaimah,Civil Defense Center - Kadra,Police and traffic,1/16/2017,2017/01/16-10:34,2017/01/16-10:47,2017/01/16-10:48,1/16/2017 10:49,2017/01/16-10:50,2017/01/16-10:58,Transportation accidents,Clash,Cars,Other places,Streets and squares,Maliha Street,Ambulance and transfer of a person,Missing,No Clouds,natural,Normal,basic,it is not determined yet,0,0,,
1753,1753,82119,105350,Ajman,Civil Defense Center - Administration,Police and traffic,1/16/2017,2017/01/16-15:20,2017/01/16-15:28,2017/01/16-15:35,1/16/2017 15:40,2017/01/16-15:45,2017/01/16-15:55,Transportation accidents,Clash,Missing,Other places,Other places,Al -Jarf area - behind the Al -Hamidiya Center,Ambulance and rescue,Missing,No Clouds,natural,Normal,basic,it is not determined yet,1,0,0,0
1754,1754,82120,105351,Ras Al Khaimah,Civil Defense Center - Administration,Police and traffic,1/16/2017,2017/01/16-16:29,2017/01/16-16:38,2017/01/16-16:41,1/16/2017 16:42,2017/01/16-16:44,2017/01/16-16:54,Transportation accidents,A collision resulted in a fire,Missing,Public facilities and services,Public places and places,Sohaila,Fire inspection,Missing,No Clouds,natural,Normal,Limited,it is not determined yet,0,0,,
1755,1755,82131,105362,Umm Al Quwain,Civil Defense Center - Al -Madinah,Police and traffic,1/17/2017,2017/01/17-12:17,2017/01/17-12:20,2017/01/17-12:25,1/17/2017 12:28,2017/01/17-12:35,2017/01/17-12:40,Transportation accidents,Shocked,Cars,Means of transport,Methods and transport facilities,King Faisal Street near the Emirates Airlines Office,Fire fighting,Cars,No Clouds,natural,Normal,basic,it is not determined yet,0,0,,
1756,1756,82132,105363,Dubai,Al Qasis Center,Police and traffic,1/17/2017,2017/01/17-12:37,2017/01/17-12:46,2017/01/17-12:50,1/17/2017 13:05,2017/01/17-13:09,2017/01/17-13:22,Transportation accidents,A deterioration resulted in a fire,Cars,Means of transport,Methods and transport facilities,Deira / Oud Al -Mutaina Al -Ayina / Internal Street,Fire fighting,Missing,No Clouds,natural,Normal,basic,it is not determined yet,0,0,,
1757,1757,82189,105420,Fujairah,Civil Defense Center - Administration,Police and traffic,1/19/2017,2017/01/19-21:51,2017/01/19-22:09,2017/01/19-22:11,1/19/2017 22:12,2017/01/19-22:13,2017/01/19-22:33,Transportation accidents,Deterioration,Missing,Public facilities and services,Public places and places,Sheikh Al -Khalifa Street,take actions,Missing,No Clouds,natural,unclassified,Limited,it is not determined yet,0,0,,
1758,1758,82195,105426,Ajman,Civil Defense Center - Administration,Police and traffic,1/20/2017,2017/01/20-03:47,2017/01/20-03:53,2017/01/20-03:56,1/20/2017 4:05,2017/01/20-04:10,2017/01/20-04:17,Transportation accidents,One hundredth,Missing,Public facilities and services,Public places and places,Misheerf District - near the administration bridge,take actions,Missing,No Clouds,natural,Normal,Limited,it is not determined yet,0,0,,
1759,1759,82202,105433,Al Dhafra,Civil Defense Center - Hmeim,Police and traffic,1/19/2017,2017/01/19-16:06,2017/01/19-16:37,2017/01/19-16:53,1/19/2017 16:55,2017/01/19-16:57,2017/01/19-18:35,Transportation accidents,A collision resulted in a fire,Cars,Other places,Other places,Humaim Asab Street towards Abu Dhabi,Fire control and cooling,Cars,No Clouds,natural,Important,basic,it is not determined yet,0,0,,
1760,1760,82225,105456,Ras Al Khaimah,Civil Defense Center - Administration,Police and traffic,1/22/2017,2017/01/22-14:29,2017/01/22-14:33,2017/01/22-14:43,1/22/2017 14:46,2017/01/22-14:49,2017/01/22-14:53,Transportation accidents,Clash,Cars,Other places,Other places,"Al -Faisal Street, Al -Uraibi",Disturbing injured,Missing,Rains,natural,Normal,basic,it is not determined yet,1,0,0,0
1761,1761,82237,105468,Ras Al Khaimah,Civil Defense Center - Administration,Police and traffic,1/23/2017,2017/01/23-12:55,2017/01/23-12:59,2017/01/23-13:05,1/23/2017 13:10,2017/01/23-13:13,2017/01/23-13:25,Transportation accidents,Clash,Cars,Means of transport,Methods and transport facilities,Al -Faisal Street near Al -Uraibi Bridge,Directing confined and transferring injured people,Missing,Clouds,Crowded,Normal,basic,Traffic accident,1,0,,
1762,1762,82248,105479,Sharjah / Eastern Region,Civil Defense Center - Kalba,Police and traffic,1/24/2017,2017/01/24-13:00,2017/01/24-13:11,2017/01/24-13:15,1/24/2017 13:25,2017/01/24-13:30,2017/01/24-13:40,Transportation accidents,Deterioration,Cars,Public facilities and services,Public places and places,Kalba - Strait area,Ambulance and rescue,Missing,No Clouds,natural,unclassified,medium,Traffic accident,2,1,0,0
1763,1763,82254,105485,Abu Dhabi,Civil Defense Center - Shakhbout City,Police and traffic,1/24/2017,2017/01/24-17:45,2017/01/24-17:53,2017/01/24-17:58,1/24/2017 18:33,2017/01/24-18:41,2017/01/24-18:57,Transportation accidents,A collision resulted in a fire,Cars,Means of transport,Methods and transport facilities,Near Cambroj Hospital,Fire control and cooling,Missing,No Clouds,natural,Normal,basic,it is not determined yet,0,0,,
1764,1764,82260,105491,Umm Al Quwain,Al -Aqran Center,Police and traffic,1/25/2017,2017/01/25-06:09,2017/01/25-06:11,2017/01/25-06:20,1/25/2017 6:30,2017/01/25-06:40,2017/01/25-06:45,Transportation accidents,Deterioration,Trucks,Public facilities and services,Public places and places,Exit 103 direction Emirates Street,cooling,trade,Clouds,natural,Normal,basic,Traffic accident,0,0,,
1765,1765,82315,105546,Fujairah,Civil Defense Center - Al -Madinah,Police and traffic,1/28/2017,2017/01/28-17:30,2017/01/28-17:43,2017/01/28-17:46,1/28/2017 17:47,2017/01/28-17:50,2017/01/28-18:05,Transportation accidents,One hundredth,the person,Industrial,Industrial,Industrial tricks,Disturbing injured,Missing,No Clouds,natural,unclassified,basic,it is not determined yet,2,0,0,0
1766,1766,82320,105551,Abu Dhabi,Civil Defense Center - Shakhbout City,Police and traffic,1/29/2017,2017/01/29-09:24,2017/01/29-10:12,2017/01/29-18:00,1/29/2017 19:00,2017/01/29-19:05,2017/01/29-19:30,Transportation accidents,Deterioration,tank,Means of transport,Methods and transport facilities,After an intimate bridge in 6 kilos in a funny direction,Being and preparing,Missing,No Clouds,unclassified,unclassified,basic,it is not determined yet,2,0,0,0
1767,1767,82342,105573,Ras Al Khaimah,Civil Defense Center - Administration,Police and traffic,1/31/2017,2017/01/31-07:33,2017/01/31-07:39,2017/01/31-07:50,1/31/2017 7:59,2017/01/31-08:10,2017/01/31-08:16,Transportation accidents,Deterioration,Cars,Other places,Other places,Al -Dahis area,existence,Missing,No Clouds,natural,Normal,basic,it is not determined yet,1,0,0,0
1768,1768,82344,105575,Abu Dhabi,Yas Island Center,Police and traffic,1/31/2017,2017/01/31-05:55,2017/01/31-06:12,2017/01/31-06:20,1/31/2017 6:30,2017/01/31-06:32,2017/01/31-06:45,Transportation accidents,Shocked,Cars,governmental,governmental,After the Saadiyat Bridge towards the outside,Fire control and cooling,Cars,No Clouds,natural,Important,medium,it is not determined yet,1,0,0,0
1769,1769,82359,105590,Fujairah,Civil Defense Center - Al -Madinah,Police and traffic,1/31/2017,2017/01/31-23:14,2017/01/31-23:23,2017/01/31-23:27,1/31/2017 23:28,2017/01/31-23:33,2017/01/31-23:44,Transportation accidents,Deterioration,the person,Public facilities and services,Public places and places,Yabsa roundabout,Disturbing injured,Missing,No Clouds,natural,unclassified,basic,it is not determined yet,2,0,0,0
1770,1770,82370,105601,Ras Al Khaimah,Civil Defense Center - Riffa,Police and traffic,2/1/2017,2017/02/01-19:15,2017/02/01-19:21,2017/02/01-19:47,2/1/2017 19:54,2017/02/01-20:24,2017/02/01-20:35,Transportation accidents,Clash,Cars,Means of transport,Methods and transport facilities,Sheikh Mohammed bin Zayed Street,Transfer of injured and deceased,Missing,I did not specify,unclassified,unclassified,basic,Traffic accident,0,1,0,0
1771,1771,82388,105619,Ras Al Khaimah,Civil Defense Center - Riffa,Police and traffic,2/2/2017,2017/02/02-23:19,2017/02/02-23:37,2017/02/02-23:42,2/2/2017 23:56,2017/02/03-00:05,2017/02/03-00:15,Transportation accidents,Clash,Cars,Other places,Other places,"Mohammed bin Zayed Street, exit 119 towards Al -Tawayen",Being and preparing,Missing,Clouds,natural,Important,Limited,Traffic accident,0,0,,
1772,1772,82390,105621,Sharjah,Madame Unit,Police and traffic,2/2/2017,2017/02/02-23:57,2017/02/03-00:13,2017/02/03-00:15,2/3/2017 1:00,2017/02/03-01:10,2017/02/03-01:27,Transportation accidents,Clash,Cars,Means of transport,Methods and transport facilities,Madam area,Disturbing injured,Missing,Clouds,natural,Normal,basic,it is not determined yet,3,0,0,0
1773,1773,82411,105642,Al Dhafra,Civil Defense Center - Zayed City,Police and traffic,2/4/2017,2017/02/04-07:10,2017/02/04-07:17,2017/02/04-07:40,2/4/2017 7:45,2017/02/04-07:46,2017/02/04-08:08,Transportation accidents,Clash,Cars,Means of transport,Methods and transport facilities,"A collision between two cars on the Habshan Road, Zayed City",Directing injured and deceased,Cars,Dust and wind,natural,very important,medium,Traffic accident,1,4,0,0
1774,1774,82460,105691,Ras Al Khaimah,Civil Defense Center - Al -Jazeera Al -Hamra,Police and traffic,2/7/2017,2017/02/07-13:04,2017/02/07-13:13,2017/02/07-13:24,2/7/2017 13:30,2017/02/07-13:33,2017/02/07-13:38,Transportation accidents,Clash,Missing,Public facilities and services,Public places and places,Al -Jazeera Al -Hamra/near the Akassia Hotel,Ambulance and rescue,Missing,I did not specify,unclassified,unclassified,basic,it is not determined yet,1,0,0,0
1775,1775,82487,105718,Sharjah,Civil Defense Center - Al -Sajaa,Police and traffic,2/9/2017,2017/02/09-10:31,2017/02/09-10:41,2017/02/09-10:44,2/9/2017 10:50,2017/02/09-10:57,2017/02/09-11:07,Transportation accidents,Clash,Light,Public facilities and services,Public places and places,Emirates Street,Rescue people,Cars,No Clouds,Crowded,Normal,basic,it is not determined yet,1,0,0,0
1776,1776,82527,105758,Fujairah,Civil Defense Center - Dibba,Military officers and members,2/12/2017,2017/02/12-07:30,2017/02/12-07:34,2017/02/12-08:00,2/12/2017 8:10,2017/02/12-08:15,2017/02/12-08:20,Transportation accidents,Clash,Missing,Public facilities and services,Public places and places,The public street near the cement factory,Disturbing injured,Missing,No Clouds,natural,unclassified,basic,Traffic accident,2,0,0,0
1777,1777,82529,105760,Ras Al Khaimah,Civil Defense Center - Northern Administration,Police and traffic,2/12/2017,2017/02/12-15:50,2017/02/12-15:57,2017/02/12-16:02,2/12/2017 16:05,2017/02/12-16:14,2017/02/12-16:20,Transportation accidents,Deterioration,Cars,Other places,Other places,Wadi Galleh,He told,Missing,Clouds,natural,Normal,basic,it is not determined yet,2,0,0,0
1778,1778,82547,105778,Eye,Civil Defense Center - Civil,Civil defense departments and centers,2/14/2017,2017/02/14-10:18,2017/02/14-10:21,2017/02/14-10:25,2/14/2017 10:35,2017/02/14-10:36,2017/02/14-10:41,Transportation accidents,Deterioration,Cars,Means of transport,car,High area,He told,Transmission,No Clouds,natural,Normal,basic,Traffic accident,1,0,0,0
1779,1779,82548,105779,Ras Al Khaimah,Civil Defense Center - Administration,Police and traffic,2/14/2017,2017/02/14-11:54,2017/02/14-11:59,2017/02/14-12:10,2/14/2017 12:19,2017/02/14-12:27,2017/02/14-12:32,Transportation accidents,One hundredth,the person,Public facilities and services,Public places and places,Julpar near the popularity of Chamd,rescue,Missing,Clouds,natural,unclassified,basic,it is not determined yet,4,0,0,0
1780,1780,82563,105837,Ras Al Khaimah,Civil Defense Center - Administration,Police and traffic,2/15/2017,2017/02/15-14:42,2017/02/15-14:47,2017/02/15-14:50,2/15/2017 14:59,2017/02/15-15:07,2017/02/15-15:14,Transportation accidents,Run over,Missing,Other places,Other places,corneche Street,take actions,Missing,I did not specify,unclassified,unclassified,Limited,it is not determined yet,0,0,,
1781,1781,82565,105839,Ras Al Khaimah,Civil Defense Center - Kadra,Police and traffic,2/15/2017,2017/02/15-15:37,2017/02/15-15:44,2017/02/15-16:36,2/15/2017 16:40,2017/02/15-16:43,2017/02/15-16:50,Transportation accidents,Clash,Missing,Public facilities and services,Public places and places,Wadie shock,rescue,Missing,No Clouds,natural,Important,basic,it is not determined yet,8,0,0,0
1782,1782,82568,105842,Abu Dhabi,Civil Defense Center - Al -Shahama,Civil defense departments and centers,2/15/2017,2017/02/15-17:02,2017/02/15-17:12,2017/02/15-17:20,2/15/2017 17:22,2017/02/15-17:23,2017/02/15-17:30,Transportation accidents,Clash,Cars,residential,residential,magnanimity,Conquest,Missing,Clouds,natural,Normal,basic,it is not determined yet,2,0,0,0
1783,1783,82569,105843,Ras Al Khaimah,Civil Defense Center - Kadra,Police and traffic,2/15/2017,2017/02/15-18:51,2017/02/15-19:03,2017/02/15-19:15,2/15/2017 19:28,2017/02/15-19:41,2017/02/15-19:54,Transportation accidents,Deterioration,Cars,Other places,Valley,Wadie shock,Disturbing injured,Missing,Clouds,natural,Normal,basic,it is not determined yet,7,0,0,0
1784,1784,82572,105846,Sharjah / Eastern Region,Civil Defense Center - Kalba,Police and traffic,2/16/2017,2017/02/16-00:01,2017/02/16-00:04,2017/02/16-00:07,2/16/2017 0:10,2017/02/16-00:13,2017/02/16-00:17,Transportation accidents,Deterioration,Cars,Public facilities and services,Public places and places,"Corniche Kalba, opposite the Emiri Diwan",Separation of a battery,Cars,Clouds,natural,Normal,basic,Traffic accident,,,,
1785,1785,82575,105849,Sharjah,Civil Defense Center - Al -Sajaa,The audience,2/16/2017,2017/02/16-06:27,2017/02/16-06:37,2017/02/16-06:43,2/16/2017 6:52,2017/02/16-07:00,2017/02/16-07:12,Transportation accidents,One hundredth,Cars,residential,residential,Inside the Zubair area,Fire fighting,governmental,Clouds,natural,Important,basic,Unknown,0,0,,
1786,1786,82584,105858,Ajman,Civil Defense Center - Administration,Police and traffic,2/16/2017,2017/02/16-16:20,2017/02/16-16:22,2017/02/16-16:24,2/16/2017 16:25,2017/02/16-17:00,2017/02/16-17:05,Transportation accidents,Deterioration,Cars,governmental,Government department,Near the Hamidiya Health Center,take actions,Missing,Rains,Crowded,Normal,Limited,Delight,,,,
1787,1787,82609,105883,Fujairah,Civil Defense Center - Al -Taween,Military officers and members,2/18/2017,2017/02/18-08:24,2017/02/18-08:30,2017/02/18-08:32,2/18/2017 8:33,2017/02/18-08:40,2017/02/18-08:45,Transportation accidents,Deterioration,Cars,Public facilities and services,Public places and places,Al -Sarram area,Separation of a battery,Missing,Clouds,natural,unclassified,basic,it is not determined yet,1,0,0,0
1788,1788,82610,105884,Abu Dhabi,Civil Defense Center - Al Wathba,Police and traffic,2/18/2017,2017/02/18-06:07,2017/02/18-06:14,2017/02/18-06:40,2/18/2017 6:45,2017/02/18-07:23,2017/02/18-07:29,Transportation accidents,Clash,Cars,governmental,governmental,Mafraq bridge towards the eye,Disturbing injured,Missing,Rains,natural,Important,basic,it is not determined yet,0,0,,
1789,1789,82684,106016,Fujairah,Civil Defense Center - Al -Madinah,The audience,2/24/2017,2017/02/24-14:14,2017/02/24-14:24,2017/02/24-14:27,2/24/2017 14:28,2017/02/24-14:38,2017/02/24-14:48,Transportation accidents,Deterioration,Cars,Public facilities and services,Public places and places,Behind the airport,take actions,Missing,No Clouds,natural,unclassified,basic,it is not determined yet,1,0,0,0
1790,1790,82689,106021,Sharjah / Eastern Region,Civil Defense Center - Kalba,The audience,2/24/2017,2017/02/24-18:56,2017/02/24-18:59,2017/02/24-19:05,2/24/2017 19:10,2017/02/24-19:12,2017/02/24-19:16,Transportation accidents,Clash,Cars,Public facilities and services,Public places and places,Oud area,Separate two cars,Cars,No Clouds,natural,Normal,basic,it is not determined yet,0,0,,
1791,1791,82700,106032,Sharjah,Civil Defense Center - Al Dhaid,Police and traffic,2/25/2017,2017/02/25-19:20,2017/02/25-19:30,2017/02/25-19:33,2/25/2017 19:45,2017/02/25-19:50,2017/02/25-20:05,Transportation accidents,Deterioration,Cars,Public facilities and services,Public places and places,Al -Maliha Al -Madame Road,take actions,Cars,Clouds,natural,Normal,basic,it is not determined yet,3,0,0,0
1792,1792,82724,106056,Sharjah,Civil Defense Center - Al Dhaid,Police and traffic,2/27/2017,2017/02/27-10:41,2017/02/27-10:47,2017/02/27-10:51,2/27/2017 11:05,2017/02/27-11:07,2017/02/27-11:12,Transportation accidents,Clash,Trucks,Means of transport,Methods and transport facilities,Aldid-Truck Road,Disturbing injured,Transmission,No Clouds,natural,Normal,basic,Traffic accident,1,0,0,0
1793,1793,82734,106066,Ajman,Civil Defense Center - Industrial,The audience,2/28/2017,2017/02/28-05:32,2017/02/28-05:38,2017/02/28-05:50,2/28/2017 5:59,2017/02/28-06:09,2017/02/28-06:16,Transportation accidents,Clash,Missing,Means of transport,Methods and transport facilities,Industrial Zone - near Al Balushi Garage,rescue,Missing,No Clouds,natural,Normal,basic,it is not determined yet,3,0,0,0
1794,1794,82761,106093,Abu Dhabi,Civil Defense Center - Gentot,Police and traffic,3/2/2017,2017/03/02-20:24,2017/03/02-20:30,2017/03/02-21:15,3/2/2017 21:45,2017/03/02-21:55,2017/03/02-22:10,Transportation accidents,Clash,Missing,Other places,Other places,After Emirates Street towards Dubai,Transfer of injured and deceased,Cars,No Clouds,natural,Important,medium,Traffic accident,0,1,0,0
1795,1795,82764,106096,Dubai,Al -Rashidiya Center,Police and traffic,3/3/2017,2017/03/03-00:06,2017/03/03-00:20,2017/03/03-00:23,3/3/2017 0:42,2017/03/03-00:54,2017/03/03-01:20,Transportation accidents,A collision resulted in a fire,Cars,Means of transport,Methods and transport facilities,Deira -,Fire control and cooling,Missing,I did not specify,unclassified,unclassified,basic,it is not determined yet,0,0,,
1796,1796,82796,106128,Eye,Civil Defense Center - Maqam,Police and traffic,3/5/2017,2017/03/05-08:59,2017/03/05-09:07,2017/03/05-09:15,3/5/2017 9:18,2017/03/05-09:22,2017/03/05-09:31,Transportation accidents,Deterioration,Cars,Other places,Other places,Qasr Al -Maqam roundabout towards the south,Disturbing injured,Cars,No Clouds,natural,Important,basic,it is not determined yet,1,0,0,0
1797,1797,82797,106129,Fujairah,Civil Defense Center - against us,The audience,3/5/2017,2017/03/05-10:10,2017/03/05-10:14,2017/03/05-10:18,3/5/2017 10:23,2017/03/05-10:30,2017/03/05-10:35,Transportation accidents,Clash,Cars,Other places,Other places,Al -Figira / against us,Ambulance and rescue,Fertilizer,No Clouds,natural,unclassified,basic,it is not determined yet,1,0,0,0
1798,1798,82804,106136,Ras Al Khaimah,Civil Defense Center - Al -Jazeera Al -Hamra,The audience,3/5/2017,2017/03/05-16:35,2017/03/05-16:42,2017/03/05-16:49,3/5/2017 16:53,2017/03/05-16:59,2017/03/05-17:10,Transportation accidents,Clash,Cars,Other places,Other places,Mohammed bin Zayed Street,rescue,Missing,Clouds,natural,Normal,basic,it is not determined yet,0,0,,