,Unnamed: 0,rec_id,Accident number,Competent Department,Competent Center,Amount rating,Date of the accident,The date and time of the notification,Date and time of first arrival,Date and time of completion of control,End date and time of the operation,Departure date and time,Date and time of return to the center,Accident Group,Type of accident,Direct damage,Acccident scene category,Accident scene,Accident title,The band's work summary,Activity,Weather condition,Road condition,Priority level,Accident size,The cause of the accident,The number of injured people,The number of deaths in the public,The number of injured members of the force,The number of deaths of members of the force
1799,1799,82846,106178,Ras Al Khaimah,Civil Defense Center - Riffa,Police and traffic,3/8/2017,2017/03/08-17:15,2017/03/08-17:19,2017/03/08-17:23,3/8/2017 17:27,2017/03/08-17:29,2017/03/08-17:34,Transportation accidents,Clash,the person,Other places,Other places,In exchange for the Arab port,rescue,Missing,No Clouds,natural,Normal,basic,it is not determined yet,0,0,,
1800,1800,82850,106182,Ajman,Civil Defense Center - Al -Jarf,Police and traffic,3/9/2017,2017/03/09-09:09,2017/03/09-09:17,2017/03/09-09:26,3/9/2017 9:47,2017/03/09-10:00,2017/03/09-10:10,Transportation accidents,One hundredth,Cars,Means of transport,Methods and transport facilities,Jasmine area near Al -Hamidiya Park,rescue,Missing,No Clouds,natural,Normal,basic,Traffic accident,1,0,0,0
1801,1801,82864,106196,Ras Al Khaimah,Civil Defense Center - Al -Jazeera Al -Hamra,The audience,3/10/2017,2017/03/10-12:48,2017/03/10-12:53,2017/03/10-12:55,3/10/2017 12:59,2017/03/10-13:30,2017/03/10-13:40,Transportation accidents,One hundredth,fuel tank,oil,oil,Al -Jazeera Al Hamra Fuel Station Enok,Pulling,Missing,No Clouds,natural,Normal,basic,it is not determined yet,0,0,,
1802,1802,82881,106213,Ras Al Khaimah,Civil Defense Center - Riffa,Police and traffic,3/11/2017,2017/03/11-00:13,2017/03/11-00:19,2017/03/11-00:25,3/11/2017 0:53,2017/03/11-00:57,2017/03/11-01:03,Transportation accidents,Deterioration,Cars,Public facilities and services,Public places and places,Arab Port.,Ambulance and transfer of a person,Missing,No Clouds,natural,Normal,basic,it is not determined yet,5,0,0,0
1803,1803,82900,106232,Sharjah,Civil Defense Center - Al -Sajaa,Police and traffic,3/12/2017,2017/03/12-18:37,2017/03/12-18:43,2017/03/12-18:45,3/12/2017 19:15,2017/03/12-19:20,2017/03/12-19:29,Transportation accidents,Deterioration,Cars,Means of transport,Methods and transport facilities,Emirates Street,Disturbing injured,Cars,No Clouds,Crowded,Normal,basic,it is not determined yet,2,0,0,0
1804,1804,82909,106241,Ras Al Khaimah,Civil Defense Center - Administration,Police and traffic,3/13/2017,2017/03/13-08:48,2017/03/13-08:51,2017/03/13-08:53,3/13/2017 8:58,2017/03/13-08:59,2017/03/13-09:06,Transportation accidents,Clash,Cars,Other places,Streets and squares,Ras Al Khaimah - Al Hosn Bridge,Ambulance and transfer of a person,Missing,No Clouds,natural,Normal,basic,it is not determined yet,0,0,,
1805,1805,82911,106243,Ajman,Civil Defense Center - Administration,The audience,3/13/2017,2017/03/13-08:53,2017/03/13-08:57,2017/03/13-09:02,3/13/2017 9:43,2017/03/13-09:44,2017/03/13-09:47,Transportation accidents,Deterioration,Cars,Public facilities and services,Public places and places,H Rashidiya 3 near the oasis bakery,Rescue people,Missing,No Clouds,Crowded,Normal,basic,Traffic accident,2,0,0,0
1806,1806,82947,106279,Abu Dhabi,Civil Defense Center - Al -Shahama,Police and traffic,3/15/2017,2017/03/15-16:25,2017/03/15-16:33,2017/03/15-16:44,3/15/2017 17:35,2017/03/15-18:23,2017/03/15-18:35,Transportation accidents,Clash,Cars,governmental,governmental,Southern,Directing injured and deceased,Missing,No Clouds,natural,Important,basic,Traffic accident,1,1,0,0
1807,1807,82986,106318,Fujairah,Civil Defense Center - Masafi,Police and traffic,3/18/2017,2017/03/18-14:25,2017/03/18-14:34,2017/03/18-14:39,3/18/2017 14:43,2017/03/18-14:55,2017/03/18-15:10,Transportation accidents,Deterioration,Cars,Means of transport,Methods and transport facilities,Bear,Disturbing injured,Missing,No Clouds,natural,unclassified,basic,it is not determined yet,4,0,0,0
1808,1808,82994,106326,Ras Al Khaimah,Civil Defense Center - Al -Jazeera Al -Hamra,Police and traffic,3/19/2017,2017/03/19-13:33,2017/03/19-13:40,2017/03/19-14:09,3/19/2017 14:23,2017/03/19-14:26,2017/03/19-14:35,Transportation accidents,Clash,the person,Other places,Other places,In exchange for Khalifa Hospital,Directing confined and transferring injured people,Missing,No Clouds,natural,Normal,basic,it is not determined yet,2,0,0,0
1809,1809,82997,106329,Sharjah,Civil Defense Center - Al -Sajaa,Police and traffic,3/19/2017,2017/03/19-13:31,2017/03/19-13:33,2017/03/19-13:42,3/19/2017 13:49,2017/03/19-13:57,2017/03/19-14:03,Transportation accidents,Clash,Trucks,Means of transport,Methods and transport facilities,Buda’i Bridge / Al -Sajaa area,rescue,Cars,No Clouds,natural,Normal,basic,it is not determined yet,0,0,,
1810,1810,83058,106390,Ajman,Civil Defense Center - Administration,The audience,3/23/2017,2017/03/23-21:07,2017/03/23-21:10,2017/03/23-21:23,3/23/2017 21:55,2017/03/23-22:04,2017/03/23-22:08,Transportation accidents,Deterioration,Cars,Means of transport,Methods and transport facilities,Next to the Tulip Innver Hotel beside the administration,take actions,Cars,No Clouds,natural,Normal,basic,it is not determined yet,1,0,0,0
1811,1811,83065,106397,Ras Al Khaimah,Civil Defense Center - Administration,Police and traffic,3/24/2017,2017/03/24-06:33,2017/03/24-06:39,2017/03/24-06:48,3/24/2017 6:56,2017/03/24-07:02,2017/03/24-07:06,Transportation accidents,Deterioration,Trucks,Other places,Streets and squares,Shama Al Rams Street,Separation of a battery,Missing,Rains,natural,Normal,Limited,it is not determined yet,,,,
1812,1812,83068,106400,Sharjah / Eastern Region,Civil Defense Center - Khor Fakkan,Police and traffic,3/24/2017,2017/03/24-10:56,2017/03/24-11:05,2017/03/24-12:08,3/24/2017 12:30,2017/03/24-12:33,2017/03/24-12:40,Transportation accidents,Clash,Cars,Public facilities and services,Public places and places,Al -Harai area / Khorfakkan city,Directing confined and transferring injured people,Cars,Rains,Crowded,very important,medium,Traffic accident,0,3,0,0
1813,1813,83075,106407,Umm Al Quwain,Al -Aqran Center,Police and traffic,3/24/2017,2017/03/24-16:11,2017/03/24-16:17,2017/03/24-16:20,3/24/2017 16:25,2017/03/24-16:30,2017/03/24-16:35,Transportation accidents,A collision resulted in a fire,Cars,governmental,governmental,Sheikh Mohammed bin Zayed Street,cooling,Missing,Rains,natural,Normal,basic,Unknown,0,0,,
1814,1814,83083,106415,Ajman,Civil Defense Center - Industrial,The audience,3/25/2017,2017/03/25-05:40,2017/03/25-05:46,2017/03/25-06:02,3/25/2017 6:13,2017/03/25-06:23,2017/03/25-06:30,Transportation accidents,Clash,Cars,Other places,Other places,"Al -Mawahat area, Sheikh Mohammed bin Zayed Street",Inspection,Missing,Rains,natural,Normal,Limited,it is not determined yet,0,0,,
1815,1815,83107,106439,Sharjah,Civil Defense Center - Administration,The audience,3/26/2017,2017/03/26-17:15,2017/03/26-17:22,2017/03/26-17:30,3/26/2017 17:40,2017/03/26-17:52,2017/03/26-17:58,Transportation accidents,A collision resulted in a fire,Cars,governmental,governmental,Nasiriyah near the park,Fire fighting,Cars,I did not specify,unclassified,unclassified,basic,it is not determined yet,0,0,,
1816,1816,83112,106444,Abu Dhabi,Civil Defense Center - Al Wathba,Police and traffic,3/27/2017,2017/03/27-01:05,2017/03/27-01:09,2017/03/27-01:45,3/27/2017 4:10,2017/03/27-04:15,2017/03/27-04:20,Transportation accidents,Clash,Cars,Public facilities and services,Public places and places,After the Beni Yas Bridge before the tunnel,rescue,Cars,Rains,natural,Important,basic,Traffic accident,,,,
1817,1817,83117,106449,Abu Dhabi,Civil Defense Center - City,Police and traffic,3/27/2017,2017/03/27-10:20,2017/03/27-10:25,2017/03/27-10:46,3/27/2017 10:59,2017/03/27-11:05,2017/03/27-11:10,Transportation accidents,Deterioration,Light,Means of transport,Methods and transport facilities,Passport Street near the Qasr Najd restaurant,Remove a tree,Cars,Clouds,natural,Important,basic,Natural phenomena,,,,
1818,1818,83151,106483,Ajman,Civil Defense Center - Administration,Police and traffic,3/30/2017,2017/03/30-01:54,2017/03/30-02:00,2017/03/30-02:16,3/30/2017 2:45,2017/03/30-02:56,2017/03/30-03:05,Transportation accidents,Clash,Cars,Public facilities and services,Public places and places,Naimia area,take actions,Missing,No Clouds,natural,Normal,Limited,it is not determined yet,0,0,,
1819,1819,83162,106494,Ras Al Khaimah,Civil Defense Center - Al -Jazeera Al -Hamra,Police and traffic,3/30/2017,2017/03/30-19:55,2017/03/30-20:03,2017/03/30-20:05,3/30/2017 20:09,2017/03/30-20:12,2017/03/30-20:41,Transportation accidents,Clash,Cars,Means of transport,Methods and transport facilities,Mohammed bin Zayed Street in the direction to Ras Al Khaimah,Directing confined and transferring injured people,Missing,No Clouds,natural,Normal,basic,it is not determined yet,0,0,,
1820,1820,83197,106529,Abu Dhabi,Civil Defense Center - Al Wathba,Civil defense departments and centers,4/2/2017,2017/04/02-12:45,2017/04/02-12:55,2017/04/02-13:05,4/2/2017 13:10,2017/04/02-13:12,2017/04/02-13:50,Transportation accidents,A collision resulted in a fire,Light,tourist,tourist,In exchange for the base of Al Dhafra on the truck line towards the eye,take actions,Missing,No Clouds,natural,Important,Limited,it is not determined yet,0,0,,
1821,1821,83212,106544,Umm Al Quwain,Patch Center,Police and traffic,4/3/2017,2017/04/03-09:02,2017/04/03-09:05,2017/04/03-09:20,4/3/2017 9:21,2017/04/03-09:30,2017/04/03-09:35,Transportation accidents,Deterioration,Cars,Means of transport,Methods and transport facilities,"Al -Surra area, next to the ADNOC station towards Falaj Al -Mualla",rescue,Cars,No Clouds,natural,Normal,basic,Traffic accident,0,0,0,0
1822,1822,83223,106555,Dubai,Al -Rashidiya Center,The audience,4/3/2017,2017/04/03-19:14,2017/04/03-19:26,2017/04/03-19:35,4/3/2017 19:40,2017/04/03-19:48,2017/04/03-20:18,Transportation accidents,A deterioration resulted in a fire,Cars,Means of transport,Methods and transport facilities,Deira - Warsan after the Chinese market,Fire fighting,Missing,No Clouds,natural,Normal,basic,it is not determined yet,0,0,,
1823,1823,83245,106577,Sharjah,Civil Defense Center - Sunan,Military officers and members,4/5/2017,2017/04/05-01:14,2017/04/05-01:19,2017/04/05-01:24,4/5/2017 1:35,2017/04/05-01:46,2017/04/05-01:51,Transportation accidents,Shocked,Cars,governmental,governmental,Helwan Bridge towards the airport,Fire fighting,Cars,No Clouds,natural,Normal,basic,it is not determined yet,0,0,,
1824,1824,83280,106612,Fujairah,Civil Defense Center - Dibba,Police and traffic,4/7/2017,2017/04/07-17:31,2017/04/07-17:37,2017/04/07-17:45,4/7/2017 17:50,2017/04/07-17:55,2017/04/07-18:00,Transportation accidents,Clash,Cars,Public facilities and services,Public places and places,Dibba Al -Fajr / Gob,Disturbing injured,Missing,No Clouds,natural,unclassified,basic,it is not determined yet,1,0,0,0
1825,1825,83303,106635,Abu Dhabi,Civil Defense Center - Al Wathba,Police and traffic,4/8/2017,2017/04/08-21:17,2017/04/08-21:20,2017/04/08-21:26,4/8/2017 21:42,2017/04/08-21:50,2017/04/08-22:50,Transportation accidents,Shocked,Cars,Means of transport,Methods and transport facilities,Mafraq labor city,Fire control and cooling,Cars,No Clouds,natural,very important,basic,Traffic accident,0,0,,
1826,1826,83316,106648,Fujairah,Civil Defense Center - Al -Madinah,Police and traffic,4/10/2017,2017/04/10-07:06,2017/04/10-07:15,2017/04/10-07:33,4/10/2017 8:00,2017/04/10-08:02,2017/04/10-08:23,Transportation accidents,Clash,the person,Public facilities and services,Public places and places,Al -Fajr / Mamdouh,Disturbing injured,Missing,No Clouds,natural,unclassified,basic,it is not determined yet,4,0,0,0
1827,1827,83341,106673,Fujairah,Civil Defense Center - Administration,Police and traffic,4/11/2017,2017/04/11-21:49,2017/04/11-21:52,2017/04/11-21:53,4/11/2017 21:54,2017/04/11-22:10,2017/04/11-22:14,Transportation accidents,Deterioration,Cars,Means of transport,Light,Shuwais,Directing confined and transferring injured people,Missing,No Clouds,natural,unclassified,basic,it is not determined yet,1,0,0,0
1828,1828,83368,106700,Abu Dhabi,Civil Defense Center - Al Wathba,Police and traffic,4/13/2017,2017/04/13-07:03,2017/04/13-07:20,2017/04/13-08:30,4/13/2017 11:00,2017/04/13-11:15,2017/04/13-11:30,Transportation accidents,Clash,Trucks,Means of transport,Methods and transport facilities,Perfection,Being and preparing,Missing,No Clouds,unclassified,unclassified,Limited,it is not determined yet,0,0,,
1829,1829,83377,106709,Sharjah,Civil Defense Center - Al -Sajaa,The audience,4/13/2017,2017/04/13-16:05,2017/04/13-16:15,2017/04/13-16:20,4/13/2017 19:50,2017/04/13-19:52,2017/04/13-20:00,Transportation accidents,Deterioration,Hazardous Material,Means of transport,Methods and transport facilities,Save at the police station,Being and preparing,Transmission,No Clouds,Crowded,Normal,basic,it is not determined yet,1,0,0,0
1830,1830,83378,106710,Ras Al Khaimah,Civil Defense Center - Al -Jazeera Al -Hamra,Police and traffic,4/13/2017,2017/04/13-17:01,2017/04/13-17:07,2017/04/13-17:10,4/13/2017 17:11,2017/04/13-17:14,2017/04/13-17:18,Transportation accidents,Clash,the person,Public facilities and services,Public places and places,The Red Island,Inspection,Missing,I did not specify,unclassified,unclassified,Limited,it is not determined yet,0,0,,
1831,1831,83393,106725,Abu Dhabi,Civil Defense Center - Al -Shahama,Police and traffic,4/14/2017,2017/04/14-07:16,2017/04/14-07:19,2017/04/14-07:27,4/14/2017 8:15,2017/04/14-08:16,2017/04/14-08:20,Transportation accidents,Clash,Missing,Means of transport,Methods and transport facilities,After the Bahia bridge towards the interior,Disturbing injured,Missing,No Clouds,natural,Important,basic,it is not determined yet,0,0,,
1832,1832,83394,106726,Umm Al Quwain,Al -Aqran Center,Police and traffic,4/14/2017,2017/04/14-09:41,2017/04/14-09:45,2017/04/14-09:52,4/14/2017 9:54,2017/04/14-09:58,2017/04/14-10:08,Transportation accidents,Clash,Cars,governmental,governmental,Emirates Street,take actions,Cars,No Clouds,natural,Normal,medium,Traffic accident,1,0,0,0
1833,1833,83407,106739,Abu Dhabi,Civil Defense Center - Al -Mina Street,Police and traffic,4/15/2017,2017/04/15-00:49,2017/04/15-00:53,2017/04/15-01:00,4/15/2017 1:05,2017/04/15-01:41,2017/04/15-01:45,Transportation accidents,A collision resulted in a fire,Missing,Means of transport,car,Zayed Port Yas Road,Fire inspection and cooling,Missing,No Clouds,natural,Important,basic,it is not determined yet,,,,
1834,1834,83413,106745,Eye,Civil Defense Center - Sweihan,Police and traffic,4/15/2017,2017/04/15-17:26,2017/04/15-17:32,2017/04/15-17:38,4/15/2017 18:03,2017/04/15-18:35,2017/04/15-18:45,Transportation accidents,Deterioration,Cars,Means of transport,car,Al -Hir Road/ Sweihan,Fire control and cooling,Transmission,No Clouds,natural,Normal,basic,Traffic accident,3,0,0,0
1835,1835,83417,106749,Abu Dhabi,Civil Defense Center - Gentot,Police and traffic,4/16/2017,2017/04/16-01:15,2017/04/16-01:20,2017/04/16-01:26,4/16/2017 3:00,2017/04/16-03:01,2017/04/16-03:05,Transportation accidents,Clash,the person,Public facilities and services,Public places and places,On the main road Abu Dhabi - Dubai towards Abu Dhabi,Disturbing injured,Cars,No Clouds,natural,Important,basic,it is not determined yet,0,0,,
1836,1836,83435,106767,Umm Al Quwain,Civil Defense Center - Administration,Police and traffic,4/16/2017,2017/04/16-22:06,2017/04/16-22:10,2017/04/16-22:15,4/16/2017 22:20,2017/04/16-22:26,2017/04/16-22:34,Transportation accidents,Clash,the person,Means of transport,Methods and transport facilities,Al -Nahfa area,Fire inspection,Specific,No Clouds,natural,Normal,Limited,it is not determined yet,0,0,,
1837,1837,83473,106805,Ras Al Khaimah,Civil Defense Center - Riffa,Police and traffic,4/19/2017,2017/04/19-20:22,2017/04/19-20:32,2017/04/19-20:36,4/19/2017 20:41,2017/04/19-20:46,2017/04/19-20:52,Transportation accidents,Clash,Missing,Other places,Streets and squares,Al -Dhua was behind the Al -Futtaim Agency,Separation of a battery,Missing,No Clouds,natural,Normal,basic,it is not determined yet,0,0,,
1838,1838,83478,106810,Ajman,Civil Defense Center - Al -Jarf,Police and traffic,4/20/2017,2017/04/20-00:27,2017/04/20-00:33,2017/04/20-00:40,4/20/2017 0:51,2017/04/20-01:33,2017/04/20-01:41,Transportation accidents,Clash,Cars,governmental,governmental,Sheikh Mohammed bin Zayed Street,Take bodies,Cars,No Clouds,natural,Normal,medium,it is not determined yet,0,1,0,0
1839,1839,83503,106851,Ajman,Civil Defense Center - Administration,Police and traffic,4/21/2017,2017/04/21-02:00,2017/04/21-02:05,2017/04/21-02:06,4/21/2017 2:08,2017/04/21-02:10,2017/04/21-02:15,Transportation accidents,A collision resulted in a fire,Cars,residential,residential,When the Naimia towers,Inspection,Cars,No Clouds,natural,Normal,Limited,it is not determined yet,0,0,,
1840,1840,83509,106857,Fujairah,Civil Defense Center - Al -Madinah,Police and traffic,4/21/2017,2017/04/21-11:38,2017/04/21-11:43,2017/04/21-11:46,4/21/2017 11:48,2017/04/21-12:08,2017/04/21-12:14,Transportation accidents,Clash,Missing,Public facilities and services,Public places and places,Missing,take actions,Missing,No Clouds,natural,Important,Limited,it is not determined yet,0,0,,
1841,1841,83535,106883,Sharjah,Civil Defense Center - Al Dhaid,Police and traffic,4/22/2017,2017/04/22-16:19,2017/04/22-16:24,2017/04/22-16:29,4/22/2017 16:32,2017/04/22-16:34,2017/04/22-16:39,Transportation accidents,Clash,Light,Means of transport,Methods and transport facilities,Al Daid Al Madam Street,Directing confined and transferring injured people,Cars,No Clouds,natural,Normal,basic,it is not determined yet,3,0,0,0
1842,1842,83539,106887,Eye,Civil Defense Center - Industrial (fast intervention),Police and traffic,4/22/2017,2017/04/22-19:06,2017/04/22-19:11,2017/04/22-19:16,4/22/2017 19:20,2017/04/22-19:22,2017/04/22-19:28,Transportation accidents,Clash,Cars,Means of transport,Methods and transport facilities,After the Hilton Hotel round,Fire fighting,Cars,No Clouds,natural,Normal,basic,it is not determined yet,0,0,,
1843,1843,83545,106893,Abu Dhabi,Civil Defense Center - Al -Falah (Al -Falah City),Police and traffic,4/23/2017,2017/04/23-07:38,2017/04/23-08:00,2017/04/23-08:15,4/23/2017 8:40,2017/04/23-09:00,2017/04/23-09:20,Transportation accidents,Deterioration,Trucks,Means of transport,Truck,Sweihan Road,Separation of a battery,Cars,No Clouds,natural,Important,basic,it is not determined yet,,,,
1844,1844,83568,106916,Ras Al Khaimah,Civil Defense Center - Kadra,Police and traffic,4/25/2017,2017/04/25-02:48,2017/04/25-02:56,2017/04/25-03:00,4/25/2017 3:14,2017/04/25-03:16,2017/04/25-03:25,Transportation accidents,Deterioration,Cars,Public facilities and services,Public places and places,Kadra Bridge in the direction of Fujairah,Fire combat and rescue,Missing,I did not specify,unclassified,unclassified,basic,it is not determined yet,0,0,,
1845,1845,83588,106936,Fujairah,Civil Defense Center - Masafi,Other parties,4/25/2017,2017/04/25-22:47,2017/04/25-22:58,2017/04/25-23:01,4/25/2017 23:02,2017/04/25-23:15,2017/04/25-23:30,Transportation accidents,Clash,Trucks,Public facilities and services,Public places and places,Cytig,take actions,Missing,No Clouds,natural,unclassified,basic,it is not determined yet,1,0,0,0
1846,1846,83623,106971,Fujairah,Civil Defense Center - Al -Taween,Police and traffic,4/27/2017,2017/04/27-20:53,2017/04/27-20:59,2017/04/27-21:03,4/27/2017 21:05,2017/04/27-21:10,2017/04/27-21:21,Transportation accidents,Clash,Cars,Public facilities and services,Public places and places,Al -Tawyin roundabout,Directing confined and transferring injured people,Missing,No Clouds,natural,Important,basic,it is not determined yet,1,0,0,0
1847,1847,83628,106976,Sharjah / Eastern Region,Civil Defense Center - Kalba,Police and traffic,4/28/2017,2017/04/28-13:16,2017/04/28-13:20,2017/04/28-13:30,4/28/2017 13:35,2017/04/28-13:37,2017/04/28-13:42,Transportation accidents,Clash,Cars,Public facilities and services,Public places and places,Corniche Kalba for work and workers,Separation of a battery,Cars,No Clouds,natural,Important,basic,it is not determined yet,5,0,0,0
1848,1848,83629,106977,Umm Al Quwain,Al -Aqran Center,Police and traffic,4/28/2017,2017/04/28-10:46,2017/04/28-10:49,2017/04/28-10:52,4/28/2017 10:54,2017/04/28-10:58,2017/04/28-11:06,Transportation accidents,Deterioration,Cars,Public facilities and services,Public places and places,Sheikh Mohammed bin Zayed Street,Separation of a battery,Transmission,No Clouds,natural,Normal,basic,Traffic accident,0,0,,
1849,1849,83635,106983,Umm Al Quwain,Al -Aqran Center,The audience,4/28/2017,2017/04/28-13:05,2017/04/28-13:10,2017/04/28-13:13,4/28/2017 13:14,2017/04/28-13:16,2017/04/28-13:21,Transportation accidents,One hundredth,Cars,Means of transport,Methods and transport facilities,Sheikh Mohammed bin Zayed Street,Inspection,Cars,No Clouds,natural,Normal,Limited,it is not determined yet,0,0,,
1850,1850,83658,107006,Ajman,Civil Defense Center - Rumaila,Police and traffic,4/30/2017,2017/04/30-09:39,2017/04/30-09:46,2017/04/30-09:50,4/30/2017 10:20,2017/04/30-10:32,2017/04/30-10:41,Transportation accidents,Deterioration,Light,Means of transport,Methods and transport facilities,Sheikh Khalifa Street,Ambulance and rescue,Missing,I did not specify,unclassified,unclassified,basic,it is not determined yet,0,0,,
1851,1851,83670,107018,Dubai,Al Hamriyah Center,The audience,4/30/2017,2017/04/30-16:23,2017/04/30-16:27,2017/04/30-16:34,4/30/2017 16:40,2017/04/30-16:42,2017/04/30-16:54,Transportation accidents,A collision resulted in a fire,Cars,Means of transport,Methods and transport facilities,Deira - Hamdan District near the Union Association,Fire fighting,Missing,No Clouds,natural,Normal,Limited,it is not determined yet,,,,
1852,1852,83673,107021,Fujairah,Civil Defense Center - Al -Madinah,Police and traffic,4/30/2017,2017/04/30-18:41,2017/04/30-19:05,2017/04/30-19:10,4/30/2017 19:30,2017/04/30-19:45,2017/04/30-20:15,Transportation accidents,One hundredth,Missing,Public facilities and services,Public places and places,Fujairah,take actions,Missing,No Clouds,natural,Important,Limited,it is not determined yet,0,0,,
1853,1853,83706,107054,Abu Dhabi,Civil Defense Center - Mossafah (M33),Police and traffic,5/2/2017,2017/05/02-22:20,2017/05/02-22:28,2017/05/02-22:32,5/2/2017 22:38,2017/05/02-22:45,2017/05/02-23:00,Transportation accidents,A deterioration resulted in a fire,Cars,Means of transport,Methods and transport facilities,Industrial Armilee opposite the Emirates Iron Factory,Fire control and cooling,Cars,No Clouds,natural,Important,basic,Traffic accident,0,0,,
1854,1854,83716,107064,Sharjah,Madame Unit,Police and traffic,5/3/2017,2017/05/03-21:46,2017/05/03-21:55,2017/05/03-22:00,5/3/2017 22:05,2017/05/03-22:35,2017/05/03-22:46,Transportation accidents,Clash,Cars,Means of transport,Methods and transport facilities,Bridge Bridge,rescue,Cars,No Clouds,natural,Normal,basic,it is not determined yet,1,0,0,0
1855,1855,83717,107065,Abu Dhabi,Civil Defense Center - Al -Qubaisat,Police and traffic,5/3/2017,2017/05/03-20:26,2017/05/03-20:31,2017/05/03-20:35,5/3/2017 20:58,2017/05/03-21:14,2017/05/03-21:21,Transportation accidents,A collision resulted in a fire,Cars,Means of transport,Methods and transport facilities,Missing,Fire fighting,Missing,No Clouds,natural,Normal,basic,it is not determined yet,0,0,,
1856,1856,83729,107077,Umm Al Quwain,Raise Center,Police and traffic,5/4/2017,2017/05/04-07:51,2017/05/04-07:54,2017/05/04-07:57,5/4/2017 7:59,2017/05/04-08:03,2017/05/04-08:06,Transportation accidents,Deterioration,Cars,Means of transport,Methods and transport facilities,New industrial,Street cleaning from oils,Cars,No Clouds,natural,Normal,basic,Traffic accident,0,0,,
1857,1857,83737,107085,Sharjah,Civil Defense Center - Mawlh,The audience,5/5/2017,2017/05/05-03:10,2017/05/05-03:15,2017/05/05-03:21,5/5/2017 3:35,2017/05/05-03:50,2017/05/05-03:58,Transportation accidents,A collision resulted in a fire,Cars,governmental,governmental,Behind the university city of the 18th,Fire fighting,Cars,No Clouds,natural,Important,basic,it is not determined yet,0,0,,
1858,1858,83744,107092,Sharjah,Civil Defense Center - Al -Sajaa,Other parties,5/5/2017,2017/05/05-21:30,2017/05/05-21:37,2017/05/05-21:39,5/5/2017 22:00,2017/05/05-22:16,2017/05/05-22:26,Transportation accidents,Clash,Cars,Means of transport,Methods and transport facilities,Emirates Street,Disturbing injured,Missing,No Clouds,natural,Important,medium,it is not determined yet,2,1,0,0
1859,1859,83802,107150,Abu Dhabi,Civil Defense Center - Mafraq,Police and traffic,5/9/2017,2017/05/09-01:21,2017/05/09-01:24,2017/05/09-01:31,5/9/2017 1:46,2017/05/09-01:57,2017/05/09-02:00,Transportation accidents,A collision resulted in a fire,Missing,commercial,commercial,Mafraq in front of the East Gate Mall,Fire inspection and cooling,Missing,No Clouds,natural,Important,basic,it is not determined yet,0,0,,
1860,1860,83866,107214,Ras Al Khaimah,Civil Defense Center - Northern Administration,The audience,5/13/2017,2017/05/13-11:00,2017/05/13-11:06,2017/05/13-11:13,5/13/2017 12:20,2017/05/13-12:22,2017/05/13-12:27,Transportation accidents,Deterioration,Trucks,Public facilities and services,Public places and places,خورخوير,Being and preparing,Missing,No Clouds,natural,Important,Limited,it is not determined yet,0,0,,
1861,1861,83888,107236,Dubai,Marsa Center,Police and traffic,5/14/2017,2017/05/14-23:47,2017/05/14-23:58,2017/05/15-00:56,5/15/2017 1:24,2017/05/15-01:25,2017/05/15-01:42,Transportation accidents,Deterioration,Cars,Means of transport,Light,Jebel Ali /1,take actions,Missing,I did not specify,unclassified,unclassified,basic,it is not determined yet,1,0,0,0
1862,1862,83893,107241,Ras Al Khaimah,Civil Defense Center - Administration,Police and traffic,5/15/2017,2017/05/15-16:56,2017/05/15-17:01,2017/05/15-17:18,5/15/2017 17:24,2017/05/15-17:30,2017/05/15-17:38,Transportation accidents,Clash,Cars,Other places,Other places,Al Montaser Street,rescue,Missing,No Clouds,natural,unclassified,medium,it is not determined yet,0,1,0,0
1863,1863,83910,107258,Eye,Civil Defense Center - Civil,Police and traffic,5/16/2017,2017/05/16-15:18,2017/05/16-15:27,2017/05/16-15:37,5/16/2017 15:59,2017/05/16-16:57,2017/05/16-17:10,Transportation accidents,A deterioration resulted in a fire,Cars,Other places,Other places,General Street /Salamat,Fire control and cooling,Cars,No Clouds,natural,Important,basic,it is not determined yet,1,0,0,0
1864,1864,83937,107285,Ajman,Civil Defense Center - Industrial,he did not specify,5/18/2017,2017/05/18-07:40,2017/05/18-07:46,2017/05/18-07:55,5/18/2017 8:16,2017/05/18-08:20,2017/05/18-08:30,Transportation accidents,Clash,Cars,Means of transport,Methods and transport facilities,Sheikh Mohammed bin Zayed Street,Ambulance and rescue,Missing,No Clouds,Crowded,Important,basic,it is not determined yet,0,0,,
1865,1865,83956,107304,Sharjah,Civil Defense Center - Mawlh,The audience,5/19/2017,2017/05/19-12:02,2017/05/19-12:09,2017/05/19-12:15,5/19/2017 12:19,2017/05/19-12:23,2017/05/19-12:31,Transportation accidents,Clash,Cars,Public facilities and services,Public places and places,Industrial 11 after the industrial police station,rescue,Cars,No Clouds,natural,Normal,basic,it is not determined yet,1,0,0,0