,Unnamed: 0,rec_id,Accident number,Competent Department,Competent Center,Amount rating,Date of the accident,The date and time of the notification,Date and time of first arrival,Date and time of completion of control,End date and time of the operation,Departure date and time,Date and time of return to the center,Accident Group,Type of accident,Direct damage,Acccident scene category,Accident scene,Accident title,The band's work summary,Activity,Weather condition,Road condition,Priority level,Accident size,The cause of the accident,The number of injured people,The number of deaths in the public,The number of injured members of the force,The number of deaths of members of the force
1866,1866,83967,107315,Umm Al Quwain,Civil Defense Center - Administration,Police and traffic,5/20/2017,2017/05/20-06:00,2017/05/20-06:04,2017/05/20-06:11,5/20/2017 6:16,2017/05/20-06:22,2017/05/20-06:27,Transportation accidents,One hundredth,Cars,Means of transport,Methods and transport facilities,Oud Al -Tayer area,Fire fighting,Cars,No Clouds,natural,Normal,basic,it is not determined yet,0,0,,
1867,1867,84000,107348,Ras Al Khaimah,Civil Defense Center - Riffa,Military officers and members,5/22/2017,2017/05/22-07:52,2017/05/22-07:56,2017/05/22-08:00,5/22/2017 8:02,2017/05/22-08:10,2017/05/22-08:15,Transportation accidents,Clash,Cars,Other places,Other places,Al -Zaylat roundabout,Separation of a battery,Specific,No Clouds,natural,Important,basic,Traffic accident,0,0,,
1868,1868,84005,107353,Sharjah,Civil Defense Center - Al Hamriyah,The audience,5/22/2017,2017/05/22-07:20,2017/05/22-07:25,2017/05/22-07:35,5/22/2017 9:15,2017/05/22-09:20,2017/05/22-09:23,Transportation accidents,Deterioration,Cars,Means of transport,Methods and transport facilities,Hamriyah Free Zone,Talent,Chemicals,No Clouds,natural,Normal,Limited,Traffic accident,0,0,,
1869,1869,84037,107409,Dubai,Al Quoz Center,Police and traffic,5/23/2017,2017/05/23-13:29,2017/05/23-13:36,2017/05/23-14:00,5/23/2017 14:33,2017/05/23-14:43,2017/05/23-14:58,Transportation accidents,A collision resulted in a fire,Light,Means of transport,Methods and transport facilities,Industrial Al -Quoz No. 3,Fire control and cooling,Missing,No Clouds,Crowded,Normal,basic,it is not determined yet,0,0,,
1870,1870,84111,107483,Abu Dhabi,Civil Defense Center - Al Wathba,Police and traffic,5/28/2017,2017/05/28-11:04,2017/05/28-11:09,2017/05/28-11:13,5/28/2017 11:25,2017/05/28-11:40,2017/05/28-11:45,Transportation accidents,Deterioration,Missing,governmental,governmental,Abu Dhabi Al Ain Road (Al Wathba),cooling,Missing,No Clouds,natural,Normal,Limited,it is not determined yet,,,,
1871,1871,84122,107494,Fujairah,Civil Defense Center - Masafi,The audience,5/28/2017,2017/05/28-22:44,2017/05/28-22:46,2017/05/28-22:52,5/28/2017 22:54,2017/05/28-23:20,2017/05/28-23:22,Transportation accidents,One hundredth,the person,Public facilities and services,Public places and places,Massafi / Misp.,Take bodies,Missing,No Clouds,natural,unclassified,medium,it is not determined yet,0,1,0,0
1872,1872,84134,107506,Ras Al Khaimah,Civil Defense Center - Administration,Police and traffic,5/29/2017,2017/05/29-16:44,2017/05/29-16:51,2017/05/29-16:56,5/29/2017 17:05,2017/05/29-17:16,2017/05/29-17:23,Transportation accidents,Clash,Cars,Public facilities and services,Public places and places,A region of reunification near the UAE markets,Directing confined and transferring injured people,Missing,No Clouds,natural,Important,basic,it is not determined yet,1,0,0,0
1873,1873,84141,107513,Eye,Civil Defense Center - Civil,Police and traffic,5/29/2017,2017/05/29-20:56,2017/05/29-21:04,2017/05/29-21:25,5/29/2017 21:56,2017/05/29-21:59,2017/05/29-22:11,Transportation accidents,Deterioration,Cars,Means of transport,Methods and transport facilities,The cataires area of the public street,Disturbing injured,Cars,No Clouds,natural,Important,basic,Traffic accident,1,0,0,0
1874,1874,84164,107536,Ras Al Khaimah,Civil Defense Center - Kadra,Police and traffic,5/31/2017,2017/05/31-13:54,2017/05/31-14:02,2017/05/31-14:07,5/31/2017 14:24,2017/05/31-14:31,2017/05/31-14:42,Transportation accidents,Deterioration,the person,Other places,Streets and squares,Sheikh Khalifa Street towards Fujairah,rescue,Specific,No Clouds,natural,very important,medium,it is not determined yet,0,1,0,0
1875,1875,84175,107547,Abu Dhabi,Civil Defense Center - Mafraq,Police and traffic,5/31/2017,2017/05/31-21:45,2017/05/31-21:50,2017/05/31-21:55,5/31/2017 22:00,2017/05/31-22:15,2017/05/31-22:20,Transportation accidents,Deterioration,Cars,Means of transport,Methods and transport facilities,Spinning,existence,Missing,No Clouds,unclassified,unclassified,Limited,it is not determined yet,,,,
1876,1876,84181,107553,Abu Dhabi,Civil Defense Center - Al Samha,Police and traffic,6/1/2017,2017/06/01-08:02,2017/06/01-08:18,2017/06/01-08:22,6/1/2017 8:23,2017/06/01-08:27,2017/06/01-08:40,Transportation accidents,Clash,Cars,Public facilities and services,Public places and places,Sein Sudira area,existence,Missing,No Clouds,natural,Important,Limited,it is not determined yet,,,,
1877,1877,84198,107570,Abu Dhabi,Civil Defense Center - Mafraq,Police and traffic,6/2/2017,2017/06/02-18:53,2017/06/02-18:59,2017/06/02-19:10,6/2/2017 19:14,2017/06/02-19:20,2017/06/02-19:25,Transportation accidents,Clash,Cars,Means of transport,car,Mafraq Bridge,Separation of a battery,Cars,No Clouds,natural,Important,Limited,it is not determined yet,,,,
1878,1878,84203,107575,Ras Al Khaimah,Civil Defense Center - Al -Jazeera Al -Hamra,Police and traffic,6/3/2017,2017/06/03-06:31,2017/06/03-06:37,2017/06/03-06:39,6/3/2017 6:42,2017/06/03-06:50,2017/06/03-07:00,Transportation accidents,Clash,the person,Other places,Other places,Near the Akassia Hotel,rescue,Specific,No Clouds,natural,very important,basic,Traffic accident,0,0,,
1879,1879,84209,107581,Fujairah,Civil Defense Center - Masafi,The audience,6/3/2017,2017/06/03-20:35,2017/06/03-20:40,2017/06/03-20:41,6/3/2017 20:43,2017/06/03-20:45,2017/06/03-20:50,Transportation accidents,Clash,Cars,Public facilities and services,Public places and places,Thoban / after the Friday market,Separation of a battery,Missing,No Clouds,natural,Normal,basic,it is not determined yet,0,0,,
1880,1880,84213,107585,Al Dhafra,Civil Defense Center - Port,Police and traffic,6/4/2017,2017/06/04-00:17,2017/06/04-00:49,2017/06/04-00:54,6/4/2017 0:55,2017/06/04-01:01,2017/06/04-01:09,Transportation accidents,Deterioration,Trucks,Public facilities and services,Public places and places,Missing,rescue,Missing,I did not specify,unclassified,unclassified,basic,it is not determined yet,1,0,0,0
1881,1881,84218,107590,Sharjah,Civil Defense Center - Mawlh,Other parties,6/4/2017,2017/06/04-10:20,2017/06/04-10:26,2017/06/04-10:30,6/4/2017 11:40,2017/06/04-11:42,2017/06/04-11:49,Transportation accidents,Deterioration,Trucks,Public facilities and services,Public places and places,Under Jisnishonal,Sand -dropped oil coverage,Transmission,No Clouds,Crowded,Normal,basic,it is not determined yet,0,0,,
1882,1882,84239,107611,Ras Al Khaimah,Civil Defense Center - Kadra,Police and traffic,6/5/2017,2017/06/05-16:47,2017/06/05-16:53,2017/06/05-17:08,6/5/2017 17:10,2017/06/05-17:15,2017/06/05-17:22,Transportation accidents,Clash,the person,Other places,Other places,Kadra Street near the chicken factory,rescue,Missing,No Clouds,natural,unclassified,basic,it is not determined yet,0,0,,
1883,1883,84265,107637,Umm Al Quwain,Civil Defense Center - Al -Madinah,Police and traffic,6/6/2017,2017/06/06-18:15,2017/06/06-18:19,2017/06/06-18:22,6/6/2017 18:23,2017/06/06-18:25,2017/06/06-18:27,Transportation accidents,Shocked,Cars,Means of transport,Methods and transport facilities,Ancient industrial zone,Fire inspection,Cars,No Clouds,natural,Normal,Limited,it is not determined yet,0,0,,
1884,1884,84267,107639,Ras Al Khaimah,Civil Defense Center - Northern Administration,The audience,6/6/2017,2017/06/06-20:08,2017/06/06-20:13,2017/06/06-20:19,6/6/2017 20:20,2017/06/06-20:38,2017/06/06-20:43,Transportation accidents,Clash,Cars,Other places,Streets and squares,Glila area,Separation of a battery,Specific,No Clouds,natural,Important,basic,Traffic accident,5,0,0,0
1885,1885,84269,107641,Ras Al Khaimah,Civil Defense Center - Administration,Military officers and members,6/6/2017,2017/06/06-23:01,2017/06/06-23:06,2017/06/06-23:11,6/6/2017 23:16,2017/06/06-23:17,2017/06/06-23:25,Transportation accidents,Clash,Cars,Other places,Streets and squares,Al -Fanner Roundabout towards Al -Falaiya Street,Separation of a battery,Specific,No Clouds,natural,Important,basic,Traffic accident,0,0,,
1886,1886,84271,107643,Ras Al Khaimah,Civil Defense Center - Northern Administration,The audience,6/6/2017,2017/06/06-23:00,2017/06/06-23:03,2017/06/06-23:05,6/6/2017 23:07,2017/06/06-23:15,2017/06/06-23:25,Transportation accidents,Clash,Cars,Public facilities and services,Public places and places,Khir Kheir,take actions,Missing,I did not specify,unclassified,unclassified,basic,it is not determined yet,2,0,0,0
1887,1887,84286,107658,Sharjah,Civil Defense Center - Mawlh,Police and traffic,6/7/2017,2017/06/07-17:41,2017/06/07-17:50,2017/06/07-17:55,6/7/2017 18:00,2017/06/07-18:10,2017/06/07-18:27,Transportation accidents,Deterioration,Cars,Other places,Streets and squares,The red area area behind the village of registration,rescue,Cars,No Clouds,natural,Normal,basic,Traffic accident,1,0,0,0
1888,1888,84327,107699,Ras Al Khaimah,Civil Defense Center - Riffa,Police and traffic,6/10/2017,2017/06/10-01:30,2017/06/10-01:47,2017/06/10-01:53,6/10/2017 2:29,2017/06/10-02:30,2017/06/10-02:36,Transportation accidents,Clash,the person,Other places,Other places,The southern Al -Dhait on the new transit street,rescue,Specific,No Clouds,natural,very important,medium,Traffic accident,2,1,0,0
1889,1889,84333,107705,Fujairah,Civil Defense Center - Administration,Police and traffic,6/10/2017,2017/06/10-12:11,2017/06/10-12:13,2017/06/10-12:17,6/10/2017 12:22,2017/06/10-12:35,2017/06/10-12:40,Transportation accidents,Clash,Cars,Means of transport,Methods and transport facilities,Faction,Disturbing injured,Missing,No Clouds,natural,Normal,basic,it is not determined yet,3,0,0,0
1890,1890,84380,107752,Abu Dhabi,Civil Defense Center - Gentot,Police and traffic,6/13/2017,2017/06/13-12:31,2017/06/13-12:40,2017/06/13-13:10,6/13/2017 13:30,2017/06/13-13:34,2017/06/13-13:45,Transportation accidents,Clash,Cars,Public facilities and services,Public places and places,Before Gantott Bridge,Rescue people,Missing,No Clouds,Crowded,Important,medium,it is not determined yet,,,,
1891,1891,84383,107755,Sharjah,Civil Defense Center - Al -Sajaa,Other parties,6/13/2017,2017/06/13-18:48,2017/06/13-18:57,2017/06/13-19:03,6/13/2017 19:05,2017/06/13-19:10,2017/06/13-19:30,Transportation accidents,One hundredth,Cars,Other places,Other places,Bridge (10) towards Sharjah,rescue,Cars,No Clouds,natural,Normal,basic,Traffic accident,1,0,0,0
1892,1892,84413,107785,Umm Al Quwain,Al -Aqran Center,Police and traffic,6/15/2017,2017/06/15-06:10,2017/06/15-06:16,2017/06/15-06:23,6/15/2017 6:27,2017/06/15-06:35,2017/06/15-06:50,Transportation accidents,One hundredth,Cars,Public facilities and services,Public places and places,"Sheikh Mohammed bin Zayed Street, exit 110 direction, Umm Al Quwain",Fire control and cooling,Cars,No Clouds,natural,Normal,basic,it is not determined yet,0,0,,
1893,1893,84495,107867,Sharjah,Civil Defense Center - Sunan,Police and traffic,6/20/2017,2017/06/20-09:56,2017/06/20-10:01,2017/06/20-10:07,6/20/2017 10:15,2017/06/20-10:30,2017/06/20-10:40,Transportation accidents,One hundredth,Cars,Other places,Streets and squares,Abu Kharra area,rescue,Cars,No Clouds,natural,Normal,basic,Traffic accident,1,0,0,0
1894,1894,84513,107885,Ras Al Khaimah,Civil Defense Center - Administration,Police and traffic,6/21/2017,2017/06/21-13:47,2017/06/21-13:51,2017/06/21-13:54,6/21/2017 13:56,2017/06/21-13:58,2017/06/21-14:03,Transportation accidents,Clash,Cars,Other places,Other places,Palm,rescue,Specific,No Clouds,natural,Normal,basic,Traffic accident,0,0,,
1895,1895,84516,107888,Fujairah,Civil Defense Center - Al -Taween,Police and traffic,6/21/2017,2017/06/21-17:52,2017/06/21-18:00,2017/06/21-18:02,6/21/2017 18:03,2017/06/21-18:20,2017/06/21-18:30,Transportation accidents,Deterioration,Cars,Public facilities and services,Public places and places,Al -Tuwayen Dibba Street,take actions,Missing,No Clouds,natural,Normal,Limited,it is not determined yet,0,0,,
1896,1896,84523,107895,Abu Dhabi,Civil Defense Center - City,Police and traffic,6/22/2017,2017/06/22-00:15,2017/06/22-00:19,2017/06/22-00:28,6/22/2017 0:56,2017/06/22-01:10,2017/06/22-01:22,Transportation accidents,Deterioration,Cars,Means of transport,Methods and transport facilities,Peace tunnel,existence,Missing,No Clouds,natural,very important,Limited,it is not determined yet,0,0,,
1897,1897,84545,107917,Abu Dhabi,Civil Defense Center - Al Samha,Police and traffic,6/23/2017,2017/06/23-09:48,2017/06/23-09:53,2017/06/23-10:05,6/23/2017 10:35,2017/06/23-10:36,2017/06/23-10:37,Transportation accidents,A collision resulted in a fire,Cars,Means of transport,Methods and transport facilities,Al Samha area near the port of Khalifa,Fire combat and rescue,Cars,No Clouds,natural,Normal,basic,it is not determined yet,,,,
1898,1898,84550,107922,Ras Al Khaimah,Civil Defense Center - Kadra,Police and traffic,6/23/2017,2017/06/23-18:23,2017/06/23-18:37,2017/06/23-19:25,6/23/2017 19:30,2017/06/23-19:32,2017/06/23-19:55,Transportation accidents,Deterioration,the person,Other places,Other places,Sheikh Khalifa Street towards the bodies,rescue,Missing,No Clouds,natural,unclassified,medium,it is not determined yet,1,2,0,0
1899,1899,84574,107946,Sharjah / Eastern Region,Civil Defense Center - Kalba,Police and traffic,6/25/2017,2017/06/25-01:36,2017/06/25-01:42,2017/06/25-01:47,6/25/2017 2:00,2017/06/25-02:15,2017/06/25-02:22,Transportation accidents,Clash,Cars,Public facilities and services,Public places and places,Al -Bardi 2 Corniche Corniche Kalba,Disturbing injured,Cars,No Clouds,natural,Important,basic,it is not determined yet,3,0,0,0
1900,1900,84581,107953,Fujairah,Civil Defense Center - Al -Taween,Police and traffic,6/25/2017,2017/06/25-12:02,2017/06/25-12:10,2017/06/25-12:12,6/25/2017 12:15,2017/06/25-12:20,2017/06/25-12:32,Transportation accidents,Deterioration,Cars,Means of transport,Methods and transport facilities,And the defect of henna,Inspection,Missing,No Clouds,natural,unclassified,basic,it is not determined yet,2,0,0,0
1901,1901,84602,107974,Umm Al Quwain,Civil Defense Center - Al -Madinah,Police and traffic,6/26/2017,2017/06/26-06:51,2017/06/26-06:56,2017/06/26-07:00,6/26/2017 7:05,2017/06/26-07:20,2017/06/26-07:31,Transportation accidents,Shocked,Cars,Means of transport,Methods and transport facilities,A fire in two vehicles in exchange for the endowment building,Fire control and cooling,Cars,No Clouds,natural,Normal,basic,it is not determined yet,0,0,,
1902,1902,84606,107978,Sharjah / Eastern Region,Civil Defense Center - Khor Fakkan,Police and traffic,6/26/2017,2017/06/26-14:27,2017/06/26-14:34,2017/06/26-14:38,6/26/2017 15:00,2017/06/26-15:02,2017/06/26-15:08,Transportation accidents,Deterioration,Missing,Other places,Streets and squares,Khor Fakkan / pearls,cooling,Missing,No Clouds,natural,Normal,basic,it is not determined yet,1,0,0,0
1903,1903,84615,107987,Ras Al Khaimah,Civil Defense Center - Riffa,Police and traffic,6/26/2017,2017/06/26-22:03,2017/06/26-22:07,2017/06/26-22:16,6/26/2017 22:19,2017/06/26-22:20,2017/06/26-22:28,Transportation accidents,Clash,Cars,Other places,Other places,Near the general leadership of the Ras Al Khaimah Police,Fire fighting,Missing,No Clouds,natural,unclassified,basic,it is not determined yet,0,0,,
1904,1904,84635,108007,Abu Dhabi,Civil Defense Center - Al Samha,Police and traffic,6/27/2017,2017/06/27-20:03,2017/06/27-20:14,2017/06/27-20:17,6/27/2017 21:03,2017/06/27-21:06,2017/06/27-21:22,Transportation accidents,Clash,Cars,Means of transport,Methods and transport facilities,Mohammed bin Rashid Street before the Kizad Bridge,Being and preparing,Cars,No Clouds,Crowded,very important,Limited,Traffic accident,0,0,,
1905,1905,84698,108070,Ras Al Khaimah,Civil Defense Center - Al -Jazeera Al -Hamra,Police and traffic,7/1/2017,2017/07/01-04:22,2017/07/01-04:28,2017/07/01-04:40,7/1/2017 4:41,2017/07/01-04:58,2017/07/01-05:10,Transportation accidents,Clash,Missing,Other places,Other places,The Red Island,rescue,Missing,I did not specify,unclassified,unclassified,basic,it is not determined yet,4,0,0,0
1906,1906,84714,108086,Abu Dhabi,Civil Defense Center - Al -Shahama,Police and traffic,7/2/2017,2017/07/02-14:09,2017/07/02-14:15,2017/07/02-14:35,7/2/2017 14:40,2017/07/02-14:43,2017/07/02-14:50,Transportation accidents,A deterioration resulted in a fire,Cars,Means of transport,Methods and transport facilities,The main street opposite the Carrefour building,Fire cooling,Cars,No Clouds,natural,Normal,basic,it is not determined yet,,,,
1907,1907,84715,108087,Al Dhafra,Civil Defense Center - Hmeim,Police and traffic,7/1/2017,2017/07/01-23:50,2017/07/02-00:10,2017/07/02-00:42,7/2/2017 0:44,2017/07/02-00:45,2017/07/02-01:00,Transportation accidents,Deterioration,Cars,Other places,Other places,In intimate before the petroleum station towards Abu Dhabi,Directing confined and transferring injured people,Cars,No Clouds,natural,Important,medium,it is not determined yet,1,0,0,0
1908,1908,84720,108092,Ras Al Khaimah,Civil Defense Center - Al -Dakdakh,Police and traffic,7/2/2017,2017/07/02-21:32,2017/07/02-21:38,2017/07/02-21:44,7/2/2017 21:49,2017/07/02-21:55,2017/07/02-22:11,Transportation accidents,Clash,Cars,Other places,Other places,Al -Abar Street - Suhaila towards Awafi,rescue,Missing,I did not specify,natural,unclassified,basic,it is not determined yet,5,0,0,0
1909,1909,84730,108102,Sharjah,Civil Defense Center - Sunan,The audience,7/3/2017,2017/07/03-13:28,2017/07/03-13:35,2017/07/03-13:39,7/3/2017 14:00,2017/07/03-14:05,2017/07/03-14:12,Transportation accidents,Deterioration,Cars,Means of transport,Methods and transport facilities,Passports intersection,Inspection,Missing,No Clouds,natural,Normal,basic,Traffic accident,3,0,0,0
1910,1910,84741,108113,Abu Dhabi,Civil Defense Center - Al -Maqta,Police and traffic,7/4/2017,2017/07/04-03:01,2017/07/04-03:10,2017/07/04-03:37,7/4/2017 4:25,2017/07/04-04:28,2017/07/04-04:35,Transportation accidents,Deterioration,Cars,Public facilities and services,Public places and places,Before the bridge of the clip in the interior,Directing confined and transferring injured people,Missing,No Clouds,natural,Normal,basic,it is not determined yet,,,,
1911,1911,84784,108173,Umm Al Quwain,Patch Center,Police and traffic,7/6/2017,2017/07/06-07:48,2017/07/06-07:50,2017/07/06-07:53,7/6/2017 7:54,2017/07/06-07:56,2017/07/06-07:57,Transportation accidents,Deterioration,the person,Means of transport,Methods and transport facilities,Navel,Inspection,Cars,No Clouds,natural,Normal,Limited,Traffic accident,0,0,,
1912,1912,84846,108235,Umm Al Quwain,Civil Defense Center - Al -Madinah,Police and traffic,7/9/2017,2017/07/09-21:20,2017/07/09-21:22,2017/07/09-21:25,7/9/2017 21:26,2017/07/09-21:27,2017/07/09-21:30,Transportation accidents,Clash,Cars,Means of transport,Methods and transport facilities,Al Hamra area near Sheikh Zayed Park,Separation of a battery,Transmission,No Clouds,natural,Normal,basic,Traffic accident,0,0,,
1913,1913,84848,108237,Sharjah,Civil Defense Center - Al -Sajaa,Police and traffic,7/10/2017,2017/07/10-03:14,2017/07/10-03:20,2017/07/10-03:35,7/10/2017 3:45,2017/07/10-04:07,2017/07/10-04:15,Transportation accidents,Clash,Trucks,Means of transport,Methods and transport facilities,Al -Sajaa - Bridge No. 7,Disturbing injured,Missing,No Clouds,natural,Normal,basic,it is not determined yet,0,0,,
1914,1914,84854,108243,Fujairah,The point of tricks,Police and traffic,7/10/2017,2017/07/10-13:02,2017/07/10-13:05,2017/07/10-13:07,7/10/2017 13:40,2017/07/10-13:44,2017/07/10-13:55,Transportation accidents,Deterioration,Cars,Public facilities and services,Public places and places,Al -Hail / behind the Fujairah Institute,take actions,Missing,No Clouds,natural,Normal,medium,Traffic accident,3,0,0,0
1915,1915,84908,108297,Sharjah,Civil Defense Center - Mawlh,Other parties,7/14/2017,2017/07/14-06:56,2017/07/14-07:03,2017/07/14-07:07,7/14/2017 8:22,2017/07/14-08:38,2017/07/14-09:40,Transportation accidents,Clash,Trucks,Means of transport,car,"Sheikh Mohammed bin Zayed Street, sorry for the Houmah Bridge",rescue,Cars,No Clouds,natural,Normal,basic,Traffic accident,0,0,,
1916,1916,84937,108326,Ras Al Khaimah,Civil Defense Center - Riffa,Police and traffic,7/15/2017,2017/07/15-21:30,2017/07/15-21:32,2017/07/15-21:40,7/15/2017 21:41,2017/07/15-21:50,2017/07/15-22:00,Transportation accidents,Shocked,Missing,Public facilities and services,Public places and places,Grateful,Fire fighting,Missing,No Clouds,natural,Important,basic,Traffic accident,0,0,,
1917,1917,84938,108327,Sharjah,Civil Defense Center - Al Hamriyah,Police and traffic,7/15/2017,2017/07/15-21:56,2017/07/15-22:02,2017/07/15-22:10,7/15/2017 22:25,2017/07/15-22:50,2017/07/15-23:00,Transportation accidents,One hundredth,Cars,Means of transport,Methods and transport facilities,Al -Hamriya area,Disturbing injured,Missing,No Clouds,Crowded,Normal,basic,it is not determined yet,0,0,,
1918,1918,84940,108329,Ras Al Khaimah,Civil Defense Center - Al -Jazeera Al -Hamra,Police and traffic,7/16/2017,2017/07/16-00:34,2017/07/16-00:39,2017/07/16-00:41,7/16/2017 0:42,2017/07/16-00:53,2017/07/16-01:15,Transportation accidents,Deterioration,Missing,commercial,commercial,Al -Jazeera Al -Hamra near Al Hamra Mall,Fire fighting,Missing,I did not specify,unclassified,unclassified,basic,it is not determined yet,0,0,,
1919,1919,84952,108341,Ras Al Khaimah,Civil Defense Center - Al -Dakdakh,Military officers and members,7/16/2017,2017/07/16-12:53,2017/07/16-12:56,2017/07/16-13:00,7/16/2017 13:56,2017/07/16-13:59,2017/07/16-14:10,Transportation accidents,Deterioration,the person,Other places,Streets and squares,Al -Qawasim Corniche - opposite the ski club,existence,Specific,No Clouds,natural,Normal,basic,Traffic accident,1,0,0,0
1920,1920,84966,108355,Sharjah,Civil Defense Center - Sunan,Other parties,7/17/2017,2017/07/17-07:33,2017/07/17-07:36,2017/07/17-07:40,7/17/2017 7:42,2017/07/17-07:50,2017/07/17-07:55,Transportation accidents,Clash,the person,Other places,Streets and squares,Sunan intersection of the Sheikh Saud Al Qasimi Mosque,rescue,Cars,No Clouds,natural,Normal,basic,Traffic accident,1,0,0,0
1921,1921,84986,108375,Abu Dhabi,Civil Defense Center - Al -Falah (Al -Falah City),Police and traffic,7/17/2017,2017/07/17-22:26,2017/07/17-22:46,2017/07/17-23:34,7/17/2017 23:46,2017/07/17-23:55,2017/07/18-00:20,Transportation accidents,Shocked,animals,Means of transport,car,Sweihan Road near Al -Faya Bridge,Fire control and cooling,Cars,Clouds,Crowded,Important,basic,Traffic accident,1,0,0,0
1922,1922,85038,108427,Fujairah,Civil Defense Center - Masafi,Police and traffic,7/19/2017,2017/07/19-21:21,2017/07/19-21:28,2017/07/19-21:31,7/19/2017 21:36,2017/07/19-21:48,2017/07/19-22:00,Transportation accidents,A collision resulted in a fire,Cars,Means of transport,Methods and transport facilities,Black Najd,Fire inspection and cooling,Cars,No Clouds,natural,unclassified,basic,it is not determined yet,0,0,,
1923,1923,85047,108436,Umm Al Quwain,Civil Defense Center - Administration,Police and traffic,7/20/2017,2017/07/20-08:45,2017/07/20-08:48,2017/07/20-08:51,7/20/2017 8:53,2017/07/20-09:00,2017/07/20-09:10,Transportation accidents,Deterioration,Cars,Public facilities and services,Public places and places,Al Ittihad Street near Ghanem Station,Separation of a battery,Cars,No Clouds,natural,Normal,basic,Traffic accident,0,0,,
1924,1924,85060,108449,Umm Al Quwain,Al -Aqran Center,Police and traffic,7/20/2017,2017/07/20-23:10,2017/07/20-23:15,2017/07/20-23:20,7/20/2017 23:25,2017/07/20-23:35,2017/07/20-23:52,Transportation accidents,Clash,Cars,Public facilities and services,Public places and places,"Sheikh Mohammed bin Zayed Street, Dubai, opposite ADNOC Station",Separation of a battery,Cars,No Clouds,natural,Normal,basic,Traffic accident,0,0,,
1925,1925,85064,108453,Umm Al Quwain,Al -Aqran Center,Police and traffic,7/21/2017,2017/07/21-04:36,2017/07/21-04:42,2017/07/21-04:51,7/21/2017 4:58,2017/07/21-05:52,2017/07/21-06:10,Transportation accidents,A collision resulted in a fire,Cars,Means of transport,Methods and transport facilities,"Behind Umm Al -Thawab area, opposite Sheikh Mohammed bin Zayed Road",Fire control and cooling,Cars,No Clouds,natural,Normal,basic,it is not determined yet,0,0,,
1926,1926,85098,108487,Dubai,Al Hamriyah Center,Civil defense departments and centers,7/23/2017,2017/07/23-07:27,2017/07/23-07:29,2017/07/23-07:34,7/23/2017 7:37,2017/07/23-07:38,2017/07/23-07:39,Transportation accidents,One hundredth,Cars,Means of transport,Methods and transport facilities,Deira / Al -Wahida / Gulf Street,Inspection,Missing,No Clouds,natural,Normal,Limited,it is not determined yet,0,0,,
1927,1927,85100,108489,Sharjah,Civil Defense Center - Mawlh,Police and traffic,7/23/2017,2017/07/23-12:52,2017/07/23-12:56,2017/07/23-13:05,7/23/2017 13:30,2017/07/23-13:35,2017/07/23-13:40,Transportation accidents,Clash,Cars,Means of transport,Methods and transport facilities,"The fourth industrial field, the industrial police intersection",Disturbing injured,Missing,No Clouds,natural,Important,basic,Traffic accident,8,0,0,0
1928,1928,85126,108515,Ras Al Khaimah,Civil Defense Center - Administration,Police and traffic,7/24/2017,2017/07/24-15:27,2017/07/24-15:31,2017/07/24-15:35,7/24/2017 15:50,2017/07/24-15:51,2017/07/24-15:59,Transportation accidents,Clash,Missing,Public facilities and services,Public places and places,Include,rescue,Missing,No Clouds,natural,Important,basic,it is not determined yet,0,0,,
1929,1929,85143,108532,Abu Dhabi,Civil Defense Center - City,Police and traffic,7/25/2017,2017/07/25-10:20,2017/07/25-10:27,2017/07/25-11:30,7/25/2017 13:30,2017/07/25-13:55,2017/07/25-14:03,Transportation accidents,Clash,Trucks,governmental,governmental,Reem Island,Fire fighting and directing bodies,Missing,No Clouds,natural,Important,medium,it is not determined yet,0,1,0,0
1930,1930,85176,108565,Umm Al Quwain,Al -Aqran Center,The audience,7/27/2017,2017/07/27-08:11,2017/07/27-08:20,2017/07/27-08:40,7/27/2017 8:45,2017/07/27-08:50,2017/07/27-09:15,Transportation accidents,A deterioration resulted in a fire,Heavy Equipment,Public facilities and services,Public places and places,Modern industrial fox area,Fire control and cooling,Specific,No Clouds,natural,Normal,basic,it is not determined yet,0,0,,
1931,1931,85188,108577,Abu Dhabi,Civil Defense Center - Gentot,Police and traffic,7/27/2017,2017/07/27-15:32,2017/07/27-15:46,2017/07/27-15:49,7/27/2017 15:51,2017/07/27-15:52,2017/07/27-16:03,Transportation accidents,Clash,Cars,Public facilities and services,Public places and places,Sheikh Mohammed bin Rashid Street,Inspection,Missing,No Clouds,natural,Normal,Limited,it is not determined yet,,,,