,Unnamed: 0,rec_id,Accident number,Competent Department,Competent Center,Amount rating,Date of the accident,The date and time of the notification,Date and time of first arrival,Date and time of completion of control,End date and time of the operation,Departure date and time,Date and time of return to the center,Accident Group,Type of accident,Direct damage,Acccident scene category,Accident scene,Accident title,The band's work summary,Activity,Weather condition,Road condition,Priority level,Accident size,The cause of the accident,The number of injured people,The number of deaths in the public,The number of injured members of the force,The number of deaths of members of the force
1932,1932,85217,108606,Dubai,Al Barsha Center,The audience,7/29/2017,2017/07/29-07:36,2017/07/29-07:46,2017/07/29-07:50,7/29/2017 8:04,2017/07/29-08:11,2017/07/29-08:24,Transportation accidents,One hundredth,Buses,Means of transport,Methods and transport facilities,Al -Barsha Street Umm Suqeim,Fire fighting,Missing,No Clouds,natural,Normal,Limited,it is not determined yet,,,,
1933,1933,85220,108609,Abu Dhabi,Civil Defense Center - Al Wathba,Military officers and members,7/29/2017,2017/07/29-09:01,2017/07/29-09:09,2017/07/29-09:12,7/29/2017 9:38,2017/07/29-09:57,2017/07/29-10:15,Transportation accidents,Clash,Cars,Means of transport,Methods and transport facilities,Al -Faya line towards the eye,existence,Transmission,No Clouds,Crowded,Important,basic,Traffic accident,1,0,0,0
1934,1934,85221,108610,Dubai,Al -Rashidiya Center,Police and traffic,7/29/2017,2017/07/29-15:13,2017/07/29-15:16,2017/07/29-15:20,7/29/2017 15:22,2017/07/29-15:27,2017/07/29-15:33,Transportation accidents,Clash,Cars,Means of transport,car,Ned you in front of Nader Balormia,Fire control and cooling,Missing,No Clouds,natural,Normal,Limited,Traffic accident,,,,
1935,1935,85222,108611,Abu Dhabi,Civil Defense Center - Mossafah (M33),Police and traffic,7/29/2017,2017/07/29-12:18,2017/07/29-12:22,2017/07/29-12:25,7/29/2017 12:59,2017/07/29-13:00,2017/07/29-13:15,Transportation accidents,A deterioration resulted in a fire,Cars,Means of transport,car,Above the bridge of the Leadership School,Fire inspection and cooling,Cars,No Clouds,Crowded,Important,basic,Traffic accident,,,,
1936,1936,85245,108634,Dubai,dip,Police and traffic,7/30/2017,2017/07/30-22:01,2017/07/30-22:09,2017/07/30-22:44,7/30/2017 23:18,2017/07/30-23:54,2017/07/31-00:11,Transportation accidents,Shocked,Missing,Means of transport,Methods and transport facilities,dip,Fire inspection,Missing,No Clouds,natural,Normal,Limited,it is not determined yet,0,0,,
1937,1937,85252,108641,Al Dhafra,Civil Defense Center - Hmeim,Police and traffic,7/31/2017,2017/07/31-10:19,2017/07/31-10:50,2017/07/31-11:10,7/31/2017 11:16,2017/07/31-11:30,2017/07/31-12:10,Transportation accidents,Deterioration,Trucks,Public facilities and services,Public places and places,After intimate 50 kilos towards Abu Dhabi,Directing confined and transferring injured people,Cars,No Clouds,natural,Important,basic,it is not determined yet,1,0,0,0
1938,1938,85275,108664,Fujairah,Civil Defense Center - Masafi,Police and traffic,8/1/2017,2017/08/01-20:30,2017/08/01-20:33,2017/08/01-20:38,8/1/2017 20:39,2017/08/01-20:50,2017/08/01-20:53,Transportation accidents,A deterioration resulted in a fire,Cars,Public facilities and services,Public places and places,Inconsistent,take actions,Cars,No Clouds,natural,Normal,Limited,Traffic accident,0,0,,
1939,1939,85300,108691,Ras Al Khaimah,Civil Defense Center - Administration,Police and traffic,8/3/2017,2017/08/03-07:16,2017/08/03-07:27,2017/08/03-07:38,8/3/2017 7:46,2017/08/03-07:57,2017/08/03-08:20,Transportation accidents,Deterioration,the person,governmental,governmental,Missing,Fire combat and rescue,Missing,No Clouds,natural,Normal,basic,Traffic accident,0,0,,
1940,1940,85317,108708,Ajman,Civil Defense Center - Administration,Police and traffic,8/3/2017,2017/08/03-21:10,2017/08/03-21:18,2017/08/03-21:22,8/3/2017 21:27,2017/08/03-21:35,2017/08/03-21:57,Transportation accidents,A collision resulted in a fire,Cars,Other places,Other places,Al -Rashidiya 1,Fire fighting,Missing,No Clouds,natural,Normal,basic,it is not determined yet,0,0,,
1941,1941,85340,108731,Ras Al Khaimah,Civil Defense Center - Al -Jazeera Al -Hamra,Police and traffic,8/5/2017,2017/08/05-03:31,2017/08/05-03:37,2017/08/05-03:41,8/5/2017 3:48,2017/08/05-04:00,2017/08/05-04:05,Transportation accidents,Clash,the person,Other places,Other places,The Red Island,rescue,Specific,No Clouds,natural,Important,basic,Traffic accident,1,0,0,0
1942,1942,85407,108798,Fujairah,Civil Defense Center - Al -Madinah,Police and traffic,8/8/2017,2017/08/08-11:23,2017/08/08-11:37,2017/08/08-11:44,8/8/2017 12:05,2017/08/08-12:11,2017/08/08-12:33,Transportation accidents,Deterioration,Cars,Public facilities and services,Public places and places,Sheikh Khalifa Street,Directing confined and transferring injured people,Cars,No Clouds,natural,unclassified,basic,it is not determined yet,1,0,0,0
1943,1943,85442,108833,Abu Dhabi,Civil Defense Center - Al -Maqta,Police and traffic,8/9/2017,2017/08/09-13:44,2017/08/09-13:47,2017/08/09-13:58,8/9/2017 14:00,2017/08/09-14:05,2017/08/09-14:14,Transportation accidents,One hundredth,wall,Means of transport,car,"Between the two bridges, opposite the Bab Al Bahr Hotel",rescue,Missing,No Clouds,natural,Important,basic,Traffic accident,1,0,0,0
1944,1944,85444,108835,Abu Dhabi,Civil Defense Center - Mossafah M14,Police and traffic,8/9/2017,2017/08/09-14:59,2017/08/09-15:04,2017/08/09-15:10,8/9/2017 16:16,2017/08/09-16:20,2017/08/09-16:25,Transportation accidents,A deterioration resulted in a fire,Missing,Means of transport,Methods and transport facilities,Industrial M4,Inspection,Building materials,No Clouds,natural,Normal,Limited,it is not determined yet,,,,
1945,1945,85445,108836,Abu Dhabi,Civil Defense Center - Shakhbout City,Police and traffic,8/9/2017,2017/08/09-15:39,2017/08/09-15:44,2017/08/09-15:50,8/9/2017 16:20,2017/08/09-16:30,2017/08/09-16:44,Transportation accidents,Deterioration,Missing,Means of transport,Methods and transport facilities,The city of Shakhbout,Inspection,Missing,No Clouds,natural,Normal,Limited,Traffic accident,,,,
1946,1946,85555,108946,Eye,Civil Defense Center - Zakher (fast intervention),Police and traffic,8/14/2017,2017/08/14-10:49,2017/08/14-11:18,2017/08/14-11:22,8/14/2017 13:39,2017/08/14-13:40,2017/08/14-15:22,Transportation accidents,Deterioration,Cars,Means of transport,Methods and transport facilities,Sih Wahm Road,Separation of a battery,Cars,No Clouds,natural,Normal,basic,it is not determined yet,0,0,,
1947,1947,85556,108947,Ajman,Civil Defense Center - Administration,Police and traffic,8/14/2017,2017/08/14-17:34,2017/08/14-17:41,2017/08/14-17:50,8/14/2017 18:15,2017/08/14-18:20,2017/08/14-18:40,Transportation accidents,Deterioration,Trucks,governmental,governmental,Rawdah is under the bridge,take actions,Missing,I did not specify,natural,Normal,Limited,it is not determined yet,0,0,,
1948,1948,85583,108974,Eye,Civil Defense Center - Administration,Police and traffic,8/16/2017,2017/08/16-08:01,2017/08/16-08:12,2017/08/16-08:22,8/16/2017 8:44,2017/08/16-08:47,2017/08/16-08:51,Transportation accidents,Deterioration,Cars,governmental,governmental,Al -Tuwa Al -Ittihad Street,Being and preparing,Cars,No Clouds,natural,Normal,Limited,it is not determined yet,0,0,,
1949,1949,85627,109018,Sharjah,Civil Defense Center - Mawlh,Police and traffic,8/18/2017,2017/08/18-05:23,2017/08/18-05:33,2017/08/18-05:36,8/18/2017 5:50,2017/08/18-05:52,2017/08/18-06:02,Transportation accidents,Deterioration,Cars,Means of transport,Methods and transport facilities,Budaie Street,Separation of a battery,Missing,No Clouds,natural,Normal,basic,it is not determined yet,1,0,0,0
1950,1950,85659,109050,Abu Dhabi,Civil Defense Center - Al Samha,Police and traffic,8/20/2017,2017/08/20-05:32,2017/08/20-05:37,2017/08/20-05:50,8/20/2017 7:45,2017/08/20-07:56,2017/08/20-08:00,Transportation accidents,Deterioration,Cars,Means of transport,Methods and transport facilities,On the Samha Bridge,Take bodies,Cars,No Clouds,natural,very important,basic,it is not determined yet,0,0,,
1951,1951,85677,109068,Umm Al Quwain,Patch Center,Police and traffic,8/21/2017,2017/08/21-11:17,2017/08/21-11:24,2017/08/21-11:40,8/21/2017 12:03,2017/08/21-12:05,2017/08/21-12:15,Transportation accidents,Clash,Cars,Means of transport,Methods and transport facilities,Polite area,rescue,Missing,No Clouds,natural,Normal,medium,Traffic accident,3,1,0,0
1952,1952,85683,109074,Sharjah,Civil Defense Center - Al Dhaid,Police and traffic,8/21/2017,2017/08/21-15:33,2017/08/21-15:40,2017/08/21-15:43,8/21/2017 16:00,2017/08/21-16:10,2017/08/21-16:18,Transportation accidents,Clash,Trucks,Other places,Other places,Al -Suji roundabout,rescue,Transmission,No Clouds,natural,Normal,medium,Traffic accident,1,0,0,0
1953,1953,85704,109095,Umm Al Quwain,Al -Aqran Center,Police and traffic,8/22/2017,2017/08/22-13:36,2017/08/22-13:42,2017/08/22-14:00,8/22/2017 18:45,2017/08/22-18:47,2017/08/22-19:45,Transportation accidents,Clash,Cars,Means of transport,Methods and transport facilities,"Emirates Street, Sharjah","Control, directing and transporting a body",Cars,No Clouds,natural,Important,medium,Traffic accident,1,1,0,0
1954,1954,85712,109103,Umm Al Quwain,Civil Defense Center - Administration,Police and traffic,8/23/2017,2017/08/23-07:46,2017/08/23-07:48,2017/08/23-07:54,8/23/2017 7:59,2017/08/23-08:15,2017/08/23-08:30,Transportation accidents,Deterioration,sidewalk,governmental,governmental,Peace near Sheikh Khalifa Hall,Inspection,governmental,No Clouds,natural,Normal,Limited,it is not determined yet,0,0,,
1955,1955,85725,109116,Ras Al Khaimah,Civil Defense Center - Al Gail,Police and traffic,8/23/2017,2017/08/23-18:13,2017/08/23-18:23,2017/08/23-18:25,8/23/2017 18:27,2017/08/23-18:30,2017/08/23-18:41,Transportation accidents,Deterioration,Missing,Public facilities and services,Public places and places,In exchange for the Siih Al -Ban,Inspection,Missing,I did not specify,unclassified,unclassified,Limited,it is not determined yet,0,0,,
1956,1956,85800,109191,Umm Al Quwain,Patch Center,Police and traffic,8/28/2017,2017/08/28-08:45,2017/08/28-08:48,2017/08/28-08:54,8/28/2017 9:00,2017/08/28-09:02,2017/08/28-09:15,Transportation accidents,Deterioration,Cars,Public facilities and services,Public places and places,The navel area is the direction of Sharjah,Inspection,Cars,No Clouds,natural,Normal,Limited,Traffic accident,0,0,,
1957,1957,85802,109193,Al Dhafra,Civil Defense Center - Ghayathi,Police and traffic,8/28/2017,2017/08/28-06:48,2017/08/28-07:01,2017/08/28-07:25,8/28/2017 7:40,2017/08/28-07:50,2017/08/28-08:00,Transportation accidents,A collision resulted in a fire,Cars,residential,residential,A compound fire in a sandy area,Fire fighting,Cars,No Clouds,natural,Normal,medium,it is not determined yet,,,,
1958,1958,85814,109205,Eye,Civil Defense Center - Zakher (fast intervention),Police and traffic,8/29/2017,2017/08/29-00:20,2017/08/29-00:26,2017/08/29-00:29,8/29/2017 0:50,2017/08/29-00:51,2017/08/29-00:53,Transportation accidents,Clash,Cars,governmental,governmental,full,Being and preparing,Cars,No Clouds,natural,Normal,basic,it is not determined yet,2,0,0,0
1959,1959,85830,109221,Ras Al Khaimah,Civil Defense Center - Administration,Police and traffic,8/30/2017,2017/08/30-15:03,2017/08/30-15:10,2017/08/30-15:14,8/30/2017 15:23,2017/08/30-15:24,2017/08/30-15:39,Transportation accidents,A deterioration resulted in a fire,Cars,Public facilities and services,Public places and places,The Julphar area near the Rotana and Walima restaurant,Fire fighting,Missing,I did not specify,unclassified,unclassified,basic,it is not determined yet,0,0,,
1960,1960,85903,109294,Ajman,Civil Defense Center - Industrial,Military officers and members,9/3/2017,2017/09/03-21:04,2017/09/03-21:09,2017/09/03-21:12,9/3/2017 21:13,2017/09/03-21:15,2017/09/03-21:20,Transportation accidents,A deterioration resulted in a fire,Missing,Means of transport,Methods and transport facilities,Missing,Inspection,Missing,No Clouds,natural,Normal,Limited,it is not determined yet,,,,
1961,1961,85971,109362,Fujairah,Civil Defense Center - Masafi,The audience,9/7/2017,2017/09/07-17:53,2017/09/07-17:58,2017/09/07-18:01,9/7/2017 18:03,2017/09/07-18:05,2017/09/07-18:10,Transportation accidents,Clash,Cars,Means of transport,Methods and transport facilities,Image,Inspection,Missing,No Clouds,natural,unclassified,Limited,it is not determined yet,0,0,,
1962,1962,86006,109397,Ras Al Khaimah,Civil Defense Center - Administration,The audience,9/10/2017,2017/09/10-08:22,2017/09/10-08:27,2017/09/10-08:32,9/10/2017 8:48,2017/09/10-08:50,2017/09/10-08:55,Transportation accidents,Clash,Cars,Other places,Other places,Golan,rescue,Missing,I did not specify,unclassified,unclassified,basic,Traffic accident,0,0,,
1963,1963,86021,109412,Ras Al Khaimah,Civil Defense Center - Riffa,Military officers and members,9/11/2017,2017/09/11-07:10,2017/09/11-07:15,2017/09/11-07:19,9/11/2017 7:40,2017/09/11-07:42,2017/09/11-07:50,Transportation accidents,Clash,the person,Public facilities and services,Public places and places,In exchange for the Arab port,rescue,Missing,No Clouds,natural,Important,basic,Traffic accident,0,0,,
1964,1964,86028,109419,Ras Al Khaimah,Civil Defense Center - Al Gail,Other parties,9/11/2017,2017/09/11-16:54,2017/09/11-17:07,2017/09/11-17:10,9/11/2017 17:15,2017/09/11-17:19,2017/09/11-17:27,Transportation accidents,Clash,Cars,Public facilities and services,Public places and places,Industrial Gail near Rakia Company,He told,Missing,I did not specify,unclassified,unclassified,basic,it is not determined yet,0,0,,
1965,1965,86034,109425,Fujairah,Civil Defense Center - Administration,Police and traffic,9/12/2017,2017/09/12-16:48,2017/09/12-16:55,2017/09/12-17:05,9/12/2017 17:12,2017/09/12-17:17,2017/09/12-17:40,Transportation accidents,Clash,Cars,Public facilities and services,Public places and places,Black Fajr,Directing confined and transferring injured people,Missing,No Clouds,natural,unclassified,basic,Traffic accident,1,0,0,0
1966,1966,86045,109436,Dubai,Al -Rashidiya Center,Police and traffic,9/12/2017,2017/09/12-23:01,2017/09/12-23:12,2017/09/12-23:16,9/12/2017 23:34,2017/09/12-23:40,2017/09/12-23:59,Transportation accidents,One hundredth,trailer,Means of transport,Methods and transport facilities,Sheikh Mohammed bin Zayed Street,Fire fighting,Missing,No Clouds,natural,Normal,Limited,it is not determined yet,,,,
1967,1967,86070,109461,Sharjah,Civil Defense Center - Al -Sajaa,Police and traffic,9/14/2017,2017/09/14-14:25,2017/09/14-14:28,2017/09/14-14:31,9/14/2017 14:32,2017/09/14-14:35,2017/09/14-14:37,Transportation accidents,Clash,Trucks,Other places,Streets and squares,Al Dhaid Sharjah Road Bridge (8) to (7),take actions,Transmission,No Clouds,Crowded,Normal,basic,Traffic accident,1,0,0,0
1968,1968,86074,109465,Ras Al Khaimah,Civil Defense Center - Northern Administration,The audience,9/14/2017,2017/09/14-20:22,2017/09/14-20:28,2017/09/14-20:34,9/14/2017 20:50,2017/09/14-20:52,2017/09/14-21:05,Transportation accidents,Deterioration,Cars,Means of transport,Methods and transport facilities,Galleh near the Great Roundabout,Directing confined and transferring injured people,Missing,No Clouds,natural,Important,basic,it is not determined yet,1,0,0,0
1969,1969,86142,109543,Ras Al Khaimah,Civil Defense Center - Riffa,The audience,9/18/2017,2017/09/18-17:54,2017/09/18-17:58,2017/09/18-18:02,9/18/2017 18:24,2017/09/18-18:33,2017/09/18-18:41,Transportation accidents,Run over,Cars,Other places,Other places,Khalaf Al Khaimah Bank - Emirates Street,Fire control and cooling,Specific,No Clouds,natural,Important,basic,it is not determined yet,0,0,,
1970,1970,86164,109565,Fujairah,Civil Defense Center - Al -Madinah,Police and traffic,9/20/2017,2017/09/20-08:50,2017/09/20-09:01,2017/09/20-09:04,9/20/2017 9:07,2017/09/20-09:20,2017/09/20-09:35,Transportation accidents,Deterioration,Cars,Means of transport,Methods and transport facilities,Fujairah General Road / Masafi,Disturbing injured,Missing,No Clouds,natural,unclassified,basic,Traffic accident,1,0,0,0
1971,1971,86206,109607,Fujairah,Civil Defense Center - Al -Madinah,Police and traffic,9/22/2017,2017/09/22-07:09,2017/09/22-07:19,2017/09/22-07:22,9/22/2017 7:50,2017/09/22-07:55,2017/09/22-08:12,Transportation accidents,Deterioration,Trucks,Public facilities and services,Public places and places,Trick,Disturbing injured,Missing,No Clouds,natural,Normal,basic,Traffic accident,1,0,0,0
1972,1972,86228,109629,Fujairah,Civil Defense Center - Dibba,Police and traffic,9/23/2017,2017/09/23-17:05,2017/09/23-17:12,2017/09/23-17:20,9/23/2017 17:25,2017/09/23-17:41,2017/09/23-17:50,Transportation accidents,Clash,Cars,Means of transport,Methods and transport facilities,Gop Interior Street,Rescue and transfer injured people,Cars,No Clouds,natural,unclassified,basic,Traffic accident,1,0,0,0
1973,1973,86252,109653,Ras Al Khaimah,Civil Defense Center - Administration,Police and traffic,9/24/2017,2017/09/24-18:46,2017/09/24-18:50,2017/09/24-18:55,9/24/2017 18:57,2017/09/24-19:06,2017/09/24-19:18,Transportation accidents,Clash,Cars,Other places,Other places,Al -Falaiya Street,rescue,Missing,No Clouds,natural,unclassified,basic,it is not determined yet,0,0,,
1974,1974,86264,109665,Fujairah,Civil Defense Center - Dibba,Police and traffic,9/25/2017,2017/09/25-10:25,2017/09/25-10:39,2017/09/25-10:41,9/25/2017 10:42,2017/09/25-10:44,2017/09/25-11:10,Transportation accidents,Deterioration,Cars,Public facilities and services,Public places and places,Wadi Al Fai,Inspection,Missing,No Clouds,natural,Normal,Limited,Traffic accident,0,0,,
1975,1975,86271,109672,Umm Al Quwain,Al -Aqran Center,Police and traffic,9/25/2017,2017/09/25-16:41,2017/09/25-16:44,2017/09/25-16:49,9/25/2017 16:52,2017/09/25-16:59,2017/09/25-17:10,Transportation accidents,One hundredth,Cars,governmental,governmental,Sheikh Mohammed bin Zayed Street,Fire fighting,Cars,No Clouds,natural,Normal,basic,Traffic accident,0,0,,
1976,1976,86319,109720,Ajman,Civil Defense Center - Administration,The audience,9/28/2017,2017/09/28-14:44,2017/09/28-14:51,2017/09/28-14:59,9/28/2017 15:03,2017/09/28-15:05,2017/09/28-15:08,Transportation accidents,Shocked,Missing,Means of transport,Methods and transport facilities,Mashirf,Inspection,Missing,No Clouds,natural,Normal,Limited,it is not determined yet,0,0,,
1977,1977,86331,109732,Sharjah,Civil Defense Center - Al -Mina,Police and traffic,9/28/2017,2017/09/28-22:40,2017/09/28-22:46,2017/09/28-22:52,9/28/2017 23:08,2017/09/28-23:23,2017/09/28-23:30,Transportation accidents,Clash,Cars,governmental,governmental,Gorgeous,Disturbing injured,Cars,No Clouds,Crowded,Important,medium,it is not determined yet,1,0,0,0
1978,1978,86362,109763,Umm Al Quwain,Civil Defense Center - Administration,Police and traffic,10/1/2017,2017/10/01-10:15,2017/10/01-10:17,2017/10/01-10:20,10/1/2017 10:36,2017/10/01-10:40,2017/10/01-10:58,Transportation accidents,Clash,Cars,governmental,governmental,Al -Atin 1 next to the petroleum plant,Ambulance and rescue,governmental,No Clouds,natural,Important,medium,Traffic accident,3,1,0,0
1979,1979,86427,109828,Ras Al Khaimah,Civil Defense Center - Administration,Police and traffic,10/5/2017,2017/10/05-07:26,2017/10/05-07:31,2017/10/05-07:35,10/5/2017 7:41,2017/10/05-07:45,2017/10/05-07:54,Transportation accidents,Deterioration,Cars,Other places,Other places,Al -Qawasim Corniche near the Caesar Restaurant,Rescue people,Missing,No Clouds,natural,Important,basic,it is not determined yet,1,0,0,0
1980,1980,86441,109842,Umm Al Quwain,Civil Defense Center - Administration,Police and traffic,10/6/2017,2017/10/06-17:01,2017/10/06-17:07,2017/10/06-17:10,10/6/2017 17:12,2017/10/06-17:13,2017/10/06-17:30,Transportation accidents,A deterioration resulted in a fire,Cars,Public facilities and services,Public places and places,Al -Atheeb area,Inspection,Cars,No Clouds,natural,Normal,Limited,it is not determined yet,0,0,,
1981,1981,86446,109847,Sharjah,Civil Defense Center - Mawlh,The audience,10/7/2017,2017/10/07-01:00,2017/10/07-01:06,2017/10/07-01:38,10/7/2017 1:45,2017/10/07-01:50,2017/10/07-01:55,Transportation accidents,One hundredth,Heavy Equipment,governmental,governmental,Industrial 13 near the National Bridge,take actions,Cars,No Clouds,Crowded,Important,Limited,Traffic accident,0,0,,
1982,1982,86451,109852,Eye,Civil Defense Center - Administration,Police and traffic,10/7/2017,2017/10/07-10:52,2017/10/07-11:17,2017/10/07-11:19,10/7/2017 11:20,2017/10/07-11:22,2017/10/07-11:29,Transportation accidents,Clash,Cars,Other places,Streets and squares,City Center Market,Inspection,Cars,No Clouds,natural,Normal,Limited,it is not determined yet,,,,
1983,1983,86458,109859,Sharjah,Civil Defense Center - Al -Sajaa,Police and traffic,10/7/2017,2017/10/07-13:43,2017/10/07-13:48,2017/10/07-13:52,10/7/2017 14:15,2017/10/07-14:25,2017/10/07-14:30,Transportation accidents,Clash,Missing,Means of transport,car,Maliha Street,rescue,Missing,No Clouds,natural,Normal,basic,it is not determined yet,1,0,0,0
1984,1984,86461,109862,Sharjah,Madame Unit,Police and traffic,10/7/2017,2017/10/07-19:05,2017/10/07-19:20,2017/10/07-19:23,10/7/2017 19:30,2017/10/07-19:35,2017/10/07-19:40,Transportation accidents,Clash,Missing,Means of transport,Methods and transport facilities,Fali area near Al Madam roundabout,rescue,Missing,No Clouds,natural,Normal,basic,it is not determined yet,1,0,0,0
1985,1985,86482,109883,Abu Dhabi,Civil Defense Center - Sas Al Nakhl,Police and traffic,10/8/2017,2017/10/08-22:11,2017/10/08-22:17,2017/10/08-22:25,10/8/2017 22:37,2017/10/08-22:40,2017/10/08-22:50,Transportation accidents,Shocked,Cars,Means of transport,Methods and transport facilities,Al Raha Beach Street towards Shahama,Fire cooling,Missing,No Clouds,natural,Important,basic,it is not determined yet,0,0,,
1986,1986,86483,109884,Abu Dhabi,Civil Defense Center - Gentot,Police and traffic,10/9/2017,2017/10/09-02:13,2017/10/09-02:20,2017/10/09-02:35,10/9/2017 2:38,2017/10/09-02:39,2017/10/09-02:58,Transportation accidents,Deterioration,Cars,Means of transport,Methods and transport facilities,Sih Shuaib Bridge towards the interior,Separation of a battery,Cars,No Clouds,natural,Important,basic,it is not determined yet,0,0,,
1987,1987,86486,109887,Ras Al Khaimah,Civil Defense Center - Administration,Police and traffic,10/9/2017,2017/10/09-12:37,2017/10/09-12:41,2017/10/09-12:45,10/9/2017 12:55,2017/10/09-13:00,2017/10/09-13:05,Transportation accidents,Clash,the person,Public facilities and services,Public places and places,Al Nakheel Street towards Rams,rescue,Specific,No Clouds,natural,very important,basic,Traffic accident,1,0,0,0
1988,1988,86502,109903,Abu Dhabi,Civil Defense Center - Al -Shamkha,Police and traffic,10/10/2017,2017/10/10-06:52,2017/10/10-07:19,2017/10/10-08:00,10/10/2017 8:25,2017/10/10-08:30,2017/10/10-08:50,Transportation accidents,Clash,Cars,Means of transport,Methods and transport facilities,Sweihan Street before the Sih Shuaib Bridge towards Abu Dhabi,Take bodies,Cars,No Clouds,natural,Normal,medium,Traffic accident,0,1,0,0
1989,1989,86520,109921,Sharjah,Madame Unit,Police and traffic,10/11/2017,2017/10/11-17:18,2017/10/11-17:27,2017/10/11-17:42,10/11/2017 18:05,2017/10/11-18:12,2017/10/11-18:26,Transportation accidents,Clash,Cars,Means of transport,Methods and transport facilities,Al Madam Street-Dubai,Disturbing injured,Missing,No Clouds,natural,Normal,basic,it is not determined yet,2,0,0,0
1990,1990,86532,109933,Ajman,Civil Defense Center - Administration,Police and traffic,10/12/2017,2017/10/12-07:19,2017/10/12-07:26,2017/10/12-07:40,10/12/2017 8:15,2017/10/12-08:23,2017/10/12-08:28,Transportation accidents,Deterioration,Missing,Means of transport,Methods and transport facilities,Al -Nuaimia area opposite Hamdan Center,take actions,Missing,I did not specify,unclassified,Normal,Limited,it is not determined yet,0,0,,
1991,1991,86563,109964,Fujairah,Civil Defense Center - Masafi,Police and traffic,10/13/2017,2017/10/13-20:44,2017/10/13-20:50,2017/10/13-20:57,10/13/2017 21:07,2017/10/13-21:20,2017/10/13-21:30,Transportation accidents,Deterioration,Cars,Public facilities and services,Public places and places,Inconsistent,Disturbing injured,Missing,No Clouds,natural,Important,medium,Traffic accident,5,1,0,0
1992,1992,86578,109979,Ajman,Civil Defense Center - Administration,Police and traffic,10/14/2017,2017/10/14-22:26,2017/10/14-22:30,2017/10/14-22:33,10/14/2017 22:50,2017/10/14-23:00,2017/10/14-23:05,Transportation accidents,Deterioration,Missing,Means of transport,Methods and transport facilities,Missing,take actions,Missing,No Clouds,natural,Normal,basic,it is not determined yet,1,0,0,0
1993,1993,86587,109988,Umm Al Quwain,Civil Defense Center - Administration,Police and traffic,10/15/2017,2017/10/15-17:35,2017/10/15-17:39,2017/10/15-17:44,10/15/2017 17:45,2017/10/15-17:48,2017/10/15-18:00,Transportation accidents,Shocked,Cars,Public facilities and services,Public places and places,Salama area,Fire control and cooling,Cars,No Clouds,natural,Normal,basic,Unknown,0,0,,
1994,1994,86609,110010,Ras Al Khaimah,Poverty,Police and traffic,10/16/2017,2017/10/16-20:34,2017/10/16-20:38,2017/10/16-20:40,10/16/2017 20:41,2017/10/16-20:44,2017/10/16-20:48,Transportation accidents,Deterioration,Trucks,Other places,Streets and squares,Shahm area,Fire fighting,Missing,I did not specify,unclassified,unclassified,basic,it is not determined yet,0,0,,
1995,1995,86661,110062,Sharjah / Eastern Region,Civil Defense Center - Kalba,Police and traffic,10/19/2017,2017/10/19-22:26,2017/10/19-22:30,2017/10/19-22:33,10/19/2017 22:36,2017/10/19-22:45,2017/10/19-22:50,Transportation accidents,Clash,Cars,tourist,tourist,Kork Al -Khulabaa Corniche,Inspection,Cars,No Clouds,natural,Important,Limited,it is not determined yet,,,,
1996,1996,86722,110123,Abu Dhabi,Civil Defense Center - Al Wathba,Police and traffic,10/23/2017,2017/10/23-14:01,2017/10/23-14:07,2017/10/23-14:20,10/23/2017 15:50,2017/10/23-16:00,2017/10/23-16:10,Transportation accidents,A deterioration resulted in a fire,Cars,Means of transport,Methods and transport facilities,Missing,Fire control and cooling,Cars,No Clouds,natural,Normal,basic,Traffic accident,,,,
1997,1997,86744,110145,Ras Al Khaimah,Civil Defense Center - Al Gail,Police and traffic,10/24/2017,2017/10/24-15:26,2017/10/24-15:32,2017/10/24-15:41,10/24/2017 15:47,2017/10/24-15:50,2017/10/24-16:13,Transportation accidents,Deterioration,Cars,Other places,Other places,Ear Street towards Al -Gail,rescue,Missing,No Clouds,natural,unclassified,basic,it is not determined yet,0,0,,
1998,1998,86749,110150,Sharjah,Civil Defense Center - Al Dhaid,The audience,10/24/2017,2017/10/24-19:00,2017/10/24-19:08,2017/10/24-19:13,10/24/2017 19:16,2017/10/24-19:33,2017/10/24-19:45,Transportation accidents,One hundredth,Buses,Other places,Other places,Al Dhaid Sharjah Street Bridge (10),rescue,Transmission,No Clouds,natural,Normal,basic,Traffic accident,3,0,0,0
1999,1999,86759,110160,Abu Dhabi,Civil Defense Center - Al -Shahama,Police and traffic,10/25/2017,2017/10/25-04:54,2017/10/25-05:20,2017/10/25-05:24,10/25/2017 5:28,2017/10/25-06:25,2017/10/25-06:30,Transportation accidents,Clash,Missing,governmental,Military facility,Zayed City Camp,Directing a corpse and cooling,Missing,No Clouds,natural,Normal,Limited,it is not determined yet,,,,
2000,2000,86779,110180,Ras Al Khaimah,Civil Defense Center - Al -Dakdakh,Police and traffic,10/26/2017,2017/10/26-10:12,2017/10/26-10:18,2017/10/26-10:21,10/26/2017 10:26,2017/10/26-10:28,2017/10/26-10:40,Transportation accidents,A collision resulted in a fire,Cars,Public facilities and services,Public places and places,Ras Al Khaimah/ opposite Kantaki,Fire fighting,Missing,I did not specify,unclassified,unclassified,basic,it is not determined yet,0,0,,