,Unnamed: 0,rec_id,Accident number,Competent Department,Competent Center,Amount rating,Date of the accident,The date and time of the notification,Date and time of first arrival,Date and time of completion of control,End date and time of the operation,Departure date and time,Date and time of return to the center,Accident Group,Type of accident,Direct damage,Acccident scene category,Accident scene,Accident title,The band's work summary,Activity,Weather condition,Road condition,Priority level,Accident size,The cause of the accident,The number of injured people,The number of deaths in the public,The number of injured members of the force,The number of deaths of members of the force
2001,2001,86788,110189,Eye,Civil Defense Center - Administration,Police and traffic,10/26/2017,2017/10/26-14:27,2017/10/26-14:31,2017/10/26-14:35,10/26/2017 14:50,2017/10/26-14:51,2017/10/26-14:56,Transportation accidents,A collision resulted in a fire,Cars,Public facilities and services,Public places and places,Repentance ... the main street,Fire fighting,Specific,I did not specify,unclassified,Normal,basic,it is not determined yet,0,0,,
2002,2002,86795,110196,Abu Dhabi,Civil Defense Center - Shakhbout City,Police and traffic,10/26/2017,2017/10/26-20:41,2017/10/26-21:10,2017/10/26-22:00,10/26/2017 22:05,2017/10/26-22:10,2017/10/26-22:30,Transportation accidents,A collision resulted in a fire,Cars,Means of transport,Methods and transport facilities,On an intimate road,Fire cooling,Cars,No Clouds,natural,Important,basic,it is not determined yet,0,0,,
2003,2003,86812,110213,Sharjah,Civil Defense Center - Al Dhaid,Other parties,10/28/2017,2017/10/28-09:50,2017/10/28-09:57,2017/10/28-10:00,10/28/2017 10:02,2017/10/28-10:15,2017/10/28-10:26,Transportation accidents,Clash,Cars,agricultural,Farm,Al -Seji roundabout,existence,Transmission,No Clouds,natural,Normal,Limited,Traffic accident,0,0,,
2004,2004,86816,110217,Ras Al Khaimah,Civil Defense Center - Administration,Police and traffic,10/28/2017,2017/10/28-16:46,2017/10/28-16:51,2017/10/28-16:56,10/28/2017 16:58,2017/10/28-17:03,2017/10/28-17:07,Transportation accidents,Clash,Cars,Other places,Other places,Al -Nakheel District - the intersection of the Gulf Cinema,Inspection,Missing,I did not specify,unclassified,unclassified,Limited,it is not determined yet,0,0,,
2005,2005,86819,110220,Ras Al Khaimah,Civil Defense Center - Al -Jazeera Al -Hamra,Police and traffic,10/28/2017,2017/10/28-18:55,2017/10/28-19:03,2017/10/28-19:09,10/28/2017 19:12,2017/10/28-19:15,2017/10/28-19:23,Transportation accidents,Clash,Cars,Other places,Other places,Al -Jazeera Al -Hamra area near the exit 122,Directing confined and transferring injured people,Missing,I did not specify,unclassified,unclassified,basic,it is not determined yet,0,0,,
2006,2006,86856,110257,Umm Al Quwain,Patch Center,Police and traffic,10/30/2017,2017/10/30-02:21,2017/10/30-02:28,2017/10/30-02:45,10/30/2017 2:57,2017/10/30-03:00,2017/10/30-03:25,Transportation accidents,Clash,Cars,Means of transport,Methods and transport facilities,Missing,Rescue and transfer injured people,Missing,No Clouds,natural,Important,basic,Traffic accident,1,0,0,0
2007,2007,86862,110263,Dubai,Al Barsha Center,Police and traffic,10/30/2017,2017/10/30-11:02,2017/10/30-11:16,2017/10/30-11:24,10/30/2017 11:26,2017/10/30-11:29,2017/10/30-11:58,Transportation accidents,Clash,Cars,Means of transport,Methods and transport facilities,Al -Quoz 1,Fire fighting,Missing,No Clouds,natural,Normal,Limited,Traffic accident,,,,
2008,2008,86865,110266,Ras Al Khaimah,Civil Defense Center - Al Gail,Police and traffic,10/30/2017,2017/10/30-22:54,2017/10/30-23:00,2017/10/30-23:10,10/30/2017 23:20,2017/10/30-23:28,2017/10/30-23:33,Transportation accidents,Clash,Cars,Other places,Streets and squares,Al -Ghail area,Separation of a battery,Specific,No Clouds,natural,Important,basic,Traffic accident,1,0,0,0
2009,2009,86881,110282,Fujairah,Civil Defense Center - Dibba,Police and traffic,10/31/2017,2017/10/31-22:54,2017/10/31-23:15,2017/10/31-23:42,10/31/2017 23:47,2017/10/31-23:52,2017/11/01-00:10,Transportation accidents,Deterioration,the person,Means of transport,Methods and transport facilities,Gang,He told,Construction,No Clouds,natural,unclassified,basic,Traffic accident,1,0,0,0
2010,2010,86906,110307,Sharjah,Civil Defense Center - Sunan,Police and traffic,11/2/2017,2017/11/02-13:22,2017/11/02-13:30,2017/11/02-13:35,11/2/2017 14:25,2017/11/02-14:30,2017/11/02-14:37,Transportation accidents,Shocked,Cars,Means of transport,Methods and transport facilities,Wasit Street towards Ajman at Wasit Electricity,Fire combat and rescue,Missing,No Clouds,Crowded,Normal,medium,it is not determined yet,0,1,0,0
2011,2011,86916,110317,Ajman,Civil Defense Center - Al -Jarf,The audience,11/3/2017,2017/11/03-01:09,2017/11/03-01:15,2017/11/03-01:29,11/3/2017 1:33,2017/11/03-01:48,2017/11/03-01:56,Transportation accidents,Clash,Missing,Means of transport,Methods and transport facilities,Missing,rescue,Missing,I did not specify,unclassified,unclassified,basic,it is not determined yet,0,0,,
2012,2012,86938,110339,Abu Dhabi,Civil Defense Center - Mossafah (M33),Police and traffic,11/3/2017,2017/11/03-20:12,2017/11/03-20:18,2017/11/03-23:08,11/3/2017 23:15,2017/11/03-23:20,2017/11/03-23:23,Transportation accidents,One hundredth,Cars,Public facilities and services,Public places and places,Above the popular bridge bridge,Sand -dropped oil coverage,Supply,No Clouds,natural,Normal,basic,it is not determined yet,0,0,,
2013,2013,86956,110357,Sharjah,Civil Defense Center - Al Dhaid,Police and traffic,11/5/2017,2017/11/05-20:30,2017/11/05-20:37,2017/11/05-20:40,11/5/2017 20:41,2017/11/05-20:51,2017/11/05-21:00,Transportation accidents,Clash,Cars,Other places,Streets and squares,"Al Dhaid Sharjah Road, near Al -Battat Police Station",existence,Cars,No Clouds,natural,Normal,Limited,Traffic accident,0,0,,
2014,2014,86963,110364,Fujairah,Civil Defense Center - Dibba,Police and traffic,11/6/2017,2017/11/06-07:02,2017/11/06-07:06,2017/11/06-07:13,11/6/2017 7:15,2017/11/06-07:19,2017/11/06-07:21,Transportation accidents,Clash,Cars,governmental,governmental,Al -Ajamiya,Inspection,Cars,No Clouds,natural,Important,Limited,Traffic accident,0,0,,
2015,2015,87001,110402,Ajman,Civil Defense Center - Al -Jarf,Police and traffic,11/8/2017,2017/11/08-01:02,2017/11/08-01:08,2017/11/08-01:14,11/8/2017 1:25,2017/11/08-01:40,2017/11/08-01:50,Transportation accidents,Deterioration,Cars,Means of transport,car,Mohammed bin Zayed Street in the way to Sharjah,rescue,Cars,No Clouds,natural,Important,medium,it is not determined yet,,,,
2016,2016,87028,110429,Abu Dhabi,Civil Defense Center - Mossafah M14,Police and traffic,11/9/2017,2017/11/09-11:45,2017/11/09-11:48,2017/11/09-12:01,11/9/2017 12:35,2017/11/09-12:40,2017/11/09-12:45,Transportation accidents,Clash,Heavy Equipment,Means of transport,Heavy stomach,Industrial armored m2,rescue,Cars,No Clouds,natural,Normal,basic,it is not determined yet,,,,
2017,2017,87035,110436,Ras Al Khaimah,Civil Defense Center - Riffa,Police and traffic,11/9/2017,2017/11/09-16:58,2017/11/09-17:05,2017/11/09-17:08,11/9/2017 17:10,2017/11/09-17:13,2017/11/09-17:18,Transportation accidents,Clash,Missing,Public facilities and services,Public places and places,Mohammed bin Zayed Street (Sheikh Khalifa Bridge),rescue,Missing,No Clouds,natural,Normal,basic,Traffic accident,0,0,,
2018,2018,87057,110458,Sharjah,Civil Defense Center - Mawlh,Police and traffic,11/10/2017,2017/11/10-20:27,2017/11/10-20:34,2017/11/10-20:38,11/10/2017 21:19,2017/11/10-21:21,2017/11/10-21:32,Transportation accidents,A deterioration resulted in a fire,Cars,residential,residential,Al -Qurain area 3,Fire fighting,Cars,No Clouds,natural,unclassified,basic,Traffic accident,6,0,0,0
2019,2019,87128,110529,Abu Dhabi,Civil Defense Center - Al Wathba,Police and traffic,11/15/2017,2017/11/15-08:47,2017/11/15-08:49,2017/11/15-08:54,11/15/2017 9:20,2017/11/15-09:21,2017/11/15-09:34,Transportation accidents,A collision resulted in a fire,Cars,residential,residential,Military Renaissance,Fire control and cooling,Cars,No Clouds,natural,Normal,basic,it is not determined yet,0,0,,
2020,2020,87139,110540,Ras Al Khaimah,Civil Defense Center - Administration,Police and traffic,11/16/2017,2017/11/16-02:46,2017/11/16-02:48,2017/11/16-02:56,11/16/2017 3:06,2017/11/16-03:10,2017/11/16-03:13,Transportation accidents,Clash,Cars,Other places,Other places,Palm intersection Al -Manar,Disturbing injured,Missing,No Clouds,unclassified,Normal,basic,it is not determined yet,0,0,,
2021,2021,87166,110567,Eye,Civil Defense Center - Maqam,Police and traffic,11/17/2017,2017/11/17-17:18,2017/11/17-17:30,2017/11/17-17:41,11/17/2017 17:50,2017/11/17-17:58,2017/11/17-18:09,Transportation accidents,A collision resulted in a fire,Cars,Means of transport,car,From the Salamat roundabout towards the airport,Fire control and cooling,Cars,No Clouds,natural,Normal,medium,it is not determined yet,,,,
2022,2022,87173,110574,Umm Al Quwain,Patch Center,Police and traffic,11/18/2017,2017/11/18-15:01,2017/11/18-15:05,2017/11/18-15:11,11/18/2017 15:15,2017/11/18-15:19,2017/11/18-15:30,Transportation accidents,Clash,the person,Public facilities and services,Public places and places,Emirates Street,Directing confined and transferring injured people,Cars,No Clouds,natural,Normal,basic,Traffic accident,0,0,,
2023,2023,87181,110582,Sharjah,Civil Defense Center - Al -Sajaa,Police and traffic,11/18/2017,2017/11/18-23:50,2017/11/18-23:54,2017/11/19-01:01,11/19/2017 2:09,2017/11/19-02:25,2017/11/19-02:35,Transportation accidents,Clash,Trucks,Industrial,Industrial,Airport Street,Directing confined and transferring injured people,Missing,No Clouds,natural,Important,basic,it is not determined yet,2,0,0,0
2024,2024,87198,110599,Umm Al Quwain,Civil Defense Center - Administration,Police and traffic,11/20/2017,2017/11/20-08:59,2017/11/20-09:08,2017/11/20-09:13,11/20/2017 9:16,2017/11/20-09:25,2017/11/20-09:33,Transportation accidents,One hundredth,the person,Means of transport,Methods and transport facilities,Al -Ittihad Street towards Umm Al Quwain before the Umm Al -Thawas roundabout,Inspection,Specific,No Clouds,natural,Normal,Limited,it is not determined yet,0,0,,
2025,2025,87211,110612,Ras Al Khaimah,Civil Defense Center - Kadra,Police and traffic,11/21/2017,2017/11/21-06:04,2017/11/21-06:15,2017/11/21-06:21,11/21/2017 6:50,2017/11/21-06:53,2017/11/21-07:20,Transportation accidents,Clash,Cars,Other places,Other places,Al -Munai’i,rescue,Missing,No Clouds,natural,Important,basic,Traffic accident,0,0,,
2026,2026,87230,110631,Ajman,Civil Defense Center - Al -Jarf,Military officers and members,11/23/2017,2017/11/23-00:38,2017/11/23-00:46,2017/11/23-01:11,11/23/2017 1:15,2017/11/23-01:16,2017/11/23-01:30,Transportation accidents,Clash,Missing,Means of transport,Methods and transport facilities,Missing,Disturbing injured,Missing,No Clouds,natural,Normal,Limited,it is not determined yet,,,,
2027,2027,87236,110637,Sharjah,Civil Defense Center - Al -Sajaa,Police and traffic,11/23/2017,2017/11/23-14:18,2017/11/23-14:24,2017/11/23-14:30,11/23/2017 15:00,2017/11/23-15:07,2017/11/23-15:15,Transportation accidents,Clash,Cars,Means of transport,Methods and transport facilities,Al Dhaid Street,Directing confined and transferring injured people,Cars,No Clouds,Crowded,Normal,medium,it is not determined yet,0,1,0,0
2028,2028,87243,110644,Ajman,Civil Defense Center - Al -Jarf,Police and traffic,11/24/2017,2017/11/24-00:36,2017/11/24-00:44,2017/11/24-00:52,11/24/2017 0:58,2017/11/24-01:30,2017/11/24-01:42,Transportation accidents,A collision resulted in a fire,Missing,Means of transport,Methods and transport facilities,Missing,Fire fighting,Missing,I did not specify,unclassified,Important,basic,it is not determined yet,0,0,,
2029,2029,87250,110651,Ajman,Civil Defense Center - Administration,Police and traffic,11/24/2017,2017/11/24-16:29,2017/11/24-16:34,2017/11/24-16:40,11/24/2017 16:44,2017/11/24-16:48,2017/11/24-17:00,Transportation accidents,Clash,Cars,Means of transport,Methods and transport facilities,Mashirf,take actions,Missing,Clouds,natural,Important,Limited,it is not determined yet,0,0,,
2030,2030,87253,110654,Ajman,Civil Defense Center - Administration,Police and traffic,11/24/2017,2017/11/24-20:08,2017/11/24-20:14,2017/11/24-20:26,11/24/2017 20:30,2017/11/24-20:35,2017/11/24-20:40,Transportation accidents,One hundredth,Light,governmental,governmental,Mashirf,take actions,Missing,No Clouds,natural,unclassified,Limited,it is not determined yet,0,0,,
2031,2031,87287,110688,Ajman,Civil Defense Center - Industrial,The audience,11/28/2017,2017/11/28-00:01,2017/11/28-00:10,2017/11/28-00:18,11/28/2017 0:21,2017/11/28-00:25,2017/11/28-00:35,Transportation accidents,Clash,Cars,governmental,governmental,"Sheikh Mohammed bin Zayed Street, near Sheikh Ammar Bridge",take actions,Missing,I did not specify,unclassified,Important,Limited,it is not determined yet,0,0,,
2032,2032,87297,110698,Ras Al Khaimah,Civil Defense Center - Al -Dakdakh,Police and traffic,11/28/2017,2017/11/28-12:51,2017/11/28-12:55,2017/11/28-12:57,11/28/2017 13:00,2017/11/28-13:05,2017/11/28-13:13,Transportation accidents,Clash,Cars,Public facilities and services,Public places and places,Khuzam near the hour roundabout,Fire fighting,Missing,No Clouds,Crowded,Normal,Limited,it is not determined yet,0,0,,
2033,2033,87313,110714,Abu Dhabi,Civil Defense Center - Al Wathba,Police and traffic,11/29/2017,2017/11/29-11:59,2017/11/29-12:20,2017/11/29-12:24,11/29/2017 12:43,2017/11/29-12:44,2017/11/29-12:56,Transportation accidents,Clash,Cars,Means of transport,Methods and transport facilities,Truck road pair towards Al Ain,rescue,Cars,No Clouds,natural,Normal,basic,other reasons,1,0,0,0
2034,2034,87318,110719,Ras Al Khaimah,Civil Defense Center - Administration,Military officers and members,11/29/2017,2017/11/29-19:30,2017/11/29-19:35,2017/11/29-19:40,11/29/2017 19:45,2017/11/29-20:00,2017/11/29-20:05,Transportation accidents,Clash,Cars,Other places,Streets and squares,Near the hour roundabout,Separation of a battery,Specific,No Clouds,natural,Important,basic,Traffic accident,0,0,,
2035,2035,87326,110727,Fujairah,Civil Defense Center - Al -Taween,Police and traffic,11/30/2017,2017/11/30-06:36,2017/11/30-06:43,2017/11/30-06:45,11/30/2017 6:50,2017/11/30-06:55,2017/11/30-07:05,Transportation accidents,Deterioration,Cars,Public facilities and services,Public places and places,Al -Henna district and defect on the Al -Shuhada Street road towards Dibba,take actions,Cars,No Clouds,natural,Normal,Limited,it is not determined yet,,,,
2036,2036,87345,110746,Ajman,Civil Defense Center - Administration,Police and traffic,12/1/2017,2017/12/01-15:55,2017/12/01-16:01,2017/12/01-16:05,12/1/2017 16:45,2017/12/01-16:51,2017/12/01-16:59,Transportation accidents,Clash,Cars,Means of transport,Methods and transport facilities,Under the Glada Bridge in Al -Rashidiya 1,rescue,Cars,No Clouds,natural,very important,basic,it is not determined yet,0,0,,
2037,2037,87355,110756,Abu Dhabi,Civil Defense Center - Al -Falah (Al -Falah City),Police and traffic,12/2/2017,2017/12/02-13:18,2017/12/02-13:24,2017/12/02-13:35,12/2/2017 13:40,2017/12/02-13:50,2017/12/02-13:59,Transportation accidents,Shocked,Cars,Means of transport,Methods and transport facilities,The old farmer area,Fire cooling,Cars,No Clouds,natural,Normal,basic,it is not determined yet,,,,
2038,2038,87368,110769,Sharjah,Civil Defense Center - Al -Sajaa,Police and traffic,12/3/2017,2017/12/03-17:34,2017/12/03-17:42,2017/12/03-17:46,12/3/2017 17:55,2017/12/03-18:10,2017/12/03-18:20,Transportation accidents,Clash,Cars,Public facilities and services,Public places and places,Siwih 8,Being and preparing,Cars,Clouds,natural,Normal,basic,Traffic accident,2,0,0,0
2039,2039,87378,110779,Umm Al Quwain,Patch Center,Police and traffic,12/4/2017,2017/12/04-19:58,2017/12/04-20:08,2017/12/04-20:15,12/4/2017 20:22,2017/12/04-20:30,2017/12/04-20:39,Transportation accidents,Clash,the person,Means of transport,Methods and transport facilities,Emirates Street Transit in Sharjah,Ambulance and rescue,Specific,Dust and wind,natural,Important,medium,Traffic accident,4,2,0,0
2040,2040,87384,110785,Ras Al Khaimah,Civil Defense Center - Administration,Police and traffic,12/5/2017,2017/12/05-07:35,2017/12/05-07:40,2017/12/05-07:43,12/5/2017 7:44,2017/12/05-07:46,2017/12/05-07:59,Transportation accidents,Deterioration,the person,Other places,Other places,Al -Uraibi,Separation of a battery,Specific,No Clouds,natural,Important,basic,Traffic accident,0,0,,
2041,2041,87395,110796,Umm Al Quwain,Al -Aqran Center,Police and traffic,12/6/2017,2017/12/06-10:32,2017/12/06-10:35,2017/12/06-10:40,12/6/2017 10:47,2017/12/06-10:49,2017/12/06-10:54,Transportation accidents,Deterioration,the person,Industrial,Industrial,In exchange for the city of Interlock or the snakes,Inspection,trade,No Clouds,natural,Normal,Limited,Traffic accident,0,0,,
2042,2042,87399,110800,Sharjah,Civil Defense Center - Al -Sajaa,Police and traffic,12/6/2017,2017/12/06-19:54,2017/12/06-20:02,2017/12/06-20:04,12/6/2017 20:05,2017/12/06-20:06,2017/12/06-20:16,Transportation accidents,Clash,Without accident,Means of transport,Methods and transport facilities,airport Street,Inspection,Missing,No Clouds,Crowded,Normal,Limited,it is not determined yet,0,0,,
2043,2043,87404,110805,Ras Al Khaimah,Civil Defense Center - Administration,Police and traffic,12/7/2017,2017/12/07-07:05,2017/12/07-07:10,2017/12/07-07:15,12/7/2017 7:16,2017/12/07-07:17,2017/12/07-07:23,Transportation accidents,Clash,Cars,Other places,Other places,Includes the bridge,Fire fighting,Missing,No Clouds,natural,Normal,basic,Traffic accident,0,0,,
2044,2044,87432,110833,Ras Al Khaimah,Civil Defense Center - Administration,Police and traffic,12/8/2017,2017/12/08-11:38,2017/12/08-11:43,2017/12/08-11:50,12/8/2017 11:52,2017/12/08-11:54,2017/12/08-12:00,Transportation accidents,Deterioration,Cars,Other places,Streets and squares,In exchange for girls ’technology,rescue,Missing,I did not specify,unclassified,unclassified,basic,Traffic accident,0,0,,
2045,2045,87448,110849,Ras Al Khaimah,Civil Defense Center - Administration,Police and traffic,12/9/2017,2017/12/09-02:35,2017/12/09-02:39,2017/12/09-02:44,12/9/2017 2:47,2017/12/09-02:49,2017/12/09-03:00,Transportation accidents,Deterioration,Cars,Other places,Streets and squares,The beginning of Jabis Road,rescue,Missing,No Clouds,natural,Important,basic,Traffic accident,0,0,,
2046,2046,87469,110870,Ras Al Khaimah,Civil Defense Center - Al -Jazeera Al -Hamra,Police and traffic,12/10/2017,2017/12/10-09:26,2017/12/10-09:32,2017/12/10-09:37,12/10/2017 9:39,2017/12/10-09:44,2017/12/10-10:00,Transportation accidents,Clash,Cars,Means of transport,car,Sheikh Mohammed bin Zayed Street,rescue,Missing,I did not specify,unclassified,unclassified,basic,it is not determined yet,0,0,,
2047,2047,87471,110872,Eye,Civil Defense Center - Al Hili,Police and traffic,11/21/2017,2017/11/21-21:05,2017/11/21-21:09,2017/11/21-21:11,11/21/2017 21:35,2017/11/21-21:37,2017/11/21-21:40,Transportation accidents,Clash,Cars,Other places,Other places,Al -Rumaila Al -Hili,Inspection,Cars,No Clouds,natural,Normal,Limited,it is not determined yet,0,0,,
2048,2048,87484,110885,Ras Al Khaimah,Civil Defense Center - Northern Administration,The audience,12/11/2017,2017/12/11-11:11,2017/12/11-11:17,2017/12/11-11:23,12/11/2017 11:25,2017/12/11-11:30,2017/12/11-11:40,Transportation accidents,Deterioration,the person,Other places,Other places,Galleh area,Separation of a battery,Specific,No Clouds,natural,Important,basic,Traffic accident,0,0,,
2049,2049,87492,110893,Fujairah,Civil Defense Center - Administration,Police and traffic,12/12/2017,2017/12/12-05:20,2017/12/12-05:26,2017/12/12-05:28,12/12/2017 5:50,2017/12/12-05:55,2017/12/12-06:04,Transportation accidents,Clash,Missing,Public facilities and services,Public places and places,Missing,Exit and transfer injured people,Missing,No Clouds,natural,unclassified,basic,it is not determined yet,0,0,,
2050,2050,87507,110908,Sharjah,Civil Defense Center - Al -Sajaa,The audience,12/13/2017,2017/12/13-20:50,2017/12/13-21:02,2017/12/13-21:05,12/13/2017 21:33,2017/12/13-21:45,2017/12/13-21:52,Transportation accidents,One hundredth,Cars,agricultural,Agricultural and animal,Missing,Fire fighting,Missing,Clouds,natural,Normal,basic,it is not determined yet,0,0,,
2051,2051,87508,110909,Sharjah,Civil Defense Center - Al -Mina,Other parties,12/13/2017,2017/12/13-23:02,2017/12/13-23:05,2017/12/13-23:35,12/13/2017 23:47,2017/12/13-23:55,2017/12/13-23:58,Transportation accidents,One hundredth,Shiphinah / ship,governmental,governmental,Khaled Port,Fire fighting,Missing,Clouds,natural,Normal,basic,it is not determined yet,0,0,,
2052,2052,87522,110923,Al Dhafra,Civil Defense Center - Liwa,Police and traffic,12/15/2017,2017/12/15-12:12,2017/12/15-12:35,2017/12/15-12:50,12/15/2017 13:00,2017/12/15-13:10,2017/12/15-13:45,Transportation accidents,Clash,Cars,Means of transport,Methods and transport facilities,"Liwa /Taman Taman Region Liwa, Zayed City",existence,Supply,No Clouds,natural,Normal,medium,Traffic accident,5,1,0,0
2053,2053,87537,110938,Ras Al Khaimah,Civil Defense Center - Administration,Police and traffic,12/15/2017,2017/12/15-23:42,2017/12/15-23:46,2017/12/15-23:50,12/16/2017 0:00,2017/12/16-00:01,2017/12/16-01:26,Transportation accidents,A collision resulted in a fire,Cars,Public facilities and services,Public places and places,Rams Street behind Rams spare parts,Fire fighting,Missing,I did not specify,unclassified,unclassified,basic,it is not determined yet,0,0,,
2054,2054,87538,110939,Ras Al Khaimah,Civil Defense Center - Administration,Police and traffic,12/16/2017,2017/12/16-00:10,2017/12/16-00:14,2017/12/16-00:16,12/16/2017 0:23,2017/12/16-00:25,2017/12/16-01:26,Transportation accidents,A collision resulted in a fire,Cars,Means of transport,Methods and transport facilities,"Al -Sakarib Street, Al -Ghab District",Fire fighting,Missing,I did not specify,unclassified,unclassified,basic,it is not determined yet,0,0,,
2055,2055,87548,110949,Ras Al Khaimah,Civil Defense Center - Administration,The audience,12/16/2017,2017/12/16-14:48,2017/12/16-14:57,2017/12/16-15:02,12/16/2017 15:11,2017/12/16-15:15,2017/12/16-15:39,Transportation accidents,A collision resulted in a fire,Cars,Means of transport,Methods and transport facilities,New Transit Street near the central prison,Fire fighting,Missing,Rains,Crowded,Normal,basic,it is not determined yet,0,0,,
2056,2056,87555,110956,Ajman,Civil Defense Center - Al -Jarf,Police and traffic,12/16/2017,2017/12/16-21:19,2017/12/16-21:23,2017/12/16-21:35,12/16/2017 21:40,2017/12/16-21:44,2017/12/16-21:50,Transportation accidents,One hundredth,Missing,Means of transport,Methods and transport facilities,Missing,Disturbing injured,Missing,No Clouds,natural,Normal,basic,it is not determined yet,0,0,,
2057,2057,87560,110961,Sharjah / Eastern Region,Civil Defense Center - Kalba,Police and traffic,12/16/2017,2017/12/16-21:30,2017/12/16-21:36,2017/12/16-21:40,12/16/2017 21:48,2017/12/16-21:55,2017/12/16-22:00,Transportation accidents,One hundredth,Cars,Means of transport,Methods and transport facilities,Square 20 Kalba,Carrying a car,Cars,Rains,natural,Important,basic,it is not determined yet,0,0,,
2058,2058,87569,111052,Sharjah,Civil Defense Center - Al Dhaid,Police and traffic,12/17/2017,2017/12/17-10:55,2017/12/17-11:00,2017/12/17-11:11,12/17/2017 11:21,2017/12/17-12:21,2017/12/17-12:27,Transportation accidents,Clash,Trucks,Public facilities and services,Public places and places,Truck Street,He told,Transmission,Clouds,natural,Important,basic,it is not determined yet,1,0,0,0
2059,2059,87570,111053,Ajman,Civil Defense Center - Industrial,Police and traffic,12/17/2017,2017/12/17-18:05,2017/12/17-18:09,2017/12/17-18:14,12/17/2017 18:16,2017/12/17-18:18,2017/12/17-18:22,Transportation accidents,Clash,Cars,residential,residential,Al -Rawda 2 area behind the diver restaurant,take actions,Missing,Clouds,natural,Normal,Limited,it is not determined yet,,,,
2060,2060,87595,111078,Umm Al Quwain,Civil Defense Center - Administration,Police and traffic,12/19/2017,2017/12/19-12:38,2017/12/19-12:43,2017/12/19-12:50,12/19/2017 12:51,2017/12/19-12:56,2017/12/19-13:10,Transportation accidents,Deterioration,Cars,Industrial,Industrial,Missing,Inspection,Missing,No Clouds,natural,Normal,Limited,Traffic accident,0,0,,
2061,2061,87599,111082,Umm Al Quwain,Patch Center,Police and traffic,12/19/2017,2017/12/19-18:14,2017/12/19-18:22,2017/12/19-18:27,12/19/2017 18:30,2017/12/19-18:35,2017/12/19-18:42,Transportation accidents,Clash,the person,Means of transport,Methods and transport facilities,Emirates Street in Sharjah,rescue,Specific,No Clouds,natural,Normal,basic,Traffic accident,0,0,,
2062,2062,87638,111121,Sharjah / Eastern Region,Civil Defense Center - Khor Fakkan,The audience,12/21/2017,2017/12/21-22:05,2017/12/21-22:09,2017/12/21-22:18,12/21/2017 22:22,2017/12/21-22:24,2017/12/21-22:26,Transportation accidents,One hundredth,Cars,Other places,Streets and squares,Al -Qadisiyah area / Khor Fakkan,rescue,Cars,No Clouds,natural,Normal,basic,Traffic accident,0,0,,
2063,2063,87673,111156,Ras Al Khaimah,Civil Defense Center - Administration,Police and traffic,12/25/2017,2017/12/25-06:53,2017/12/25-06:56,2017/12/25-06:58,12/25/2017 6:59,2017/12/25-07:02,2017/12/25-07:05,Transportation accidents,Clash,Cars,Other places,Other places,For Rak Mall,Disturbing injured,Missing,No Clouds,natural,Normal,basic,it is not determined yet,0,0,,
2064,2064,87681,111164,Ajman,Civil Defense Center - Administration,Police and traffic,12/25/2017,2017/12/25-14:49,2017/12/25-14:53,2017/12/25-14:58,12/25/2017 15:19,2017/12/25-15:33,2017/12/25-15:37,Transportation accidents,Clash,Missing,Public facilities and services,Public places and places,Missing,Disturbing injured,Missing,No Clouds,natural,Normal,basic,it is not determined yet,0,0,,
2065,2065,87682,111165,Ajman,Civil Defense Center - Administration,Police and traffic,12/25/2017,2017/12/25-14:49,2017/12/25-14:53,2017/12/25-14:58,12/25/2017 15:19,2017/12/25-15:33,2017/12/25-15:37,Transportation accidents,Clash,Missing,Public facilities and services,Public places and places,Missing,Disturbing injured,Missing,No Clouds,natural,Normal,basic,it is not determined yet,0,0,,
2066,2066,87692,111175,Fujairah,Civil Defense Center - Al -Madinah,The audience,12/26/2017,2017/12/26-10:24,2017/12/26-10:43,2017/12/26-10:46,12/26/2017 10:48,2017/12/26-11:41,2017/12/26-11:52,Transportation accidents,Clash,Cars,Public facilities and services,Public places and places,Sheikh Khalifa Street,Inspection,Missing,No Clouds,natural,Important,Limited,Traffic accident,0,0,,
2067,2067,87729,111212,Sharjah,Civil Defense Center - Sunan,The audience,12/28/2017,2017/12/28-22:16,2017/12/28-22:22,2017/12/28-22:25,12/28/2017 22:30,2017/12/28-22:35,2017/12/28-22:40,Transportation accidents,Shocked,Cars,Means of transport,Methods and transport facilities,Interface,Fire fighting,Missing,No Clouds,Crowded,Normal,basic,it is not determined yet,0,0,,
2068,2068,87730,111213,Ajman,Civil Defense Center - Industrial,Police and traffic,12/29/2017,2017/12/29-03:13,2017/12/29-03:21,2017/12/29-03:49,12/29/2017 3:50,2017/12/29-03:57,2017/12/29-04:10,Transportation accidents,Clash,Missing,Public facilities and services,Public places and places,Missing,Disturbing injured,Missing,No Clouds,natural,Normal,Limited,it is not determined yet,,,,