,Unnamed: 0,rec_id,Accident number,Competent Department,Competent Center,Amount rating,Date of the accident,The date and time of the notification,Date and time of first arrival,Date and time of completion of control,End date and time of the operation,Departure date and time,Date and time of return to the center,Accident Group,Type of accident,Direct damage,Acccident scene category,Accident scene,Accident title,The band's work summary,Activity,Weather condition,Road condition,Priority level,Accident size,The cause of the accident,The number of injured people,The number of deaths in the public,The number of injured members of the force,The number of deaths of members of the force
2069,2069,87744,111227,Umm Al Quwain,Al -Aqran Center,Police and traffic,12/30/2017,2017/12/30-14:35,2017/12/30-14:40,2017/12/30-14:43,12/30/2017 14:45,2017/12/30-14:46,2017/12/30-14:50,Transportation accidents,Clash,Cars,Means of transport,Methods and transport facilities,Sheikh Mohammed bin Zayed Street Exit 93,Exit and transfer injured people,Cars,No Clouds,natural,Normal,basic,Traffic accident,,,,
2070,2070,87745,111228,Umm Al Quwain,Al -Aqran Center,Police and traffic,12/30/2017,2017/12/30-14:35,2017/12/30-14:40,2017/12/30-14:43,12/30/2017 14:45,2017/12/30-14:46,2017/12/30-14:50,Transportation accidents,Clash,Cars,Means of transport,Methods and transport facilities,Sheikh Mohammed bin Zayed Street Exit 93,Exit and transfer injured people,Cars,No Clouds,natural,Normal,basic,Traffic accident,0,0,,
2071,2071,87778,111261,Ajman,Civil Defense Center - Administration,Police and traffic,1/2/2018,2018/01/02-19:31,2018/01/02-19:36,2018/01/02-19:45,1/2/2018 20:00,2018/01/02-20:15,2018/01/02-20:25,Transportation accidents,A collision resulted in a fire,Cars,governmental,governmental,Hamidiya,take actions,Missing,No Clouds,natural,Important,Limited,it is not determined yet,0,0,,
2072,2072,87812,111295,Umm Al Quwain,Patch Center,Police and traffic,1/5/2018,2018/01/05-19:37,2018/01/05-19:46,2018/01/05-19:51,1/5/2018 19:54,2018/01/05-19:55,2018/01/05-20:56,Transportation accidents,Clash,the person,Means of transport,Methods and transport facilities,Bayta area,Directing a corpse and cooling,Cars,No Clouds,natural,very important,medium,Traffic accident,0,1,0,0
2073,2073,87818,111301,Sharjah / Eastern Region,Civil Defense Center - Kalba,Civil defense departments and centers,1/6/2018,2018/01/06-14:11,2018/01/06-14:22,2018/01/06-14:27,1/6/2018 14:37,2018/01/06-14:38,2018/01/06-14:53,Transportation accidents,Clash,Cars,Public facilities and services,Public places and places,Wadi Al -Munai’i area is affiliated with the Emirate of Ras Al Khaimah,Directing confined and transferring injured people,Cars,No Clouds,natural,Important,basic,Traffic accident,5,0,0,0
2074,2074,87827,111310,Sharjah,Civil Defense Center - Al Dhaid,The audience,1/7/2018,2018/01/07-01:00,2018/01/07-01:18,2018/01/07-01:33,1/7/2018 1:37,2018/01/07-01:47,2018/01/07-02:20,Transportation accidents,Clash,Cars,Other places,Other places,Battle in his single,Fire fighting,Missing,No Clouds,natural,Normal,Limited,it is not determined yet,,,,
2075,2075,87840,111323,Abu Dhabi,Civil Defense Center - Al -Qubaisat,Police and traffic,1/8/2018,2018/01/08-06:11,2018/01/08-06:15,2018/01/08-06:25,1/8/2018 7:08,2018/01/08-07:15,2018/01/08-07:20,Transportation accidents,Shocked,Cars,Means of transport,Methods and transport facilities,Opposite the Mercedes Airport Airport,Fire control and cooling,Cars,No Clouds,natural,Normal,basic,it is not determined yet,,,,
2076,2076,87847,111330,Ajman,Civil Defense Center - Industrial,The audience,1/8/2018,2018/01/08-19:03,2018/01/08-19:09,2018/01/08-19:15,1/8/2018 19:20,2018/01/08-19:24,2018/01/08-19:30,Transportation accidents,Shocked,Cars,Public facilities and services,Public places and places,Industrial,take actions,Missing,No Clouds,natural,Normal,Limited,it is not determined yet,0,,,
2077,2077,87887,111370,Ras Al Khaimah,Civil Defense Center - Northern Administration,The audience,1/11/2018,2018/01/11-13:07,2018/01/11-13:17,2018/01/11-15:37,1/11/2018 16:28,2018/01/11-16:33,2018/01/11-16:42,Transportation accidents,Deterioration,Trucks,Industrial,Industrial,Al -Ittihad Cement Factory Khorgheer,Talent,Missing,No Clouds,natural,Normal,Limited,it is not determined yet,,,,
2078,2078,87933,111416,Ras Al Khaimah,Civil Defense Center - Administration,Police and traffic,1/14/2018,2018/01/14-20:05,2018/01/14-20:09,2018/01/14-20:14,1/14/2018 20:19,2018/01/14-20:30,2018/01/14-20:35,Transportation accidents,Clash,Cars,Other places,Other places,Al -Falafia Street poems,Inspection,Missing,No Clouds,natural,Normal,Limited,it is not determined yet,,,,
2079,2079,87947,111430,Eye,Civil Defense Center - Al -Hir,Police and traffic,1/16/2018,2018/01/16-03:09,2018/01/16-03:25,2018/01/16-03:28,1/16/2018 3:43,2018/01/16-03:46,2018/01/16-03:56,Transportation accidents,Shocked,Trucks,Means of transport,Truck,Dubai Al Ain Road Al Hir area,Fire fighting,Cars,fog,natural,Normal,basic,it is not determined yet,,,,
2080,2080,87968,111451,Al Dhafra,Civil Defense Center - Ghayathi,Police and traffic,1/18/2018,2018/01/18-15:03,2018/01/18-15:13,2018/01/18-15:35,1/18/2018 15:38,2018/01/18-15:40,2018/01/18-15:55,Transportation accidents,Clash,Cars,Other places,Other places,Giathi Ruwais Road,Disturbing injured,Cars,No Clouds,natural,Important,basic,Traffic accident,2,0,0,0
2081,2081,87980,111463,Abu Dhabi,Civil Defense Center - Al -Shamkha,Police and traffic,1/19/2018,2018/01/19-03:18,2018/01/19-03:26,2018/01/19-03:29,1/19/2018 3:45,2018/01/19-03:55,2018/01/19-04:20,Transportation accidents,Deterioration,Cars,Means of transport,Methods and transport facilities,At the complex of Bin Hafeez,Being and preparing,Cars,fog,natural,Important,Limited,it is not determined yet,,,,
2082,2082,87999,111482,Ajman,Civil Defense Center - Administration,Police and traffic,1/21/2018,2018/01/21-00:13,2018/01/21-00:20,2018/01/21-00:28,1/21/2018 0:35,2018/01/21-00:38,2018/01/21-00:48,Transportation accidents,Shocked,Cars,Public facilities and services,Public places and places,Al -Naimia 1,take actions,Missing,No Clouds,natural,Important,Limited,it is not determined yet,,,,
2083,2083,88005,111488,Abu Dhabi,Civil Defense Center - Al -Shamkha,Police and traffic,1/21/2018,2018/01/21-14:10,2018/01/21-14:12,2018/01/21-14:16,1/21/2018 14:18,2018/01/21-14:21,2018/01/21-14:30,Transportation accidents,A collision resulted in a fire,Electricity column,governmental,governmental,Al -Shamekha / Makani Mall,Carrying a car,Missing,No Clouds,natural,Important,basic,it is not determined yet,,,,
2084,2084,88017,111500,Fujairah,Civil Defense Center - Administration,Police and traffic,1/22/2018,2018/01/22-09:31,2018/01/22-09:32,2018/01/22-09:33,1/22/2018 9:35,2018/01/22-10:33,2018/01/22-10:35,Transportation accidents,Deterioration,Trucks,Means of transport,Methods and transport facilities,You will be Yabsa Street,take actions,Missing,No Clouds,natural,Normal,Limited,Traffic accident,,,,
2085,2085,88071,111554,Ras Al Khaimah,Civil Defense Center - Kadra,The audience,1/26/2018,2018/01/26-16:56,2018/01/26-17:16,2018/01/26-17:21,1/26/2018 17:22,2018/01/26-17:23,2018/01/26-17:35,Transportation accidents,Clash,Cars,Other places,Other places,Shocking Shari'ah,Ambulance and rescue,Missing,I did not specify,unclassified,Normal,basic,it is not determined yet,,,,
2086,2086,88117,111600,Ras Al Khaimah,Civil Defense Center - Administration,Civil defense departments and centers,1/30/2018,2018/01/30-01:24,2018/01/30-01:26,2018/01/30-01:34,1/30/2018 1:42,2018/01/30-01:58,2018/01/30-02:05,Transportation accidents,Deterioration,Cars,Other places,Other places,Missing,Ambulance and rescue,Missing,No Clouds,natural,Normal,medium,Traffic accident,4,1,0,0
2087,2087,88142,111625,Abu Dhabi,Civil Defense Center - Al -Shahama,Police and traffic,2/1/2018,2018/02/01-04:51,2018/02/01-04:55,2018/02/01-04:57,2/1/2018 5:00,2018/02/01-05:10,2018/02/01-05:25,Transportation accidents,Clash,Light,governmental,governmental,Fender Bender Move Vehicles,Disturbing injured,Cars,No Clouds,natural,Important,basic,Traffic accident,1,0,0,0
2088,2088,88145,111628,Abu Dhabi,Civil Defense Center - Al -Shamkha,Police and traffic,2/1/2018,2018/02/01-10:13,2018/02/01-10:16,2018/02/01-10:20,2/1/2018 10:23,2018/02/01-10:55,2018/02/01-11:00,Transportation accidents,Clash,Cars,Means of transport,Methods and transport facilities,Missing,Conquest,Missing,No Clouds,natural,Normal,basic,it is not determined yet,1,0,0,0
2089,2089,88166,111649,Abu Dhabi,Civil Defense Center - Gentot,Police and traffic,2/2/2018,2018/02/02-07:51,2018/02/02-08:12,2018/02/02-08:17,2/2/2018 8:46,2018/02/02-09:20,2018/02/02-09:30,Transportation accidents,Clash,Cars,Public facilities and services,Public places and places,Gnthott Al -Ashash area,Directing injured and deceased,Missing,No Clouds,natural,Important,medium,it is not determined yet,2,2,0,0
2090,2090,88173,111656,Abu Dhabi,Civil Defense Center - Al -Shamkha,Police and traffic,2/2/2018,2018/02/02-13:55,2018/02/02-14:00,2018/02/02-14:17,2/2/2018 14:18,2018/02/02-14:30,2018/02/02-14:43,Transportation accidents,Clash,Missing,governmental,governmental,Southern,Exit and transfer injured people,Cars,No Clouds,natural,Important,basic,it is not determined yet,6,0,0,0
2091,2091,88176,111659,Ras Al Khaimah,Civil Defense Center - Al -Jazeera Al -Hamra,The audience,2/2/2018,2018/02/02-18:55,2018/02/02-19:05,2018/02/02-19:13,2/2/2018 19:26,2018/02/02-19:40,2018/02/02-19:51,Transportation accidents,Clash,the person,Means of transport,Methods and transport facilities,Near Khalifa Hospital,Ambulance and rescue,Missing,No Clouds,Road works,Important,medium,Traffic accident,0,1,0,0
2092,2092,88182,111665,Abu Dhabi,Civil Defense Center - Mafraq,Police and traffic,2/3/2018,2018/02/03-11:04,2018/02/03-11:09,2018/02/03-11:15,2/3/2018 11:30,2018/02/03-11:31,2018/02/03-11:40,Transportation accidents,Run over,Cars,Means of transport,Methods and transport facilities,Near the communications roundabout,Fire control and cooling,Cars,No Clouds,natural,Important,basic,it is not determined yet,,,,
2093,2093,88195,111678,Fujairah,Civil Defense Center - Al -Madinah,Police and traffic,2/4/2018,2018/02/04-19:04,2018/02/04-19:16,2018/02/04-19:18,2/4/2018 19:19,2018/02/04-19:22,2018/02/04-19:35,Transportation accidents,Clash,Missing,Industrial,Industrial,Drush Street,take actions,Missing,No Clouds,natural,unclassified,Limited,it is not determined yet,,,,
2094,2094,88207,111690,Eye,Civil Defense Center - Al -Hir,Police and traffic,2/5/2018,2018/02/05-06:38,2018/02/05-06:44,2018/02/05-06:50,2/5/2018 7:49,2018/02/05-07:51,2018/02/05-08:05,Transportation accidents,Clash,Cars,Other places,Other places,Hir Bridge,Ambulance and rescue,Cars,fog,natural,Normal,basic,it is not determined yet,,,,
2095,2095,88215,111698,Fujairah,Civil Defense Center - Al -Madinah,Police and traffic,2/5/2018,2018/02/05-19:35,2018/02/05-19:47,2018/02/05-20:15,2/5/2018 20:30,2018/02/05-20:40,2018/02/05-20:55,Transportation accidents,Clash,the person,Means of transport,Methods and transport facilities,Trick,Disturbing injured,Missing,No Clouds,natural,Normal,basic,it is not determined yet,1,0,0,0
2096,2096,88225,111708,Abu Dhabi,Civil Defense Center - Al Samha,Police and traffic,2/6/2018,2018/02/06-08:10,2018/02/06-08:30,2018/02/06-09:35,2/6/2018 10:35,2018/02/06-10:40,2018/02/06-10:50,Transportation accidents,Clash,Cars,Means of transport,Methods and transport facilities,Sheikh Mohammed bin Rashid Road (Al Samhah towards the interior),Search and rescue,Cars,fog,Crowded,very important,basic,Natural phenomena,,,,
2097,2097,88235,111718,Abu Dhabi,Civil Defense Center - Al Samha,Police and traffic,2/6/2018,2018/02/06-23:13,2018/02/06-23:20,2018/02/06-23:25,2/6/2018 23:27,2018/02/06-23:29,2018/02/06-23:35,Transportation accidents,Clash,Cars,Public facilities and services,Public places and places,Al -Tawila area,Rescue people,Missing,No Clouds,natural,Normal,basic,it is not determined yet,1,0,0,0
2098,2098,88283,111766,Sharjah,Civil Defense Center - Mawlh,Police and traffic,2/10/2018,2018/02/10-08:17,2018/02/10-08:25,2018/02/10-08:39,2/10/2018 8:45,2018/02/10-08:59,2018/02/10-09:06,Transportation accidents,Clash,the person,Public facilities and services,Public places and places,"Sheikh Mohammed bin Zayed Street, Sharqah entrance",Directing injured and deceased,governmental,No Clouds,natural,Normal,medium,Traffic accident,0,1,0,0
2099,2099,88284,111767,Umm Al Quwain,Patch Center,Police and traffic,2/10/2018,2018/02/10-11:35,2018/02/10-11:38,2018/02/10-11:42,2/10/2018 11:44,2018/02/10-11:50,2018/02/10-11:55,Transportation accidents,Clash,the person,Means of transport,Methods and transport facilities,Surra Bridge Street,Directing confined and transferring injured people,Transmission,No Clouds,natural,Normal,basic,Traffic accident,,,,
2100,2100,88286,111769,Umm Al Quwain,Al -Aqran Center,Police and traffic,2/10/2018,2018/02/10-11:35,2018/02/10-11:39,2018/02/10-11:42,2/10/2018 11:43,2018/02/10-11:46,2018/02/10-11:53,Transportation accidents,Shocked,Cars,Means of transport,Methods and transport facilities,Sheikh Mohammed bin Zayed Street,Fire inspection,Cars,No Clouds,natural,Normal,Limited,it is not determined yet,,,,
2101,2101,88302,111785,Ras Al Khaimah,Civil Defense Center - Al -Dakdakh,The audience,2/11/2018,2018/02/11-18:09,2018/02/11-18:12,2018/02/11-18:19,2/11/2018 18:20,2018/02/11-18:21,2018/02/11-18:36,Transportation accidents,Shocked,Missing,residential,residential,Sahliya area near the Suhaila area,take actions,Missing,I did not specify,unclassified,unclassified,Limited,Traffic accident,,,,
2102,2102,88305,111788,Sharjah,Civil Defense Center - Al -Sajaa,Police and traffic,2/12/2018,2018/02/12-00:16,2018/02/12-00:24,2018/02/12-00:33,2/12/2018 0:38,2018/02/12-00:41,2018/02/12-00:50,Transportation accidents,Clash,Trucks,Industrial,Industrial,"Emirati Street, near the industrial of the shock",Disturbing injured,Cars,Clouds,natural,Normal,basic,it is not determined yet,1,0,0,0
2103,2103,88309,111792,Ajman,Civil Defense Center - Al -Jarf,Other parties,2/12/2018,2018/02/12-16:21,2018/02/12-16:29,2018/02/12-16:52,2/12/2018 16:57,2018/02/12-17:07,2018/02/12-17:17,Transportation accidents,Deterioration,Missing,Industrial,Industrial,Industrial 2 behind prisons,rescue,Missing,I did not specify,unclassified,unclassified,basic,Traffic accident,,,,
2104,2104,88344,111827,Ras Al Khaimah,Civil Defense Center - Al -Dakdakh,The audience,2/15/2018,2018/02/15-15:30,2018/02/15-15:34,2018/02/15-16:14,2/15/2018 16:15,2018/02/15-16:16,2018/02/15-16:21,Transportation accidents,Clash,the person,Other places,Other places,Al -Dhait opposite the Svsity Center,Fire combat and rescue,Cars,I did not specify,unclassified,very important,basic,Traffic accident,,,,
2105,2105,88364,111847,Sharjah,Civil Defense Center - Al Hamriyah,Civil defense departments and centers,2/16/2018,2018/02/16-21:51,2018/02/16-22:07,2018/02/16-22:10,2/16/2018 22:45,2018/02/16-22:50,2018/02/16-23:16,Transportation accidents,Clash,Cars,Means of transport,Methods and transport facilities,Missing,Inspection,Cars,No Clouds,natural,Normal,Limited,it is not determined yet,,,,
2106,2106,88370,111853,Sharjah,Civil Defense Center - Al Dhaid,Police and traffic,2/17/2018,2018/02/17-16:25,2018/02/17-16:36,2018/02/17-16:39,2/17/2018 16:40,2018/02/17-16:41,2018/02/17-16:52,Transportation accidents,Clash,Cars,Means of transport,Methods and transport facilities,Al Dhaid Street intersection No. 10,Disturbing injured,Cars,No Clouds,natural,Normal,basic,Traffic accident,,,,
2107,2107,88386,111869,Ras Al Khaimah,Civil Defense Center - Administration,Police and traffic,2/18/2018,2018/02/18-12:07,2018/02/18-12:12,2018/02/18-12:15,2/18/2018 12:16,2018/02/18-12:17,2018/02/18-12:37,Transportation accidents,One hundredth,Residence,residential,residential,Julpar region,take actions,Missing,I did not specify,unclassified,unclassified,Limited,Traffic accident,,,,
2108,2108,88433,111916,Sharjah,Civil Defense Center - Sunan,Police and traffic,2/20/2018,2018/02/20-23:04,2018/02/20-23:11,2018/02/20-23:25,2/21/2018 0:10,2018/02/21-00:20,2018/02/21-00:40,Transportation accidents,Deterioration,Light,Means of transport,car,Ramtha for traffic,Being and preparing,Cars,No Clouds,Crowded,Important,medium,Traffic accident,1,2,0,0
2109,2109,88447,111930,Abu Dhabi,Civil Defense Center - Al -Qubaisat,Police and traffic,2/21/2018,2018/02/21-18:53,2018/02/21-19:01,2018/02/21-19:04,2/21/2018 19:52,2018/02/21-19:57,2018/02/21-20:12,Transportation accidents,A collision resulted in a fire,Other things,Other places,Other places,Missing,Fire control and cooling,Missing,No Clouds,natural,Normal,basic,it is not determined yet,,,,
2110,2110,88450,111933,Sharjah,Civil Defense Center - Al -Sajaa,Police and traffic,2/21/2018,2018/02/21-23:08,2018/02/21-23:16,2018/02/21-23:20,2/21/2018 23:26,2018/02/21-23:32,2018/02/21-23:38,Transportation accidents,Clash,Trucks,Other places,Streets and squares,Emirates Street near the 7 bridge next to Dubai,Being and preparing,Transmission,No Clouds,natural,Normal,basic,Traffic accident,1,0,0,0
2111,2111,88455,111938,Umm Al Quwain,Al -Aqran Center,Civil defense departments and centers,2/22/2018,2018/02/22-08:36,2018/02/22-08:38,2018/02/22-08:42,2/22/2018 8:45,2018/02/22-08:50,2018/02/22-08:53,Transportation accidents,Deterioration,Cars,Means of transport,Methods and transport facilities,Missing,Directing confined and transferring injured people,Cars,No Clouds,natural,Normal,medium,Traffic accident,0,1,0,0
2112,2112,88461,111944,Eye,Civil Defense Center - Zakher (fast intervention),Police and traffic,2/22/2018,2018/02/22-13:24,2018/02/22-13:38,2018/02/22-13:45,2/22/2018 14:40,2018/02/22-14:44,2018/02/22-14:55,Transportation accidents,Deterioration,Cars,Public facilities and services,Public places and places,Zakhr/ Great Great Roundabout,Sand -dropped oil coverage,Cars,No Clouds,natural,Normal,basic,it is not determined yet,,,,
2113,2113,88474,111957,Abu Dhabi,Civil Defense Center - Saadiyat,Police and traffic,2/22/2018,2018/02/22-23:40,2018/02/22-23:50,2018/02/23-00:00,2/23/2018 0:06,2018/02/23-00:12,2018/02/23-00:22,Transportation accidents,Clash,Cars,Means of transport,Methods and transport facilities,Sa'adiat Island,Fire control and cooling,Cars,No Clouds,natural,Important,basic,Traffic accident,,,,
2114,2114,88482,111965,Ras Al Khaimah,Civil Defense Center - Riffa,Police and traffic,2/24/2018,2018/02/24-09:09,2018/02/24-09:11,2018/02/24-09:18,2/24/2018 9:33,2018/02/24-09:44,2018/02/24-09:57,Transportation accidents,Deterioration,the person,Other places,Other places,Al -Rifaa - Mohammed bin Zayed roundabout,Directing confined and transferring injured people,Missing,No Clouds,natural,Normal,basic,Traffic accident,,,,
2115,2115,88491,111974,Sharjah,Civil Defense Center - Al -Sajaa,Police and traffic,2/25/2018,2018/02/25-01:44,2018/02/25-01:52,2018/02/25-01:55,2/25/2018 2:30,2018/02/25-02:34,2018/02/25-02:46,Transportation accidents,Clash,tank,Means of transport,Methods and transport facilities,Emirates Street at Al -Zubair Bridge,Being and preparing,Transmission,Clouds,natural,Important,medium,it is not determined yet,0,1,0,0
2116,2116,88505,111988,Abu Dhabi,Civil Defense Center - Al Samha,Civil defense departments and centers,2/26/2018,2018/02/26-10:00,2018/02/26-10:06,2018/02/26-10:10,2/26/2018 10:15,2018/02/26-10:20,2018/02/26-10:35,Transportation accidents,One hundredth,tank,Public facilities and services,Public places and places,Tolery forests,cooling,Missing,No Clouds,natural,Normal,basic,it is not determined yet,1,0,0,0
2117,2117,88543,112026,Sharjah / Eastern Region,Civil Defense Center - Khor Fakkan,The audience,3/1/2018,2018/03/01-23:01,2018/03/01-23:08,2018/03/01-23:14,3/1/2018 23:17,2018/03/01-23:22,2018/03/01-23:30,Transportation accidents,Deterioration,Cars,tourist,tourist,Al -Lulua region - Khorfakkan,Exit and transfer injured people,Cars,Clouds,natural,Normal,basic,it is not determined yet,2,0,0,0
2118,2118,88545,112028,Dubai,Al -Rashidiya Center,The audience,3/2/2018,2018/03/02-01:19,2018/03/02-01:57,2018/03/02-02:01,3/2/2018 2:03,2018/03/02-02:32,2018/03/02-03:34,Transportation accidents,Run over,Cars,Other places,Other places,Green.,Fire fighting,Missing,No Clouds,natural,Normal,basic,it is not determined yet,,,,
2119,2119,88546,112029,Abu Dhabi,Civil Defense Center - Al -Falah (Al -Falah City),Police and traffic,3/2/2018,2018/03/02-10:20,2018/03/02-10:27,2018/03/02-10:35,3/2/2018 10:39,2018/03/02-10:43,2018/03/02-10:50,Transportation accidents,Deterioration,Cars,Public facilities and services,Public places and places,The new farmer,Being and preparing,Missing,Rains,natural,Normal,basic,it is not determined yet,1,0,0,0
2120,2120,88581,112064,Ras Al Khaimah,Civil Defense Center - Kadra,Police and traffic,3/5/2018,2018/03/05-10:13,2018/03/05-10:28,2018/03/05-10:38,3/5/2018 11:17,2018/03/05-11:18,2018/03/05-11:35,Transportation accidents,Deterioration,Cars,Other places,Other places,Al -Munai’i direction,rescue,Missing,I did not specify,unclassified,unclassified,medium,Traffic accident,0,1,0,0
2121,2121,88595,112082,Fujairah,Civil Defense Center - Administration,Police and traffic,3/6/2018,2018/03/06-13:00,2018/03/06-13:08,2018/03/06-13:16,3/6/2018 13:23,2018/03/06-13:25,2018/03/06-13:34,Transportation accidents,Clash,Cars,Other places,Streets and squares,Fujairah Street - profitable,He told,Missing,No Clouds,Road works,unclassified,basic,it is not determined yet,1,0,0,0
2122,2122,88609,112096,Abu Dhabi,Civil Defense Center - Gentot,Police and traffic,3/7/2018,2018/03/07-02:56,2018/03/07-03:10,2018/03/07-03:20,3/7/2018 3:30,2018/03/07-03:36,2018/03/07-03:45,Transportation accidents,Clash,Cars,Public facilities and services,Public places and places,Sheikh Mohammed bin Rashid Street,existence,Missing,No Clouds,natural,Normal,Limited,it is not determined yet,,,,
2123,2123,88614,112101,Ras Al Khaimah,Civil Defense Center - Kadra,Police and traffic,3/7/2018,2018/03/07-14:58,2018/03/07-15:04,2018/03/07-15:06,3/7/2018 15:31,2018/03/07-15:37,2018/03/07-15:45,Transportation accidents,Deterioration,Trucks,Public facilities and services,Public places and places,Pour,Separation of a battery,Missing,I did not specify,unclassified,unclassified,basic,Traffic accident,,,,
2124,2124,88635,112122,Abu Dhabi,Civil Defense Center - Shakhbout City,Police and traffic,3/9/2018,2018/03/09-06:44,2018/03/09-06:48,2018/03/09-06:52,3/9/2018 7:05,2018/03/09-07:10,2018/03/09-07:20,Transportation accidents,One hundredth,Cars,Public facilities and services,Public places and places,After the Mafraq Bridge towards Dubai at the director 333,existence,Cars,No Clouds,natural,Normal,Limited,Traffic accident,,,,
2125,2125,88639,112126,Abu Dhabi,Civil Defense Center - Mossafah (M33),Police and traffic,3/9/2018,2018/03/09-11:31,2018/03/09-11:37,2018/03/09-12:35,3/9/2018 12:45,2018/03/09-12:50,2018/03/09-12:57,Transportation accidents,Clash,Cars,Means of transport,Methods and transport facilities,Industrial Archbishop m 43,Separation of a battery,Cars,No Clouds,natural,unclassified,basic,it is not determined yet,,,,
2126,2126,88640,112127,Abu Dhabi,Civil Defense Center - Mossafah (M33),Police and traffic,3/9/2018,2018/03/09-11:31,2018/03/09-11:37,2018/03/09-12:35,3/9/2018 12:45,2018/03/09-12:50,2018/03/09-12:57,Transportation accidents,Clash,Cars,Means of transport,Methods and transport facilities,Industrial Archbishop m 43,Separation of a battery,Cars,No Clouds,natural,unclassified,basic,it is not determined yet,,,,
2127,2127,88680,112167,Sharjah,Civil Defense Center - Administration,Police and traffic,3/11/2018,2018/03/11-20:16,2018/03/11-20:22,2018/03/11-20:32,3/11/2018 20:40,2018/03/11-20:46,2018/03/11-21:01,Transportation accidents,Shocked,he did not specify,Means of transport,Methods and transport facilities,The car is burning,Fire fighting,Missing,No Clouds,natural,Normal,basic,it is not determined yet,,,,
2128,2128,88723,112210,Ras Al Khaimah,Civil Defense Center - Al Gail,Other parties,3/15/2018,2018/03/15-10:53,2018/03/15-10:56,2018/03/15-11:20,3/15/2018 11:34,2018/03/15-11:35,2018/03/15-11:48,Transportation accidents,One hundredth,Trucks,Public facilities and services,Public places and places,Ghil,Fire inspection,Missing,I did not specify,unclassified,unclassified,medium,Traffic accident,0,1,0,0
2129,2129,88782,112269,Abu Dhabi,Civil Defense Center - City,Police and traffic,3/20/2018,2018/03/20-12:39,2018/03/20-12:45,2018/03/20-12:48,3/20/2018 12:49,2018/03/20-12:53,2018/03/20-12:58,Transportation accidents,A collision resulted in a fire,Cars,Means of transport,Methods and transport facilities,Sheikh Zayed Street near the happiness bridge,Fire cooling,Cars,No Clouds,natural,Normal,basic,it is not determined yet,,,,
2130,2130,88786,112273,Abu Dhabi,Civil Defense Center - Shakhbout City,Civil defense departments and centers,3/20/2018,2018/03/20-18:56,2018/03/20-18:57,2018/03/20-19:11,3/20/2018 19:16,2018/03/20-19:17,2018/03/20-19:19,Transportation accidents,Clash,Cars,Means of transport,Methods and transport facilities,"In exchange for the civil defense, Shakhbout",Disturbing injured,Cars,No Clouds,natural,Important,basic,it is not determined yet,3,0,0,0
2131,2131,88810,112297,Abu Dhabi,Civil Defense Center - Al -Shamkha,Police and traffic,3/21/2018,2018/03/21-16:49,2018/03/21-17:14,2018/03/21-20:00,3/21/2018 20:35,2018/03/21-20:55,2018/03/21-21:00,Transportation accidents,Clash,Cars,Means of transport,Methods and transport facilities,Sweihan Road,Disturbing injured,Missing,I did not specify,unclassified,unclassified,medium,it is not determined yet,3,1,0,0
2132,2132,88816,112303,Fujairah,Civil Defense Center - Masafi,Police and traffic,3/22/2018,2018/03/22-09:43,2018/03/22-09:52,2018/03/22-09:57,3/22/2018 10:05,2018/03/22-10:20,2018/03/22-10:30,Transportation accidents,Deterioration,Cars,Public facilities and services,Public places and places,Blida area,Inspection,Missing,No Clouds,natural,Important,Limited,Traffic accident,,,,
2133,2133,88823,112310,Fujairah,Civil Defense Center - Al -Taween,Police and traffic,3/22/2018,2018/03/22-19:01,2018/03/22-19:08,2018/03/22-19:24,3/22/2018 19:28,2018/03/22-19:35,2018/03/22-19:45,Transportation accidents,Deterioration,Cars,Means of transport,Methods and transport facilities,Sahih Al -Sarram,Disturbing injured,Cars,No Clouds,natural,Normal,basic,Traffic accident,1,0,0,0
2134,2134,88829,112316,Abu Dhabi,Civil Defense Center - Mossafah (M33),Police and traffic,3/22/2018,2018/03/22-23:09,2018/03/22-23:15,2018/03/22-23:20,3/22/2018 23:30,2018/03/22-23:33,2018/03/22-23:40,Transportation accidents,Deterioration,Cars,Public facilities and services,Public places and places,Ikad roundabout,Separation of a battery,Missing,I did not specify,natural,Normal,basic,it is not determined yet,1,0,0,0
2135,2135,88874,112361,Abu Dhabi,Civil Defense Center - Al Wathba,Police and traffic,3/25/2018,2018/03/25-15:03,2018/03/25-15:20,2018/03/25-15:33,3/25/2018 15:37,2018/03/25-15:40,2018/03/25-15:55,Transportation accidents,Clash,Cars,Means of transport,Methods and transport facilities,Near the sealing in the interior,Fire control and cooling,Cars,I did not specify,unclassified,unclassified,basic,it is not determined yet,,,,