,Unnamed: 0,rec_id,Accident number,Competent Department,Competent Center,Amount rating,Date of the accident,The date and time of the notification,Date and time of first arrival,Date and time of completion of control,End date and time of the operation,Departure date and time,Date and time of return to the center,Accident Group,Type of accident,Direct damage,Acccident scene category,Accident scene,Accident title,The band's work summary,Activity,Weather condition,Road condition,Priority level,Accident size,The cause of the accident,The number of injured people,The number of deaths in the public,The number of injured members of the force,The number of deaths of members of the force
2136,2136,88908,112395,Sharjah,Civil Defense Center - Sunan,Police and traffic,3/27/2018,2018/03/27-22:31,2018/03/27-22:37,2018/03/27-22:41,3/27/2018 22:45,2018/03/27-22:49,2018/03/27-22:54,Transportation accidents,Shocked,Cars,Industrial,Industrial,Industrial 5,Fire fighting,Cars,I did not specify,unclassified,unclassified,basic,it is not determined yet,,,,
2137,2137,88911,112398,Ras Al Khaimah,Civil Defense Center - Administration,Police and traffic,3/28/2018,2018/03/28-07:09,2018/03/28-07:13,2018/03/28-07:18,3/28/2018 7:21,2018/03/28-07:22,2018/03/28-07:28,Transportation accidents,Clash,the person,Public facilities and services,Public places and places,The intersection of palm trees is a sword,Disturbing injured,Missing,No Clouds,natural,Important,basic,Traffic accident,,,,
2138,2138,88913,112409,Ras Al Khaimah,Civil Defense Center - Al -Dakdakh,Police and traffic,3/28/2018,2018/03/28-12:26,2018/03/28-12:45,2018/03/28-12:49,3/28/2018 13:00,2018/03/28-13:01,2018/03/28-13:19,Transportation accidents,Clash,Missing,Public facilities and services,Public places and places,Dumping,existence,Missing,No Clouds,natural,Important,Limited,Traffic accident,,,,
2139,2139,88917,112413,Ras Al Khaimah,Civil Defense Center - Al -Jazeera Al -Hamra,Police and traffic,3/28/2018,2018/03/28-14:19,2018/03/28-14:24,2018/03/28-14:30,3/28/2018 14:35,2018/03/28-14:36,2018/03/28-14:42,Transportation accidents,Clash,the person,Public facilities and services,Public places and places,The Red Island,rescue,Missing,No Clouds,unclassified,unclassified,basic,Traffic accident,,,,
2140,2140,88955,112451,Ajman,Civil Defense Center - Industrial,Police and traffic,3/31/2018,2018/03/31-05:29,2018/03/31-05:42,2018/03/31-05:46,3/31/2018 5:50,2018/03/31-05:58,2018/03/31-06:10,Transportation accidents,One hundredth,Buses,governmental,governmental,Mawati 1,take actions,Missing,I did not specify,unclassified,unclassified,Limited,it is not determined yet,,,,
2141,2141,88959,112455,Sharjah,Civil Defense Center - Al -Sajaa,Police and traffic,3/31/2018,2018/03/31-17:20,2018/03/31-17:32,2018/03/31-18:10,3/31/2018 18:21,2018/03/31-18:29,2018/03/31-18:46,Transportation accidents,Clash,Cars,governmental,governmental,Al -Battah vs. Al -Battah camp,Disturbing injured,Missing,No Clouds,natural,Normal,medium,Traffic accident,1,1,0,0
2142,2142,88964,112460,Sharjah / Eastern Region,Civil Defense Center - Kalba,Police and traffic,3/31/2018,2018/03/31-22:49,2018/03/31-22:54,2018/03/31-23:01,3/31/2018 23:10,2018/03/31-23:20,2018/03/31-23:30,Transportation accidents,Clash,Cars,Public facilities and services,Public places and places,"Corniche Kalba Street, Khor Kalba area",rescue,Missing,No Clouds,natural,Normal,basic,Traffic accident,1,0,0,0
2143,2143,88968,112464,Abu Dhabi,Civil Defense Center - Al -Qubaisat,Police and traffic,3/20/2018,2018/03/20-00:54,2018/03/20-01:05,2018/03/20-01:12,3/20/2018 1:20,2018/03/20-01:27,2018/03/20-01:36,Transportation accidents,Shocked,Cars,Means of transport,Methods and transport facilities,Missing,Fire control and cooling,Cars,No Clouds,natural,Normal,basic,it is not determined yet,,,,
2144,2144,88979,112475,Sharjah,Civil Defense Center - Al Dhaid,The audience,4/2/2018,2018/04/02-03:02,2018/04/02-03:05,2018/04/02-03:10,4/2/2018 3:30,2018/04/02-03:35,2018/04/02-03:42,Transportation accidents,Deterioration,the person,Means of transport,Methods and transport facilities,"Sharjah Street, Aldh, above the bridge",Rescue people,Missing,No Clouds,natural,Important,basic,Traffic accident,1,0,0,0
2145,2145,89006,112502,Ras Al Khaimah,Civil Defense Center - Al -Dakdakh,Police and traffic,4/4/2018,2018/04/04-18:38,2018/04/04-18:42,2018/04/04-18:46,4/4/2018 18:49,2018/04/04-18:53,2018/04/04-18:55,Transportation accidents,A collision resulted in a fire,Missing,residential,residential,Southern,Fire fighting,Missing,No Clouds,Crowded,Normal,basic,it is not determined yet,,,,
2146,2146,89014,112510,Fujairah,Civil Defense Center - Administration,Police and traffic,4/5/2018,2018/04/05-12:41,2018/04/05-12:49,2018/04/05-12:54,4/5/2018 13:00,2018/04/05-13:05,2018/04/05-13:15,Transportation accidents,Deterioration,Cars,Public facilities and services,Public places and places,Al -Souda area,Ambulance and rescue,Missing,No Clouds,Crowded,Normal,basic,it is not determined yet,2,0,0,0
2147,2147,89034,112530,Sharjah,Madame Unit,Police and traffic,4/6/2018,2018/04/06-15:36,2018/04/06-15:43,2018/04/06-15:46,4/6/2018 16:23,2018/04/06-16:30,2018/04/06-16:40,Transportation accidents,Deterioration,Cars,Means of transport,Methods and transport facilities,Nand Street towards Al Madam,Disturbing injured,Cars,No Clouds,natural,Important,medium,it is not determined yet,3,1,0,0
2148,2148,89050,112546,Ajman,Civil Defense Center - Al -Jarf,The audience,4/7/2018,2018/04/07-06:46,2018/04/07-06:53,2018/04/07-07:10,4/7/2018 7:22,2018/04/07-07:40,2018/04/07-07:50,Transportation accidents,Clash,Missing,Means of transport,Methods and transport facilities,Industrial shelf 2,Disturbing injured,Missing,No Clouds,natural,Normal,basic,it is not determined yet,1,0,0,0
2149,2149,89051,112547,Sharjah,Civil Defense Center - Mawlh,Police and traffic,4/7/2018,2018/04/07-08:01,2018/04/07-08:12,2018/04/07-08:18,4/7/2018 8:24,2018/04/07-08:31,2018/04/07-08:42,Transportation accidents,A collision resulted in a fire,Cars,Other places,Streets and squares,Greena 1,Fire cooling,Cars,No Clouds,natural,Normal,basic,it is not determined yet,,,,
2150,2150,89071,112567,Ras Al Khaimah,Poverty,Police and traffic,4/8/2018,2018/04/08-17:28,2018/04/08-17:31,2018/04/08-17:34,4/8/2018 17:36,2018/04/08-17:39,2018/04/08-17:44,Transportation accidents,Deterioration,Cars,Other places,Other places,Shahm area opposite the markets of Galilee,Separation of a battery,Missing,I did not specify,unclassified,unclassified,basic,it is not determined yet,,,,
2151,2151,89085,112581,Eye,Civil Defense Center - Civil,Police and traffic,4/9/2018,2018/04/09-14:24,2018/04/09-14:38,2018/04/09-14:42,4/9/2018 14:45,2018/04/09-16:45,2018/04/09-17:06,Transportation accidents,Deterioration,Trucks,Other places,Streets and squares,Sweihan road towards the cataires,existence,Cars,No Clouds,natural,Normal,basic,it is not determined yet,1,0,0,0
2152,2152,89105,112601,Fujairah,The point of tricks,Police and traffic,4/11/2018,2018/04/11-11:10,2018/04/11-11:30,2018/04/11-11:40,4/11/2018 11:50,2018/04/11-11:58,2018/04/11-12:20,Transportation accidents,One hundredth,Cars,Means of transport,car,The tricks behind the police training institute,Directing confined and transferring injured people,Missing,No Clouds,natural,Normal,basic,Traffic accident,3,0,0,0
2153,2153,89114,112610,Sharjah,Civil Defense Center - Sunan,Police and traffic,4/12/2018,2018/04/12-09:31,2018/04/12-09:35,2018/04/12-09:40,4/12/2018 9:41,2018/04/12-09:43,2018/04/12-09:55,Transportation accidents,Clash,Light,Means of transport,Methods and transport facilities,At Helwan Bridge,Directing confined and transferring injured people,Missing,Clouds,natural,Normal,basic,Traffic accident,1,0,0,0
2154,2154,89148,112644,Eye,Civil Defense Center - Civil,Police and traffic,4/14/2018,2018/04/14-01:46,2018/04/14-02:00,2018/04/14-02:20,4/14/2018 2:47,2018/04/14-02:49,2018/04/14-03:00,Transportation accidents,Deterioration,Cars,Other places,Other places,Altain towards Salamat,Fire fighting,Cars,No Clouds,natural,Normal,basic,it is not determined yet,1,0,0,0
2155,2155,89205,112702,Sharjah / Eastern Region,Civil Defense Center - Khor Fakkan,The audience,4/16/2018,2018/04/16-12:21,2018/04/16-12:25,2018/04/16-12:40,4/16/2018 12:43,2018/04/16-12:45,2018/04/16-12:47,Transportation accidents,One hundredth,Cars,Educational,Educational,Al -Qadisiyah area / Khor Fakkan,Inspection,governmental,Clouds,natural,Normal,Limited,Traffic accident,,,,
2156,2156,89272,112771,Sharjah / Eastern Region,Civil Defense Center - Kalba,Police and traffic,4/18/2018,2018/04/18-17:31,2018/04/18-17:37,2018/04/18-17:40,4/18/2018 17:42,2018/04/18-17:43,2018/04/18-17:50,Transportation accidents,One hundredth,Electricity column,Public facilities and services,Public places and places,Tarif area,Being and preparing,Electricity,No Clouds,natural,Normal,Limited,it is not determined yet,,,,
2157,2157,89278,112777,Sharjah,Civil Defense Center - Al -Sajaa,Police and traffic,4/19/2018,2018/04/19-00:02,2018/04/19-00:06,2018/04/19-00:09,4/19/2018 0:19,2018/04/19-00:48,2018/04/19-01:39,Transportation accidents,Clash,Trucks,Means of transport,Methods and transport facilities,Emirates Street over Al -Zubair Bridge,Fire fighting and directing bodies,Missing,No Clouds,natural,Normal,medium,it is not determined yet,0,1,0,0
2158,2158,89348,112847,Sharjah,Civil Defense Center - Al -Sajaa,Police and traffic,4/21/2018,2018/04/21-20:20,2018/04/21-20:31,2018/04/21-20:39,4/21/2018 20:53,2018/04/21-21:26,2018/04/21-21:33,Transportation accidents,Clash,Cars,Means of transport,Methods and transport facilities,From Al -Zubair tunnel to Rahmaniyah,rescue,Cars,No Clouds,Crowded,Important,medium,Traffic accident,0,1,0,0
2159,2159,89370,112872,Sharjah,Civil Defense Center - Mawlh,Police and traffic,4/22/2018,2018/04/22-14:53,2018/04/22-14:59,2018/04/22-15:04,4/22/2018 15:10,2018/04/22-15:21,2018/04/22-15:27,Transportation accidents,Deterioration,Trucks,Other places,Streets and squares,Al Dhaid Sharjah Street between Bridge (3) to (2),Sand -dropped oil coverage,governmental,No Clouds,Crowded,Normal,basic,Traffic accident,2,0,0,0
2160,2160,89408,112911,Fujairah,The point of tricks,Police and traffic,4/23/2018,2018/04/23-15:28,2018/04/23-15:37,2018/04/23-15:54,4/23/2018 16:00,2018/04/23-16:05,2018/04/23-16:13,Transportation accidents,One hundredth,Cars,Means of transport,car,Al -Fajr/ Al -Hafra,Disturbing injured,Missing,No Clouds,Crowded,unclassified,basic,it is not determined yet,1,0,0,0
2161,2161,89434,112938,Sharjah / Eastern Region,Civil Defense Center - Kalba,The audience,4/24/2018,2018/04/24-12:59,2018/04/24-13:17,2018/04/24-13:20,4/24/2018 13:22,2018/04/24-13:25,2018/04/24-13:44,Transportation accidents,One hundredth,Cars,Public facilities and services,Public places and places,Wadi Al Helou area,Disturbing injured,Cars,No Clouds,natural,Normal,basic,it is not determined yet,1,0,0,0
2162,2162,89484,112989,Ras Al Khaimah,Civil Defense Center - Kadra,Police and traffic,4/26/2018,2018/04/26-08:40,2018/04/26-08:45,2018/04/26-08:48,4/26/2018 9:00,2018/04/26-09:01,2018/04/26-09:05,Transportation accidents,Clash,Missing,Public facilities and services,Public places and places,Missing,rescue,Missing,No Clouds,natural,Important,basic,it is not determined yet,,,,
2163,2163,89532,113037,Sharjah / Eastern Region,Civil Defense Center - Kalba,Police and traffic,4/28/2018,2018/04/28-07:27,2018/04/28-07:34,2018/04/28-07:37,4/28/2018 7:42,2018/04/28-07:45,2018/04/28-07:53,Transportation accidents,Deterioration,Trucks,Means of transport,Methods and transport facilities,Saf area,Remove petroleum materials from the street,Transmission,No Clouds,natural,Normal,basic,it is not determined yet,,,,
2164,2164,89622,113133,Abu Dhabi,Civil Defense Center - Al -Shamkha,Police and traffic,5/2/2018,2018/05/02-04:35,2018/05/02-04:39,2018/05/02-04:45,5/2/2018 5:35,2018/05/02-05:40,2018/05/02-05:50,Transportation accidents,Clash,Cars,Means of transport,Methods and transport facilities,After the Al -Shamkha Bridge towards Sweihan,Ambulance and rescue,Cars,No Clouds,natural,very important,basic,Traffic accident,1,0,0,0
2165,2165,89643,113154,Ras Al Khaimah,Civil Defense Center - Northern Administration,Police and traffic,5/2/2018,2018/05/02-18:03,2018/05/02-18:11,2018/05/02-18:23,5/2/2018 18:33,2018/05/02-18:35,2018/05/02-18:50,Transportation accidents,Deterioration,the person,Public facilities and services,Public places and places,Zaida area,Disturbing injured,Missing,I did not specify,unclassified,unclassified,basic,it is not determined yet,,,,
2166,2166,89672,113186,Abu Dhabi,Civil Defense Center - Mossafah (M33),Police and traffic,5/4/2018,2018/05/04-00:01,2018/05/04-00:46,2018/05/04-01:10,5/4/2018 1:17,2018/05/04-01:26,2018/05/04-02:05,Transportation accidents,A deterioration resulted in a fire,Cars,Means of transport,Methods and transport facilities,Al -Dabaiya area towards Ghuifat,Fire control and cooling,Cars,No Clouds,natural,Normal,basic,Traffic accident,1,0,0,0
2167,2167,89677,113191,Ras Al Khaimah,Civil Defense Center - Administration,Police and traffic,5/4/2018,2018/05/04-13:40,2018/05/04-13:45,2018/05/04-13:48,5/4/2018 13:50,2018/05/04-14:10,2018/05/04-14:22,Transportation accidents,Shocked,Missing,Industrial,Industrial,Missing,Fire fighting,Missing,No Clouds,natural,Normal,basic,it is not determined yet,,,,
2168,2168,89701,113215,Abu Dhabi,Civil Defense Center - Al -Shahama,Police and traffic,5/5/2018,2018/05/05-10:27,2018/05/05-10:30,2018/05/05-10:36,5/5/2018 11:03,2018/05/05-11:17,2018/05/05-11:23,Transportation accidents,A deterioration resulted in a fire,Cars,Means of transport,Methods and transport facilities,Above the Bahia Bridge,Fire control and cooling,Cars,No Clouds,natural,Important,basic,Traffic accident,1,0,0,0
2169,2169,89709,113223,Ras Al Khaimah,Civil Defense Center - Al -Dakdakh,Police and traffic,5/5/2018,2018/05/05-21:40,2018/05/05-21:46,2018/05/05-21:49,5/5/2018 21:51,2018/05/05-21:54,2018/05/05-21:59,Transportation accidents,Shocked,Missing,Public facilities and services,Public places and places,سهۋىيلهيله,Fire fighting,Missing,No Clouds,natural,Normal,basic,it is not determined yet,,,,
2170,2170,89753,113267,Ras Al Khaimah,Civil Defense Center - Al -Jazeera Al -Hamra,Police and traffic,5/6/2018,2018/05/06-23:33,2018/05/06-23:42,2018/05/07-00:16,5/7/2018 0:58,2018/05/07-01:08,2018/05/07-01:12,Transportation accidents,A collision resulted in a fire,Trucks,Other places,Streets and squares,The red carrot,Fire control and cooling,Specific,No Clouds,Road works,very important,basic,Traffic accident,,,,
2171,2171,89804,113323,Abu Dhabi,Civil Defense Center - Gentot,Police and traffic,5/9/2018,2018/05/09-19:56,2018/05/09-20:09,2018/05/09-20:17,5/9/2018 20:25,2018/05/09-20:50,2018/05/09-21:00,Transportation accidents,Shocked,Cars,residential,residential,Sih Shuaib Al -Ghadeer Complex,cooling,Missing,No Clouds,natural,Normal,basic,it is not determined yet,,,,
2172,2172,89822,113341,Sharjah,Civil Defense Center - Al Dhaid,Police and traffic,5/10/2018,2018/05/10-16:09,2018/05/10-16:17,2018/05/10-16:36,5/10/2018 16:50,2018/05/10-17:00,2018/05/10-17:25,Transportation accidents,Clash,Missing,Means of transport,Methods and transport facilities,airport Street,Disturbing injured,Missing,No Clouds,natural,Important,medium,it is not determined yet,0,1,0,0
2173,2173,89872,113391,Ras Al Khaimah,Civil Defense Center - Al Gail,Police and traffic,5/12/2018,2018/05/12-15:45,2018/05/12-15:49,2018/05/12-15:52,5/12/2018 15:54,2018/05/12-15:58,2018/05/12-16:06,Transportation accidents,Shocked,the person,governmental,governmental,In exchange for the Al -Ghail Youth Center,Fire fighting,Missing,No Clouds,natural,Normal,basic,it is not determined yet,,,,
2174,2174,89877,113396,Ras Al Khaimah,Civil Defense Center - Administration,Police and traffic,5/12/2018,2018/05/12-17:25,2018/05/12-17:29,2018/05/12-17:32,5/12/2018 17:38,2018/05/12-17:40,2018/05/12-17:58,Transportation accidents,Deterioration,the person,Other places,Streets and squares,Shama Al Rams Street,rescue,Missing,No Clouds,natural,Important,basic,Traffic accident,,,,
2175,2175,89905,113424,Sharjah / Eastern Region,Civil Defense Center - Kalba,Police and traffic,5/14/2018,2018/05/14-12:05,2018/05/14-12:11,2018/05/14-12:15,5/14/2018 12:20,2018/05/14-12:21,2018/05/14-12:31,Transportation accidents,Clash,Cars,Public facilities and services,Public places and places,Al -Buhaira neighborhood / Al -Wahda Street,rescue,Cars,No Clouds,natural,Normal,basic,Traffic accident,2,0,0,0
2176,2176,89926,113445,Sharjah / Eastern Region,Civil Defense Center - Khor Fakkan,Police and traffic,5/15/2018,2018/05/15-16:41,2018/05/15-16:47,2018/05/15-16:53,5/15/2018 16:57,2018/05/15-17:00,2018/05/15-17:05,Transportation accidents,Clash,Cars,tourist,tourist,"East region, Khor Fakkan",Directing confined and transferring injured people,Cars,No Clouds,natural,Normal,basic,it is not determined yet,1,0,0,0
2177,2177,89954,113473,Ras Al Khaimah,Civil Defense Center - Northern Administration,Police and traffic,5/17/2018,2018/05/17-05:21,2018/05/17-05:26,2018/05/17-05:35,5/17/2018 5:37,2018/05/17-05:40,2018/05/17-05:51,Transportation accidents,Clash,the person,Other places,Other places,The whispering indicated,rescue,Missing,No Clouds,natural,unclassified,basic,it is not determined yet,,,,
2178,2178,90029,113549,Ras Al Khaimah,Civil Defense Center - Riffa,Police and traffic,5/20/2018,2018/05/20-09:22,2018/05/20-09:26,2018/05/20-09:29,5/20/2018 9:30,2018/05/20-09:31,2018/05/20-09:34,Transportation accidents,A deterioration resulted in a fire,Missing,residential,residential,The southern Al -Dhait near the Ras Al Khaimah Cooperative Association,Fire fighting,Missing,No Clouds,unclassified,Normal,basic,it is not determined yet,,,,
2179,2179,90138,113662,Sharjah,Civil Defense Center - Al -Sajaa,Police and traffic,5/25/2018,2018/05/25-18:02,2018/05/25-18:13,2018/05/25-18:21,5/25/2018 18:36,2018/05/25-18:47,2018/05/25-18:54,Transportation accidents,A collision resulted in a fire,Cars,Public facilities and services,Public places and places,Airport Street near the Barashi area,Inspection,car electricitie,No Clouds,natural,Normal,Limited,it is not determined yet,,,,
2180,2180,90155,113680,Sharjah,Madame Unit,Police and traffic,5/26/2018,2018/05/26-12:15,2018/05/26-12:21,2018/05/26-12:29,5/26/2018 12:31,2018/05/26-12:33,2018/05/26-12:40,Transportation accidents,Shocked,trailer,Means of transport,Methods and transport facilities,Missing,Fire fighting,Missing,Clouds,natural,Normal,basic,Diamond,,,,
2181,2181,90260,113789,Sharjah,Civil Defense Center - Mawlh,Police and traffic,6/1/2018,2018/06/01-03:31,2018/06/01-03:38,2018/06/01-03:45,6/1/2018 4:35,2018/06/01-04:40,2018/06/01-05:30,Transportation accidents,Deterioration,Cars,Means of transport,Methods and transport facilities,Missing,Directing confined and transferring injured people,Cars,No Clouds,natural,Important,basic,it is not determined yet,3,0,0,0
2182,2182,90303,113855,Ras Al Khaimah,Civil Defense Center - Al -Jazeera Al -Hamra,Police and traffic,6/2/2018,2018/06/02-21:10,2018/06/02-21:17,2018/06/02-21:23,6/2/2018 21:52,2018/06/02-22:00,2018/06/02-22:10,Transportation accidents,Deterioration,Cars,Other places,Streets and squares,Sheikh Mohammed bin Zayed Street towards Umm Al Quwain,Car,Specific,No Clouds,natural,Important,basic,Traffic accident,,,,
2183,2183,90354,113907,Al Dhafra,Civil Defense Center - Hmeim,The audience,6/4/2018,2018/06/04-13:36,2018/06/04-14:30,2018/06/04-14:40,6/4/2018 15:15,2018/06/04-15:20,2018/06/04-16:10,Transportation accidents,A collision resulted in a fire,Trucks,Means of transport,Truck,Missing,take actions,Missing,No Clouds,natural,very important,Limited,it is not determined yet,,,,
2184,2184,90358,113911,Dubai,Al -Rashidiya Center,The audience,6/4/2018,2018/06/04-22:29,2018/06/04-22:32,2018/06/04-22:36,6/4/2018 22:40,2018/06/04-22:53,2018/06/04-23:05,Transportation accidents,Clash,Trucks,Means of transport,Methods and transport facilities,Al -Rashidiya in front of a metro,Directing confined and transferring injured people,Missing,I did not specify,unclassified,unclassified,basic,it is not determined yet,1,0,0,0
2185,2185,90386,113947,Abu Dhabi,Civil Defense Center - Shakhbout City,Police and traffic,6/6/2018,2018/06/06-00:23,2018/06/06-00:28,2018/06/06-00:38,6/6/2018 0:45,2018/06/06-00:50,2018/06/06-01:00,Transportation accidents,A collision resulted in a fire,Cars,Means of transport,Methods and transport facilities,Al -Shawmikh Bridge,Fire control and cooling,Missing,I did not specify,unclassified,unclassified,basic,it is not determined yet,,,,
2186,2186,90394,113956,Abu Dhabi,Civil Defense Center - Al -Qubaisat,Police and traffic,6/6/2018,2018/06/06-07:59,2018/06/06-08:15,2018/06/06-08:20,6/6/2018 9:12,2018/06/06-09:15,2018/06/06-09:25,Transportation accidents,Deterioration,Cars,he did not specify,he did not specify,"Crimea Street, Khalifa Park, near Rotana Park",Street cleaning from oils,Transmission,No Clouds,Crowded,very important,basic,Traffic accident,1,0,0,0
2187,2187,90412,113974,Ras Al Khaimah,Civil Defense Center - Northern Administration,Police and traffic,6/7/2018,2018/06/07-02:32,2018/06/07-02:40,2018/06/07-02:43,6/7/2018 2:44,2018/06/07-02:48,2018/06/07-02:50,Transportation accidents,Clash,Cars,Other places,Streets and squares,Whisper,Talent,Missing,No Clouds,natural,Important,Limited,Traffic accident,,,,
2188,2188,90429,113991,Abu Dhabi,Civil Defense Center - Al Samha,Police and traffic,6/7/2018,2018/06/07-13:45,2018/06/07-13:50,2018/06/07-13:55,6/7/2018 13:59,2018/06/07-14:00,2018/06/07-14:10,Transportation accidents,Clash,Cars,Means of transport,car,Mohammed bin Rashid Street (Al -Ajaban),take actions,Cars,No Clouds,natural,Important,basic,it is not determined yet,2,0,0,0
2189,2189,90523,114088,Fujairah,Civil Defense Center - Administration,The audience,6/11/2018,2018/06/11-14:04,2018/06/11-14:15,2018/06/11-14:18,6/11/2018 14:25,2018/06/11-14:30,2018/06/11-14:45,Transportation accidents,One hundredth,he did not specify,governmental,governmental,the village,Ambulance and rescue,Missing,No Clouds,Crowded,Normal,basic,it is not determined yet,,,,
2190,2190,90562,114128,Ajman,Civil Defense Center - Administration,Police and traffic,6/12/2018,2018/06/12-18:22,2018/06/12-18:27,2018/06/12-18:37,6/12/2018 18:42,2018/06/12-18:45,2018/06/12-18:52,Transportation accidents,Clash,the person,Means of transport,Methods and transport facilities,Missing,rescue,Missing,I did not specify,unclassified,unclassified,basic,it is not determined yet,,,,
2191,2191,90621,114191,Ras Al Khaimah,Civil Defense Center - Administration,The audience,6/14/2018,2018/06/14-22:18,2018/06/14-22:22,2018/06/14-22:28,6/14/2018 22:31,2018/06/14-22:34,2018/06/14-22:43,Transportation accidents,Clash,Cars,Other places,Streets and squares,Poems Lantern roundabout,Sand -dropped oil coverage,Missing,No Clouds,natural,Normal,basic,Traffic accident,,,,
2192,2192,90626,114196,Ajman,Civil Defense Center - Administration,Police and traffic,6/15/2018,2018/06/15-01:19,2018/06/15-01:26,2018/06/15-01:40,6/15/2018 1:50,2018/06/15-01:55,2018/06/15-02:02,Transportation accidents,Clash,Missing,governmental,governmental,Al -Naimia 2,take actions,Missing,No Clouds,natural,Important,Limited,it is not determined yet,,,,
2193,2193,90677,114253,Umm Al Quwain,Civil Defense Center - Administration,Police and traffic,6/16/2018,2018/06/16-20:34,2018/06/16-20:38,2018/06/16-20:42,6/16/2018 20:44,2018/06/16-20:45,2018/06/16-20:50,Transportation accidents,Shocked,Cars,governmental,governmental,Ramla area,cooling,governmental,No Clouds,natural,Normal,basic,it is not determined yet,,,,
2194,2194,90680,114256,Fujairah,Civil Defense Center - Administration,Police and traffic,6/16/2018,2018/06/16-22:33,2018/06/16-22:36,2018/06/16-22:39,6/16/2018 22:47,2018/06/16-22:50,2018/06/16-22:54,Transportation accidents,One hundredth,Cars,Public facilities and services,Public places and places,Faction,Fire fighting,Missing,No Clouds,natural,unclassified,basic,it is not determined yet,,,,
2195,2195,90695,114271,Ras Al Khaimah,Civil Defense Center - Kadra,Police and traffic,6/17/2018,2018/06/17-05:54,2018/06/17-06:05,2018/06/17-06:23,6/17/2018 6:30,2018/06/17-07:10,2018/06/17-07:20,Transportation accidents,Deterioration,Cars,Other places,Other places,Sheikh Khalifa Street in the direction of the bodies,Rescue people,Missing,No Clouds,natural,Normal,basic,Traffic accident,2,0,0,0
2196,2196,90702,114278,Sharjah,Civil Defense Center - Al -Sajaa,Police and traffic,6/17/2018,2018/06/17-16:13,2018/06/17-16:20,2018/06/17-16:25,6/17/2018 16:37,2018/06/17-16:38,2018/06/17-16:45,Transportation accidents,A collision resulted in a fire,Cars,Other places,Other places,Emirates Street near Al -Zubair,take actions,Cars,No Clouds,natural,Normal,Limited,Traffic accident,,,,
2197,2197,90721,114300,Ajman,Civil Defense Center - Industrial,Police and traffic,6/18/2018,2018/06/18-12:29,2018/06/18-12:35,2018/06/18-12:42,6/18/2018 12:47,2018/06/18-12:53,2018/06/18-12:58,Transportation accidents,Clash,Cars,Public facilities and services,Public places and places,In the kindergarten area 1,Disturbing injured,Missing,I did not specify,unclassified,Important,basic,it is not determined yet,,,,
2198,2198,90743,114327,Sharjah,Civil Defense Center - Mawlh,Police and traffic,6/19/2018,2018/06/19-08:14,2018/06/19-08:21,2018/06/19-08:24,6/19/2018 8:26,2018/06/19-08:27,2018/06/19-08:47,Transportation accidents,Shocked,Light,healthy,healthy,Missing,Fire inspection,Missing,No Clouds,natural,Normal,Limited,Unknown,,,,
2199,2199,90759,114343,Fujairah,Civil Defense Center - Al -Taween,Police and traffic,6/19/2018,2018/06/19-21:20,2018/06/19-21:22,2018/06/19-21:24,6/19/2018 21:26,2018/06/19-21:27,2018/06/19-21:28,Transportation accidents,Clash,Cars,Means of transport,Methods and transport facilities,Fold,Separation of a battery,Missing,No Clouds,natural,Normal,basic,it is not determined yet,,,,
2200,2200,90773,114357,Eye,Civil Defense Center - Administration,Police and traffic,6/20/2018,2018/06/20-11:33,2018/06/20-11:37,2018/06/20-11:40,6/20/2018 12:10,2018/06/20-12:20,2018/06/20-12:28,Transportation accidents,Clash,Cars,Other places,Streets and squares,Jimmy,Street washing,Missing,No Clouds,natural,Normal,basic,it is not determined yet,,,,
2201,2201,90783,114367,Abu Dhabi,Civil Defense Center - Al -Maqta,Police and traffic,6/20/2018,2018/06/20-13:05,2018/06/20-13:11,2018/06/20-13:18,6/20/2018 13:50,2018/06/20-14:25,2018/06/20-14:30,Transportation accidents,One hundredth,Cars,Means of transport,Methods and transport facilities,Abu Dhabi Gate area on the public street,Rescue and transfer injured people,Cars,No Clouds,natural,Important,basic,it is not determined yet,,,,
2202,2202,90838,114426,Sharjah,Madame Unit,Civil defense departments and centers,6/23/2018,2018/06/23-01:32,2018/06/23-01:45,2018/06/23-01:49,6/23/2018 1:50,2018/06/23-01:51,2018/06/23-02:16,Transportation accidents,Clash,Cars,Means of transport,Methods and transport facilities,Al -Akhib area,Directing confined and transferring injured people,Missing,No Clouds,natural,Important,basic,Traffic accident,,,,
2203,2203,90894,114491,Al Dhafra,Civil Defense Center - Hmeim,The audience,6/25/2018,2018/06/25-10:23,2018/06/25-11:01,2018/06/25-11:05,6/25/2018 11:15,2018/06/25-11:40,2018/06/25-12:15,Transportation accidents,A collision resulted in a fire,Trucks,Means of transport,Methods and transport facilities,Missing,take actions,Missing,No Clouds,natural,very important,basic,it is not determined yet,1,0,0,0