,Unnamed: 0,rec_id,Accident number,Competent Department,Competent Center,Amount rating,Date of the accident,The date and time of the notification,Date and time of first arrival,Date and time of completion of control,End date and time of the operation,Departure date and time,Date and time of return to the center,Accident Group,Type of accident,Direct damage,Acccident scene category,Accident scene,Accident title,The band's work summary,Activity,Weather condition,Road condition,Priority level,Accident size,The cause of the accident,The number of injured people,The number of deaths in the public,The number of injured members of the force,The number of deaths of members of the force
2338,2338,95089,118990,Fujairah,Civil Defense Center - Administration,Police and traffic,12/31/2018,2018/12/31-06:08,2018/12/31-06:11,2018/12/31-06:16,12/31/2018 6:54,2018/12/31-06:55,2018/12/31-07:07,Transportation accidents,Clash,Cars,Public facilities and services,Public places and places,You will be the roundabout,Ambulance and rescue,Missing,No Clouds,natural,unclassified,medium,Traffic accident,1,1,0,0
2339,2339,95121,119023,Sharjah,Civil Defense Center - Mawlh,Police and traffic,1/1/2019,2019/01/01-08:54,2019/01/01-09:02,2019/01/01-09:08,1/1/2019 9:12,2019/01/01-09:18,2019/01/01-09:34,Transportation accidents,Clash,Light,Industrial,Industrial,Missing,Inspection,Missing,No Clouds,natural,Normal,Limited,it is not determined yet,,,,
2340,2340,95141,119046,Ras Al Khaimah,Civil Defense Center - Al -Dakdakh,Police and traffic,1/2/2019,2019/01/02-20:26,2019/01/02-20:32,2019/01/02-20:39,1/2/2019 20:43,2019/01/02-20:45,2019/01/02-20:56,Transportation accidents,One hundredth,Cars,Other places,Streets and squares,Al -Kharan area,Separation of a battery,Missing,No Clouds,natural,Normal,basic,Traffic accident,,,,
2341,2341,95147,119053,Fujairah,Civil Defense Center - Administration,Police and traffic,1/3/2019,2019/01/03-00:21,2019/01/03-00:25,2019/01/03-00:27,1/3/2019 0:30,2019/01/03-00:32,2019/01/03-00:36,Transportation accidents,Other accidents,Missing,governmental,governmental,In exchange for the free zone,Fire inspection,Missing,No Clouds,natural,Normal,Limited,it is not determined yet,,,,
2342,2342,95219,119126,Ras Al Khaimah,Civil Defense Center - Northern Administration,The audience,1/7/2019,2019/01/07-01:22,2019/01/07-01:30,2019/01/07-01:35,1/7/2019 1:37,2019/01/07-01:52,2019/01/07-02:01,Transportation accidents,Deterioration,Trucks,Industrial,Factory,Khorghawear Rak Rock Company near Stefin Rock,Being and preparing,Missing,No Clouds,natural,Normal,Limited,Traffic accident,,,,
2343,2343,95267,119176,Ras Al Khaimah,Poverty,Police and traffic,1/9/2019,2019/01/09-17:31,2019/01/09-17:37,2019/01/09-17:40,1/9/2019 17:41,2019/01/09-17:42,2019/01/09-17:48,Transportation accidents,Clash,Cars,Means of transport,car,Missing,Fire combat and rescue,governmental,No Clouds,natural,Important,basic,Traffic accident,,,,
2344,2344,95286,119195,Sharjah,Civil Defense Center - Al -Sajaa,he did not specify,1/10/2019,2019/01/10-13:42,2019/01/10-13:51,2019/01/10-13:55,1/10/2019 14:10,2019/01/10-15:05,2019/01/10-15:19,Transportation accidents,A deterioration resulted in a fire,Cars,Public facilities and services,Streets and squares,Emirates Street,Fire fighting,Cars,No Clouds,Crowded,Important,medium,Traffic accident,4,1,0,0
2345,2345,95292,119201,Al Dhafra,Civil Defense Center - Port,Police and traffic,1/10/2019,2019/01/10-06:57,2019/01/10-07:15,2019/01/10-07:23,1/10/2019 7:30,2019/01/10-07:47,2019/01/10-08:15,Transportation accidents,A collision resulted in a fire,Cars,Means of transport,car,Funny,take actions,Transmission,No Clouds,natural,Important,Limited,Traffic accident,,,,
2346,2346,95302,119213,Ajman,Civil Defense Center - Administration,The audience,1/11/2019,2019/01/11-00:26,2019/01/11-00:32,2019/01/11-00:41,1/11/2019 0:49,2019/01/11-01:02,2019/01/11-01:07,Transportation accidents,Shocked,he did not specify,Public facilities and services,Public places and places,Hamidiya,take actions,Cars,No Clouds,natural,Important,Limited,it is not determined yet,,,,
2347,2347,95323,119234,Ras Al Khaimah,Civil Defense Center - Al -Dakdakh,The audience,1/12/2019,2019/01/12-09:29,2019/01/12-09:38,2019/01/12-09:50,1/12/2019 9:51,2019/01/12-09:52,2019/01/12-10:02,Transportation accidents,Fire of transportation,Cars,commercial,commercial,Northern Al -Dhait Al -Wakalat Street,Inspection,commercial,No Clouds,natural,Important,basic,Diamond,,,,
2348,2348,95355,119267,Ajman,Civil Defense Center - Administration,Other parties,1/13/2019,2019/01/13-19:50,2019/01/13-19:56,2019/01/13-20:01,1/13/2019 20:04,2019/01/13-20:07,2019/01/13-20:12,Transportation accidents,A collision resulted in a fire,Cars,Means of transport,car,Missing,take actions,Transmission,No Clouds,natural,Important,Limited,it is not determined yet,,,,
2349,2349,95367,119285,Ajman,Civil Defense Center - Industrial,Police and traffic,1/14/2019,2019/01/14-13:14,2019/01/14-13:18,2019/01/14-13:30,1/14/2019 13:38,2019/01/14-13:48,2019/01/14-13:51,Transportation accidents,Clash,Cars,Means of transport,Streets and squares,Hill 2 near the Ajman Ajman School,Conquest,Missing,No Clouds,natural,Important,basic,other reasons,1,0,0,0
2350,2350,95400,119320,Ras Al Khaimah,Civil Defense Center - Al -Jazeera Al -Hamra,Police and traffic,1/15/2019,2019/01/15-17:21,2019/01/15-17:28,2019/01/15-17:34,1/15/2019 17:35,2019/01/15-17:37,2019/01/15-17:43,Transportation accidents,Leak,Cars,Other places,Streets and squares,Sheikh Mohammed bin Zayed Street Exit 122,Separation of a battery,governmental,No Clouds,natural,Important,Limited,Traffic accident,,,,
2351,2351,95419,119340,Ras Al Khaimah,Civil Defense Center - Administration,Police and traffic,1/16/2019,2019/01/16-21:22,2019/01/16-21:27,2019/01/16-21:30,1/16/2019 21:31,2019/01/16-21:33,2019/01/16-21:43,Transportation accidents,A collision resulted in a fire,Cars,Means of transport,car,Missing,Inspection,Missing,No Clouds,natural,Normal,Limited,Traffic accident,,,,
2352,2352,95462,119388,Eye,Civil Defense Center - Zakher (fast intervention),Police and traffic,1/19/2019,2019/01/19-03:19,2019/01/19-03:28,2019/01/19-03:55,1/19/2019 4:37,2019/01/19-04:40,2019/01/19-04:48,Transportation accidents,A deterioration resulted in a fire,Other things,Public facilities and services,Public places and places,Ayn,Fighting a large fire,Specific,No Clouds,natural,Important,medium,it is not determined yet,0,1,0,0
2353,2353,95463,119389,Abu Dhabi,Civil Defense Center - Gentot,Police and traffic,1/18/2019,2019/01/18-11:24,2019/01/18-11:40,2019/01/18-11:52,1/19/2019 0:07,2019/01/19-00:20,2019/01/19-01:02,Transportation accidents,Shocked,Cars,Means of transport,car,Sheikh Mohammed bin Rashid Street towards the bridge towards Kizad,Fire control and cooling,Cars,No Clouds,natural,Normal,Limited,it is not determined yet,,,,
2354,2354,95476,119403,Sharjah,Civil Defense Center - Al Dhaid,Civil defense departments and centers,1/20/2019,2019/01/20-00:54,2019/01/20-00:59,2019/01/20-01:02,1/20/2019 1:18,2019/01/20-01:27,2019/01/20-01:37,Transportation accidents,A collision resulted in a fire,Cars,Other places,Streets and squares,Malihah,Fire control and cooling,Cars,No Clouds,natural,Normal,Limited,Traffic accident,,,,
2355,2355,95505,119436,Eye,Civil Defense Center - Al -Hir,Police and traffic,1/22/2019,2019/01/22-01:01,2019/01/22-01:03,2019/01/22-01:24,1/22/2019 1:50,2019/01/22-02:10,2019/01/22-02:30,Transportation accidents,A collision resulted in a fire,Cars,governmental,governmental,Jag,Fire cooling,Supply,No Clouds,natural,Normal,basic,Traffic accident,3,0,0,0
2356,2356,95597,119535,Abu Dhabi,Civil Defense Center - Shakhbout City,Police and traffic,1/27/2019,2019/01/27-13:08,2019/01/27-13:25,2019/01/27-13:28,1/27/2019 13:29,2019/01/27-13:44,2019/01/27-14:06,Transportation accidents,A collision resulted in a fire,Trucks,Means of transport,Truck,Before the Mafraq Bridge in the interior,Fire control and cooling,Cars,No Clouds,natural,Normal,Limited,it is not determined yet,,,,
2357,2357,95598,119536,Sharjah,Civil Defense Center - Al Dhaid,Civil defense departments and centers,1/27/2019,2019/01/27-16:41,2019/01/27-16:45,2019/01/27-16:50,1/27/2019 16:54,2019/01/27-17:03,2019/01/27-17:10,Transportation accidents,Clash,Cars,Means of transport,car,Al -Sharif roundabout truck road,rescue,Cars,No Clouds,Crowded,Normal,medium,Traffic accident,0,1,0,0
2358,2358,95611,119549,Ajman,Civil Defense Center - Al -Jarf,The audience,1/28/2019,2019/01/28-01:19,2019/01/28-01:24,2019/01/28-01:36,1/28/2019 2:15,2019/01/28-02:17,2019/01/28-02:24,Transportation accidents,Clash,Trucks,Means of transport,Truck,Sheikh Mohammed bin Zayed Street,Take bodies,Missing,No Clouds,natural,Normal,medium,Traffic accident,0,1,0,0
2359,2359,95626,119566,Fujairah,Civil Defense Center - Masafi,Police and traffic,1/28/2019,2019/01/28-13:20,2019/01/28-13:30,2019/01/28-13:35,1/28/2019 14:30,2019/01/28-14:40,2019/01/28-14:55,Transportation accidents,Deterioration,Heavy Equipment,Means of transport,Heavy stomach,The Gulf Dibba Road / Masafi Trucks,Disturbing injured,Transmission,No Clouds,natural,Normal,medium,Traffic accident,1,0,0,0
2360,2360,95680,119622,Ras Al Khaimah,Civil Defense Center - Al -Jazeera Al -Hamra,Police and traffic,1/31/2019,2019/01/31-19:45,2019/01/31-19:51,2019/01/31-19:56,1/31/2019 19:57,2019/01/31-20:03,2019/01/31-20:26,Transportation accidents,Clash,Cars,Other places,Streets and squares,Missing,Fire fighting,Missing,No Clouds,natural,Normal,basic,Traffic accident,,,,
2361,2361,95693,119635,Sharjah,Civil Defense Center - Sunan,Police and traffic,2/1/2019,2019/02/01-11:32,2019/02/01-11:35,2019/02/01-11:40,2/1/2019 11:41,2019/02/01-12:05,2019/02/01-12:08,Transportation accidents,Clash,Cars,governmental,governmental,Sharjah is near Al Qasimi Hospital,Directing confined and transferring injured people,Lump,No Clouds,natural,Normal,basic,Ghazi explosion,2,0,0,0
2362,2362,95694,119636,Abu Dhabi,Civil Defense Center - Al -Shamkha,Police and traffic,2/1/2019,2019/02/01-10:30,2019/02/01-10:34,2019/02/01-10:50,2/1/2019 11:00,2019/02/01-11:05,2019/02/01-11:15,Transportation accidents,Deterioration,Missing,Means of transport,Methods and transport facilities,After the Al -Shamkha fuel station towards Bani Yas,Rescue people,Missing,No Clouds,natural,Important,basic,it is not determined yet,1,0,0,0
2363,2363,95714,119656,Ras Al Khaimah,Civil Defense Center - Administration,he did not specify,2/2/2019,2019/02/02-04:13,2019/02/02-04:15,2019/02/02-04:19,2/2/2019 4:48,2019/02/02-04:49,2019/02/02-04:51,Transportation accidents,Deterioration,the person,commercial,Streets and squares,Near Al -Manar Center,Rescue people,Missing,No Clouds,natural,Important,basic,Traffic accident,1,0,0,0
2364,2364,95733,119675,Ras Al Khaimah,Civil Defense Center - Kadra,Police and traffic,2/3/2019,2019/02/03-05:38,2019/02/03-05:49,2019/02/03-05:52,2/3/2019 7:22,2019/02/03-07:29,2019/02/03-07:56,Transportation accidents,One hundredth,the person,commercial,Institutions and companies,Shokah area under the bridge towards the small roundabout between the mountains,Disturbing injured,Specific,No Clouds,natural,Important,basic,it is not determined yet,0,0,0,0
2365,2365,95748,119690,Eye,Civil Defense Center - Umm Ghafa,Police and traffic,2/3/2019,2019/02/03-18:16,2019/02/03-18:32,2019/02/03-18:40,2/3/2019 19:02,2019/02/03-19:10,2019/02/03-19:20,Transportation accidents,Clash,Cars,Other places,undefined,Tweezers,Fire control and cooling,Cars,Clouds,Unpaved methods,Important,basic,it is not determined yet,2,0,0,0
2366,2366,95788,119731,Ras Al Khaimah,Civil Defense Center - Kadra,Police and traffic,2/5/2019,2019/02/05-23:31,2019/02/05-23:36,2019/02/05-23:41,2/5/2019 23:52,2019/02/05-23:55,2019/02/06-00:08,Transportation accidents,Deterioration,the person,Other places,Truck,fork,Ambulance and rescue,Missing,No Clouds,natural,very important,basic,Traffic accident,1,0,0,0
2367,2367,95818,119763,Umm Al Quwain,Civil Defense Center - Administration,Police and traffic,2/7/2019,2019/02/07-08:01,2019/02/07-08:05,2019/02/07-08:10,2/7/2019 8:12,2019/02/07-08:14,2019/02/07-08:19,Transportation accidents,Clash,Cars,Other places,Other places,King Faisal Street,Disturbing injured,Cars,No Clouds,natural,Normal,Limited,Traffic accident,,,,
2368,2368,95860,119808,Ras Al Khaimah,Civil Defense Center - Al Gail,Police and traffic,2/9/2019,2019/02/09-05:39,2019/02/09-05:47,2019/02/09-05:50,2/9/2019 6:10,2019/02/09-06:12,2019/02/09-06:30,Transportation accidents,Clash,Cars,Public facilities and services,Public places and places,Fold,Directing confined and transferring injured people,Missing,No Clouds,natural,Important,basic,Traffic accident,,,,
2369,2369,95874,119822,Sharjah,Civil Defense Center - Mawlh,Police and traffic,2/9/2019,2019/02/09-10:29,2019/02/09-10:35,2019/02/09-10:38,2/9/2019 11:08,2019/02/09-11:18,2019/02/09-11:28,Transportation accidents,Clash,Light,commercial,commercial,Mawlh,Disturbing injured,Ceramic,No Clouds,natural,Important,basic,Traffic accident,1,0,0,0
2370,2370,95906,119855,Dubai,Al -Rashidiya Center,Police and traffic,2/11/2019,2019/02/11-17:27,2019/02/11-17:36,2019/02/11-17:43,2/11/2019 18:02,2019/02/11-18:07,2019/02/11-18:28,Transportation accidents,A deterioration resulted in a fire,Cars,Means of transport,car,Deira - University City Street,Fire fighting,Missing,No Clouds,natural,Normal,basic,it is not determined yet,,,,
2371,2371,95972,119922,Ras Al Khaimah,Civil Defense Center - Kadra,Police and traffic,2/15/2019,2019/02/15-00:46,2019/02/15-00:52,2019/02/15-01:05,2/15/2019 1:11,2019/02/15-01:15,2019/02/15-01:36,Transportation accidents,Clash,Cars,Other places,Streets and squares,Sheikh Khalifa Street towards Fujairah,rescue,Specific,No Clouds,natural,very important,basic,Traffic accident,3,0,0,0
2372,2372,95973,119923,Eye,Civil Defense Center - Maqam,Police and traffic,2/15/2019,2019/02/15-00:58,2019/02/15-01:04,2019/02/15-01:13,2/15/2019 1:20,2019/02/15-01:31,2019/02/15-01:45,Transportation accidents,Clash,Cars,Other places,Streets and squares,Al -Tawiya/Airport Street,Fire control and cooling,Cars,No Clouds,natural,Important,basic,it is not determined yet,1,0,0,0
2373,2373,96053,120011,Fujairah,Civil Defense Center - Al -Taween,Police and traffic,2/19/2019,2019/02/19-16:51,2019/02/19-17:00,2019/02/19-17:03,2/19/2019 17:10,2019/02/19-17:11,2019/02/19-17:23,Transportation accidents,One hundredth,Electricity column,governmental,governmental,Missing,take actions,governmental,No Clouds,natural,Normal,basic,Traffic accident,,,,
2374,2374,96058,120016,Ajman,Civil Defense Center - Al -Jarf,Police and traffic,2/20/2019,2019/02/20-01:33,2019/02/20-01:47,2019/02/20-02:10,2/20/2019 2:40,2019/02/20-02:42,2019/02/20-03:00,Transportation accidents,Clash,Cars,Means of transport,Various transportation,A collision between three vehicles,Rescue people,Transmission,Clouds,natural,Important,basic,Traffic accident,2,0,0,0
2375,2375,96067,120025,Ras Al Khaimah,Civil Defense Center - Administration,he did not specify,2/20/2019,2019/02/20-15:35,2019/02/20-15:39,2019/02/20-15:42,2/20/2019 15:43,2019/02/20-15:44,2019/02/20-15:48,Transportation accidents,Fire of transportation,Cars,governmental,governmental,Missing,Missing,Missing,No Clouds,natural,Important,Limited,it is not determined yet,,,,
2376,2376,96091,120051,Sharjah,Civil Defense Center - Al Hamriyah,Military officers and members,2/22/2019,2019/02/22-02:31,2019/02/22-02:38,2019/02/22-02:41,2/22/2019 2:42,2019/02/22-02:50,2019/02/22-03:03,Transportation accidents,Clash,Cars,Other places,Streets and squares,"Ashkha, Mohammed bin Zayed Street, near the Al -Surra Bridge",existence,Cars,No Clouds,natural,Normal,Limited,Traffic accident,,,,
2377,2377,96103,120063,Fujairah,Civil Defense Center - Al -Madinah,Police and traffic,2/23/2019,2019/02/23-17:10,2019/02/23-17:21,2019/02/23-17:27,2/23/2019 17:31,2019/02/23-17:33,2019/02/23-17:42,Transportation accidents,Clash,Cars,Public facilities and services,Public places and places,Sheikh Khalifa Street,cooling,furniture,Clouds,natural,Normal,basic,Thermal source,,,,
2378,2378,96155,120119,Sharjah,Civil Defense Center - Al -Sajaa,Police and traffic,2/25/2019,2019/02/25-07:33,2019/02/25-07:48,2019/02/25-07:52,2/25/2019 8:00,2019/02/25-08:05,2019/02/25-08:20,Transportation accidents,A collision resulted in a fire,Cars,Public facilities and services,car,Mleiha Street in Sharjah,existence,Specific,No Clouds,Crowded,Normal,Limited,it is not determined yet,,,,
2379,2379,96158,120122,Dubai,Al Qasis Center,Police and traffic,2/25/2019,2019/02/25-09:27,2019/02/25-09:29,2019/02/25-09:34,2/25/2019 9:38,2019/02/25-09:40,2019/02/25-09:58,Transportation accidents,One hundredth,Other things,governmental,governmental,Hurricane,Fire control and cooling,Missing,No Clouds,natural,Normal,basic,it is not determined yet,,,,
2380,2380,96162,120126,Ajman,Civil Defense Center - Administration,Police and traffic,2/25/2019,2019/02/25-13:25,2019/02/25-13:30,2019/02/25-13:39,2/25/2019 13:44,2019/02/25-13:55,2019/02/25-13:58,Transportation accidents,Clash,Cars,Public facilities and services,Public places and places,Mashirf,Disturbing injured,Cars,Clouds,natural,Normal,basic,Traffic accident,,,,
2381,2381,96190,120154,Ajman,Civil Defense Center - Administration,Police and traffic,2/26/2019,2019/02/26-22:01,2019/02/26-22:07,2019/02/26-22:17,2/26/2019 22:23,2019/02/26-22:31,2019/02/26-22:39,Transportation accidents,Deterioration,tank,Means of transport,Streets and squares,Missing,Inspection,trade,No Clouds,natural,Normal,basic,Petroleum,1,0,0,0
2382,2382,96199,120164,Sharjah,Civil Defense Center - Al -Sajaa,Police and traffic,2/27/2019,2019/02/27-12:14,2019/02/27-12:22,2019/02/27-12:30,2/27/2019 12:45,2019/02/27-12:50,2019/02/27-13:05,Transportation accidents,Clash,Cars,Other places,Streets and squares,Emirates Street near Budaie,Rescue people,Cars,No Clouds,Crowded,Important,basic,Traffic accident,2,0,0,0
2383,2383,96234,120199,Fujairah,Civil Defense Center - Masafi,Police and traffic,3/1/2019,2019/03/01-14:00,2019/03/01-14:12,2019/03/01-14:18,3/1/2019 14:20,2019/03/01-14:22,2019/03/01-14:45,Transportation accidents,Clash,he did not specify,Public facilities and services,Public places and places,Massafi truck road,Separation of a battery,Missing,Clouds,natural,Important,basic,Traffic accident,1,0,0,0
2384,2384,96235,120200,Fujairah,Civil Defense Center - Administration,Police and traffic,3/1/2019,2019/03/01-13:30,2019/03/01-13:33,2019/03/01-13:36,3/1/2019 13:37,2019/03/01-13:40,2019/03/01-13:44,Transportation accidents,One hundredth,Cars,Public facilities and services,Public places and places,In exchange for girls' technology,Separation of a battery,Missing,Clouds,natural,Important,basic,Traffic accident,1,0,0,0
2385,2385,96245,120210,Dubai,Al Hamriyah Center,Police and traffic,3/2/2019,2019/03/02-06:04,2019/03/02-06:15,2019/03/02-06:19,3/2/2019 6:59,2019/03/02-07:15,2019/03/02-07:27,Transportation accidents,Fire of transportation,Cars,Means of transport,car,Deira / Abu Wahil region,Fire fighting,Cars,No Clouds,natural,Normal,basic,it is not determined yet,,,,
2386,2386,96264,120229,Ajman,Civil Defense Center - Al -Jarf,he did not specify,3/3/2019,2019/03/03-00:23,2019/03/03-00:27,2019/03/03-00:31,3/3/2019 0:33,2019/03/03-00:37,2019/03/03-00:45,Transportation accidents,Clash,Cars,governmental,governmental,Missing,take actions,Cars,No Clouds,natural,Important,medium,it is not determined yet,0,1,0,0
2387,2387,96295,120286,Sharjah,Civil Defense Center - Mawlh,Civil defense departments and centers,3/4/2019,2019/03/04-14:21,2019/03/04-14:26,2019/03/04-14:28,3/4/2019 14:33,2019/03/04-14:44,2019/03/04-14:50,Transportation accidents,Fire of transportation,Cars,commercial,commercial,"American Scientific Creativity School, Mawil, commercial",Fire fighting,Cars,Clouds,Crowded,Normal,Limited,Children tampering,,,,
2388,2388,96364,120355,Abu Dhabi,Civil Defense Center - Al -Shamkha,Police and traffic,3/8/2019,2019/03/08-01:00,2019/03/08-01:03,2019/03/08-01:10,3/8/2019 1:25,2019/03/08-02:10,2019/03/08-02:15,Transportation accidents,Clash,Cars,Means of transport,Methods and transport facilities,Missing,rescue,Cars,No Clouds,natural,Important,medium,Traffic accident,1,1,0,0
2389,2389,96445,120438,Fujairah,Civil Defense Center - Administration,Police and traffic,3/12/2019,2019/03/12-17:49,2019/03/12-17:53,2019/03/12-17:57,3/12/2019 18:35,2019/03/12-18:36,2019/03/12-18:42,Transportation accidents,Fire of transportation,tank,governmental,governmental,Sample,Fire control and cooling,Transmission,No Clouds,natural,Normal,basic,Thermal source,,,,
2390,2390,96455,120448,Ras Al Khaimah,Civil Defense Center - Northern Administration,Police and traffic,3/13/2019,2019/03/13-02:00,2019/03/13-02:11,2019/03/13-02:32,3/13/2019 2:41,2019/03/13-02:43,2019/03/13-02:52,Transportation accidents,One hundredth,the person,Industrial,Factory,Stephen Rock,Rescue people,Missing,I did not specify,natural,Important,basic,it is not determined yet,1,0,0,0
2391,2391,96466,120459,Umm Al Quwain,Patch Center,Police and traffic,3/13/2019,2019/03/13-19:18,2019/03/13-19:21,2019/03/13-19:24,3/13/2019 19:26,2019/03/13-19:27,2019/03/13-19:30,Transportation accidents,One hundredth,the person,Means of transport,car,Sheikh Zaidal Al -Falaj Street near the Petroleum Station,Being and preparing,Cars,No Clouds,natural,Important,Limited,Traffic accident,,,,
2392,2392,96488,120481,Umm Al Quwain,Patch Center,he did not specify,3/15/2019,2019/03/15-00:41,2019/03/15-00:47,2019/03/15-01:00,3/15/2019 1:10,2019/03/15-01:15,2019/03/15-01:20,Transportation accidents,One hundredth,the person,Means of transport,bridge,Sheikh Mohammed bin Zayed Street in the direction of Ajman,rescue,Specific,I did not specify,natural,Important,basic,it is not determined yet,,,,
2393,2393,96519,120513,Al Dhafra,Civil Defense Center - Port,Police and traffic,3/16/2019,2019/03/16-08:34,2019/03/16-09:12,2019/03/16-09:15,3/16/2019 9:18,2019/03/16-09:19,2019/03/16-10:05,Transportation accidents,Deterioration,Cars,Other places,Other places,"Al -Jadeed Street, on the road to Ketch Ramli",Rescue people,Cars,No Clouds,natural,Important,basic,it is not determined yet,1,0,0,0
2394,2394,96607,120612,Fujairah,Civil Defense Center - against us,The audience,3/19/2019,2019/03/19-16:15,2019/03/19-16:24,2019/03/19-16:26,3/19/2019 16:28,2019/03/19-16:30,2019/03/19-16:45,Transportation accidents,Deterioration,Cars,Public facilities and services,Public places and places,Intuition,Directing confined and transferring injured people,Missing,Dust and wind,natural,Normal,basic,Traffic accident,1,0,0,0
2395,2395,96609,120614,Ras Al Khaimah,Civil Defense Center - Administration,Police and traffic,3/19/2019,2019/03/19-17:58,2019/03/19-18:08,2019/03/19-18:11,3/19/2019 18:16,2019/03/19-18:18,2019/03/19-18:26,Transportation accidents,Fire of transportation,Cars,residential,residential,Al -Uraibi,Sending and transferring a woman,Missing,No Clouds,Crowded,very important,Limited,it is not determined yet,,,,
2396,2396,96610,120615,Sharjah,Civil Defense Center - Sunan,Civil defense departments and centers,3/19/2019,2019/03/19-12:21,2019/03/19-12:28,2019/03/19-12:30,3/19/2019 12:32,2019/03/19-12:49,2019/03/19-12:58,Transportation accidents,Fire of transportation,Cars,oil,Fuel supply station,Industrial 4 at ADNOC Station,Inspection,Cars,No Clouds,Crowded,Normal,Limited,it is not determined yet,,,,
2397,2397,96694,120702,Sharjah,Civil Defense Center - Al Dhaid,Police and traffic,3/23/2019,2019/03/23-17:01,2019/03/23-17:06,2019/03/23-17:10,3/23/2019 17:20,2019/03/23-17:25,2019/03/23-17:32,Transportation accidents,Deterioration,Cars,Other places,undefined,The Saif region is folded by the Emirate of Umm Al Quwain,Transfer,Cars,Clouds,Unpaved methods,Important,basic,Traffic accident,2,0,0,0
2398,2398,96730,120738,Ras Al Khaimah,Civil Defense Center - Riffa,he did not specify,3/25/2019,2019/03/25-13:42,2019/03/25-13:49,2019/03/25-13:54,3/25/2019 13:57,2019/03/25-13:59,2019/03/25-14:14,Transportation accidents,A collision resulted in a fire,Cars,Other places,Streets and squares,Southern,Fire fighting,Missing,No Clouds,natural,Normal,Limited,it is not determined yet,,,,
2399,2399,96775,120785,Sharjah,Civil Defense Center - Mawlh,Police and traffic,3/27/2019,2019/03/27-10:30,2019/03/27-10:37,2019/03/27-10:41,3/27/2019 10:50,2019/03/27-10:53,2019/03/27-10:58,Transportation accidents,A collision resulted in a fire,Cars,Other places,Other places,Mohammed bin Zayed Street between Dubai and Sharjah,Fire fighting,Specific,Clouds,Crowded,Normal,medium,it is not determined yet,,,,
2400,2400,96776,120786,Sharjah / Eastern Region,Civil Defense Center - Kalba,Police and traffic,3/27/2019,2019/03/27-10:59,2019/03/27-11:03,2019/03/27-11:09,3/27/2019 11:13,2019/03/27-11:15,2019/03/27-11:19,Transportation accidents,One hundredth,Cars,Means of transport,car,Suhaila area,Directing confined and transferring injured people,Cars,Clouds,natural,Normal,basic,Traffic accident,,,,
2401,2401,96888,120902,Abu Dhabi,Civil Defense Center - Al -Maqta,Police and traffic,4/1/2019,2019/04/01-19:28,2019/04/01-19:40,2019/04/01-20:00,4/1/2019 20:25,2019/04/01-20:27,2019/04/01-20:35,Transportation accidents,Clash,Other things,Means of transport,car,Bridge browsed outward,He told,Missing,No Clouds,natural,Normal,basic,Traffic accident,1,0,0,0
2402,2402,96922,120951,Abu Dhabi,Civil Defense Center - Al -Shahama,Police and traffic,4/4/2019,2019/04/04-01:55,2019/04/04-01:57,2019/04/04-02:10,4/4/2019 2:40,2019/04/04-02:50,2019/04/04-03:00,Transportation accidents,Clash,Other things,Means of transport,Various transportation,After the magnanimity bridge towards the outside,Disturbing injured,Cars,No Clouds,natural,Normal,Limited,it is not determined yet,,,,
2403,2403,96925,120955,Sharjah,Civil Defense Center - Al Dhaid,Police and traffic,4/4/2019,2019/04/04-06:16,2019/04/04-06:29,2019/04/04-06:32,4/4/2019 6:34,2019/04/04-06:36,2019/04/04-06:48,Transportation accidents,Deterioration,Cars,Means of transport,Streets and squares,Al -Battat Al -Sharqa Al -Dhaid Road opposite the heritage village,rescue,Cars,No Clouds,natural,Normal,Limited,Traffic accident,,,,
2404,2404,96933,120967,Abu Dhabi,Civil Defense Center - Al -Shamkha,Police and traffic,4/4/2019,2019/04/04-13:29,2019/04/04-13:34,2019/04/04-13:38,4/4/2019 13:43,2019/04/04-13:45,2019/04/04-13:50,Transportation accidents,A collision resulted in a fire,Cars,Means of transport,car,Al -Shamkha City against the Supermarket of prosperity,cooling,Cars,No Clouds,natural,Important,basic,it is not determined yet,,,,
2405,2405,96990,121027,Sharjah,Civil Defense Center - Al Hamriyah,Police and traffic,4/7/2019,2019/04/07-11:11,2019/04/07-11:18,2019/04/07-11:22,4/7/2019 11:26,2019/04/07-11:50,2019/04/07-12:05,Transportation accidents,Clash,Cars,Other places,Streets and squares,"Al -Ittihad Street, near the Sharjah Cooperative Society (Al Hamriyah)",rescue,Cars,No Clouds,natural,Normal,medium,Traffic accident,3,0,0,0
2406,2406,97029,121069,Abu Dhabi,Civil Defense Center - Al -Bateen,Police and traffic,4/8/2019,2019/04/08-23:54,2019/04/08-23:58,2019/04/09-00:02,4/9/2019 0:06,2019/04/09-00:11,2019/04/09-00:15,Transportation accidents,Shocked,Cars,Public facilities and services,Public places and places,Intercontinental Hotel,Inspection,Cars,No Clouds,natural,Normal,Limited,it is not determined yet,,,,