,Unnamed: 0,rec_id,Accident number,Competent Department,Competent Center,Amount rating,Date of the accident,The date and time of the notification,Date and time of first arrival,Date and time of completion of control,End date and time of the operation,Departure date and time,Date and time of return to the center,Accident Group,Type of accident,Direct damage,Acccident scene category,Accident scene,Accident title,The band's work summary,Activity,Weather condition,Road condition,Priority level,Accident size,The cause of the accident,The number of injured people,The number of deaths in the public,The number of injured members of the force,The number of deaths of members of the force
2407,2407,97035,121075,Umm Al Quwain,Patch Center,Police and traffic,4/9/2019,2019/04/09-12:52,2019/04/09-12:54,2019/04/09-12:59,4/9/2019 13:04,2019/04/09-13:06,2019/04/09-13:16,Transportation accidents,Shocked,Cars,governmental,governmental,Al -Surra Street,Fire cooling,car electricitie,No Clouds,natural,Normal,basic,it is not determined yet,,,,
2408,2408,97043,121083,Ajman,Civil Defense Center - Administration,Police and traffic,4/9/2019,2019/04/09-22:06,2019/04/09-22:11,2019/04/09-22:28,4/9/2019 22:35,2019/04/09-22:40,2019/04/09-22:49,Transportation accidents,Deterioration,Missing,Means of transport,car,Missing,take actions,Missing,No Clouds,natural,Normal,medium,Traffic accident,3,1,0,0
2409,2409,97265,121325,Eye,Civil Defense Center - Al -Faqa,Police and traffic,4/18/2019,2019/04/18-10:20,2019/04/18-10:30,2019/04/18-10:40,4/18/2019 11:00,2019/04/18-11:11,2019/04/18-11:17,Transportation accidents,Clash,Cars,Other places,Streets and squares,Between the Hir Bridge and the Shuwaib Bridge,rescue,Specific,No Clouds,natural,Normal,basic,it is not determined yet,2,0,0,0
2410,2410,97290,121350,Eye,Civil Defense Center - Nahel,Police and traffic,4/19/2019,2019/04/19-21:50,2019/04/19-21:57,2019/04/19-22:03,4/19/2019 23:00,2019/04/19-23:10,2019/04/19-23:20,Transportation accidents,A collision resulted in a fire,Cars,Means of transport,car,Al Ain Road Nahel,Fire control and cooling,Cars,No Clouds,natural,Important,medium,it is not determined yet,1,1,0,0
2411,2411,97292,121352,Ras Al Khaimah,Civil Defense Center - Administration,he did not specify,4/20/2019,2019/04/20-01:40,2019/04/20-01:53,2019/04/20-01:56,4/20/2019 1:58,2019/04/20-02:00,2019/04/20-02:11,Transportation accidents,Clash,Cars,residential,residential,Missing,Inspection,Cars,No Clouds,natural,Normal,Limited,Unknown,,,,
2412,2412,97301,121364,Sharjah,Civil Defense Center - Al Dhaid,Police and traffic,4/20/2019,2019/04/20-12:29,2019/04/20-12:38,2019/04/20-12:42,4/20/2019 12:53,2019/04/20-12:59,2019/04/20-13:04,Transportation accidents,A collision resulted in a fire,Cars,Public facilities and services,Public places and places,Hamda popular bridge,Fire fighting,Specific,No Clouds,natural,Normal,basic,it is not determined yet,,,,
2413,2413,97341,121406,Sharjah,Civil Defense Center - Al Dhaid,The audience,4/22/2019,2019/04/22-10:50,2019/04/22-11:09,2019/04/22-11:15,4/22/2019 11:18,2019/04/22-11:20,2019/04/22-11:40,Transportation accidents,Clash,Cars,Other places,Streets and squares,"Sheikh Khalifa Street, Melha, towards the bodies",rescue,Cars,No Clouds,natural,Normal,medium,Traffic accident,0,1,0,0
2414,2414,97378,121445,Ajman,Civil Defense Center - Industrial,Police and traffic,4/25/2019,2019/04/25-04:48,2019/04/25-04:57,2019/04/25-05:47,4/25/2019 5:52,2019/04/25-05:53,2019/04/25-05:59,Transportation accidents,Clash,the person,Means of transport,Truck,A collision on Sheikh / Mohammed bin Zayed Road,Ambulance and rescue,Cars,Dust and wind,Crowded,Important,basic,Traffic accident,1,0,0,0
2415,2415,97432,121505,Fujairah,Civil Defense Center - against us,The audience,4/27/2019,2019/04/27-16:35,2019/04/27-16:40,2019/04/27-16:47,4/27/2019 16:48,2019/04/27-17:19,2019/04/27-17:24,Transportation accidents,Clash,Cars,Public facilities and services,Public places and places,Roll against us,Disturbing injured,Missing,No Clouds,natural,Normal,basic,it is not determined yet,1,0,0,0
2416,2416,97472,121546,Sharjah,Civil Defense Center - Al Dhaid,Police and traffic,4/29/2019,2019/04/29-06:03,2019/04/29-06:17,2019/04/29-06:25,4/29/2019 6:26,2019/04/29-06:27,2019/04/29-06:38,Transportation accidents,Clash,Cars,Public facilities and services,Public places and places,"Kalba Khor Fakkan Street, coming up",Lowering,Specific,No Clouds,natural,Normal,medium,it is not determined yet,0,2,0,0
2417,2417,97490,121564,Eye,Civil Defense Center - Shuwaib,Police and traffic,4/30/2019,2019/04/30-09:22,2019/04/30-09:24,2019/04/30-09:27,4/30/2019 9:43,2019/04/30-09:54,2019/04/30-10:02,Transportation accidents,Clash,Cars,Other places,Streets and squares,After the Shuwaib Bridge towards Al -Madam,Take bodies,Cars,No Clouds,natural,Important,medium,it is not determined yet,0,1,0,0
2418,2418,97495,121569,Umm Al Quwain,Patch Center,Police and traffic,4/30/2019,2019/04/30-19:58,2019/04/30-20:03,2019/04/30-20:07,4/30/2019 20:10,2019/04/30-20:13,2019/04/30-20:22,Transportation accidents,Shocked,Cars,governmental,governmental,Kaber Kaber Al -Mualla Road District,Fire control and cooling,Cars,No Clouds,natural,Normal,basic,it is not determined yet,,,,
2419,2419,97498,121572,Eye,Civil Defense Center - Al -Hir,Police and traffic,5/1/2019,2019/05/01-01:04,2019/05/01-01:18,2019/05/01-01:21,5/1/2019 3:44,2019/05/01-04:20,2019/05/01-04:40,Transportation accidents,Clash,Cars,Other places,Streets and squares,Caramel,Street washing,Cars,No Clouds,natural,Normal,basic,it is not determined yet,,,,
2420,2420,97499,121573,Ras Al Khaimah,Civil Defense Center - Al -Dakdakh,Police and traffic,5/1/2019,2019/05/01-07:48,2019/05/01-07:54,2019/05/01-08:04,5/1/2019 8:20,2019/05/01-08:21,2019/05/01-08:25,Transportation accidents,Clash,Cars,Means of transport,car,Sheikh Rashid bin Saeed Road opposite the Aldar Hotel,Ambulance and rescue,Missing,No Clouds,natural,Normal,medium,it is not determined yet,1,1,0,0
2421,2421,97525,121603,Sharjah / Eastern Region,Civil Defense Center - Khor Fakkan,The audience,5/2/2019,2019/05/02-16:22,2019/05/02-16:25,2019/05/02-16:33,5/2/2019 16:54,2019/05/02-17:01,2019/05/02-17:05,Transportation accidents,One hundredth,Cars,Other places,Streets and squares,Khorfakkan / Yarmouk,take actions,Missing,No Clouds,natural,Normal,medium,it is not determined yet,0,1,0,0
2422,2422,97538,121616,Umm Al Quwain,Al -Aqran Center,Police and traffic,5/3/2019,2019/05/03-01:45,2019/05/03-01:51,2019/05/03-01:56,5/3/2019 2:04,2019/05/03-02:07,2019/05/03-02:11,Transportation accidents,One hundredth,Cars,Means of transport,Truck,Sheikh Mohammed bin Zayed Street,Directing confined and transferring injured people,Cars,No Clouds,natural,Important,basic,it is not determined yet,0,0,0,0
2423,2423,97616,121698,Sharjah,Civil Defense Center - Mawlh,Police and traffic,5/6/2019,2019/05/06-05:30,2019/05/06-05:36,2019/05/06-05:39,5/6/2019 6:07,2019/05/06-06:13,2019/05/06-06:21,Transportation accidents,Clash,Cars,he did not specify,he did not specify,From the intersection of Jisr 3 towards the Al -Thiqa Bridge (Mohammed bin Zayed Street,Disturbing injured,Cars,No Clouds,natural,Normal,basic,Traffic accident,,,,
2424,2424,97733,121823,Sharjah,Civil Defense Center - Mawlh,Police and traffic,5/10/2019,2019/05/10-21:19,2019/05/10-21:25,2019/05/10-21:30,5/10/2019 21:45,2019/05/10-21:47,2019/05/10-21:56,Transportation accidents,A collision resulted in a fire,Light,governmental,governmental,Mohammed bin Zayed Street before Jisr Al -Falah camp,Fire fighting,Cars,No Clouds,natural,Important,basic,Traffic accident,1,0,0,0
2425,2425,97780,121872,Ras Al Khaimah,Civil Defense Center - Riffa,Police and traffic,5/12/2019,2019/05/12-21:48,2019/05/12-21:50,2019/05/12-21:55,5/12/2019 21:57,2019/05/12-21:59,2019/05/12-22:09,Transportation accidents,A collision resulted in a fire,Cars,Means of transport,car,Southern,cooling,Specific,No Clouds,natural,Normal,basic,Thermal source,,,,
2426,2426,97800,121897,Fujairah,Civil Defense Center - Al -Madinah,Police and traffic,5/13/2019,2019/05/13-11:13,2019/05/13-11:21,2019/05/13-11:27,5/13/2019 11:32,2019/05/13-11:59,2019/05/13-12:16,Transportation accidents,One hundredth,Electricity column,governmental,governmental,Al -Bathna Street,Disturbing injured,Cars,No Clouds,Road works,unclassified,basic,it is not determined yet,1,0,0,0
2427,2427,97802,121899,Ras Al Khaimah,Civil Defense Center - Administration,Police and traffic,5/13/2019,2019/05/13-14:42,2019/05/13-14:53,2019/05/13-14:58,5/13/2019 15:02,2019/05/13-15:03,2019/05/13-15:15,Transportation accidents,A collision resulted in a fire,Cars,residential,villa,At Julpar Health Center,Fire inspection,Cars,No Clouds,natural,Important,Limited,it is not determined yet,,,,
2428,2428,97823,121920,Sharjah,Civil Defense Center - Mawlh,Police and traffic,5/14/2019,2019/05/14-16:59,2019/05/14-17:14,2019/05/14-17:20,5/14/2019 18:55,2019/05/14-19:00,2019/05/14-19:07,Transportation accidents,Deterioration,Buses,Means of transport,bus,Between industrial (3) and industrial (9) Moulah /the circular road,Directing bodies and confined,Transmission,No Clouds,Crowded,Important,medium,Traffic accident,0,1,0,0
2429,2429,97839,121936,Sharjah,Civil Defense Center - Al Hamriyah,Civil defense departments and centers,5/15/2019,2019/05/15-08:01,2019/05/15-08:06,2019/05/15-08:13,5/15/2019 8:18,2019/05/15-08:28,2019/05/15-08:38,Transportation accidents,Clash,the person,Means of transport,car,One Girls of Al Hamriyah,Disturbing injured,Transmission,No Clouds,natural,Normal,basic,it is not determined yet,1,0,0,0
2430,2430,97918,122042,Sharjah,Civil Defense Center - Sunan,he did not specify,5/19/2019,2019/05/19-17:25,2019/05/19-17:36,2019/05/19-17:41,5/19/2019 17:47,2019/05/19-17:53,2019/05/19-18:06,Transportation accidents,A deterioration resulted in a fire,Cars,Other places,Streets and squares,Industrial 4 at Liberty,Inspection,governmental,No Clouds,natural,Normal,Limited,Delight,,,,
2431,2431,97923,122047,Eye,Civil Defense Center - Civil,Police and traffic,5/19/2019,2019/05/19-22:17,2019/05/19-22:25,2019/05/19-22:40,5/19/2019 22:55,2019/05/19-23:00,2019/05/19-23:05,Transportation accidents,A collision resulted in a fire,Cars,Means of transport,car,Civil area,Fire fighting,Specific,Clouds,natural,Important,basic,Traffic accident,1,0,0,0
2432,2432,97946,122070,Ras Al Khaimah,Civil Defense Center - Al -Jazeera Al -Hamra,The audience,5/21/2019,2019/05/21-02:36,2019/05/21-02:44,2019/05/21-02:47,5/21/2019 2:48,2019/05/21-02:49,2019/05/21-02:55,Transportation accidents,Deterioration,Cars,Means of transport,Various transportation,Near the social uncle on the Red Island,Missing,Missing,I did not specify,natural,Normal,basic,Thermal source,,,,
2433,2433,97969,122095,Al Dhafra,Civil Defense Center - Port,Police and traffic,5/22/2019,2019/05/22-20:12,2019/05/22-20:23,2019/05/22-20:26,5/22/2019 22:09,2019/05/22-22:12,2019/05/22-22:31,Transportation accidents,Clash,Missing,Means of transport,Various transportation,Near the bridge of the change,cooling,governmental,No Clouds,natural,Normal,basic,other reasons,,,,
2434,2434,97972,122098,Abu Dhabi,Civil Defense Center - Al -Shamkha,Police and traffic,5/22/2019,2019/05/22-15:49,2019/05/22-15:55,2019/05/22-16:02,5/22/2019 16:05,2019/05/22-16:15,2019/05/22-16:25,Transportation accidents,Deterioration,Cars,Means of transport,car,Missing,take actions,Cars,No Clouds,natural,Normal,Limited,it is not determined yet,,,,
2435,2435,98053,122187,Umm Al Quwain,Civil Defense Center - Administration,Military officers and members,5/26/2019,2019/05/26-19:47,2019/05/26-19:52,2019/05/26-19:57,5/26/2019 19:59,2019/05/26-20:04,2019/05/26-20:09,Transportation accidents,One hundredth,Cars,governmental,Ministry,Al -Salamah near Sheikh Khalifa Hospital,Fire cooling,governmental,No Clouds,natural,Normal,basic,it is not determined yet,,,,
2436,2436,98066,122200,Ajman,Civil Defense Center - Manama,Civil defense departments and centers,5/27/2019,2019/05/27-08:00,2019/05/27-08:05,2019/05/27-08:37,5/27/2019 8:48,2019/05/27-08:57,2019/05/27-09:04,Transportation accidents,Clash,Cars,Means of transport,car,Manama,He told,Missing,No Clouds,natural,Important,medium,Traffic accident,0,1,0,0
2437,2437,98068,122204,Sharjah,Civil Defense Center - Al -Sajaa,Military officers and members,5/27/2019,2019/05/27-13:56,2019/05/27-14:01,2019/05/27-14:05,5/27/2019 14:09,2019/05/27-14:25,2019/05/27-14:29,Transportation accidents,A deterioration resulted in a fire,Remnants,Means of transport,Truck,Shroud,Fire fighting,Missing,No Clouds,natural,Normal,Limited,it is not determined yet,,,,
2438,2438,98147,122284,Ras Al Khaimah,Civil Defense Center - Kadra,Other parties,5/30/2019,2019/05/30-05:04,2019/05/30-05:11,2019/05/30-05:23,5/30/2019 5:29,2019/05/30-05:38,2019/05/30-05:54,Transportation accidents,Clash,Cars,Other places,Valley,Missing,Disturbing injured,Cars,No Clouds,natural,Important,basic,Unknown,,,,
2439,2439,98152,122289,Fujairah,Civil Defense Center - Al -Madinah,he did not specify,5/30/2019,2019/05/30-16:26,2019/05/30-16:36,2019/05/30-16:49,5/30/2019 16:51,2019/05/30-16:55,2019/05/30-17:55,Transportation accidents,Clash,Trucks,Means of transport,Truck,Bathing area,take actions,Missing,I did not specify,unclassified,unclassified,Limited,it is not determined yet,,,,
2440,2440,98154,122291,Fujairah,Civil Defense Center - Al -Madinah,Police and traffic,5/30/2019,2019/05/30-15:50,2019/05/30-16:05,2019/05/30-16:09,5/30/2019 16:13,2019/05/30-16:25,2019/05/30-16:44,Transportation accidents,Clash,Cars,Public facilities and services,Electricity column,Asfni area,Disturbing injured,Missing,No Clouds,natural,Important,basic,other reasons,2,0,0,0
2441,2441,98192,122332,Abu Dhabi,Civil Defense Center - Al -Falah (Al -Falah City),Police and traffic,6/1/2019,2019/06/01-09:07,2019/06/01-09:13,2019/06/01-09:25,6/1/2019 9:35,2019/06/01-09:40,2019/06/01-09:45,Transportation accidents,Shocked,Light,Means of transport,Light,A vehicle fire in Al -Falah area,Fire control and cooling,Cars,No Clouds,natural,Normal,basic,it is not determined yet,,,,
2442,2442,98221,122381,Sharjah,Madame Unit,Police and traffic,6/2/2019,2019/06/02-22:27,2019/06/02-22:31,2019/06/02-22:34,6/2/2019 22:40,2019/06/02-22:50,2019/06/02-22:55,Transportation accidents,Clash,Cars,Means of transport,Various transportation,Madame,Directing injured and deceased,Cars,No Clouds,natural,Normal,medium,Traffic accident,6,1,0,0
2443,2443,98309,122499,Ras Al Khaimah,Civil Defense Center - Al -Jazeera Al -Hamra,Police and traffic,6/5/2019,2019/06/05-19:24,2019/06/05-19:36,2019/06/05-19:39,6/5/2019 19:40,2019/06/05-19:41,2019/06/05-19:51,Transportation accidents,Clash,Cars,Other places,Streets and squares,Exit 119 at truck parking,Disturbing injured,Missing,No Clouds,natural,Normal,basic,other reasons,,,,
2444,2444,98377,122577,Fujairah,Civil Defense Center - Al -Madinah,Police and traffic,6/7/2019,2019/06/07-20:42,2019/06/07-20:46,2019/06/07-20:49,6/7/2019 20:51,2019/06/07-20:53,2019/06/07-20:58,Transportation accidents,Clash,Other things,governmental,Government department,Near the smoker roundabout,take actions,Cars,No Clouds,natural,Normal,basic,it is not determined yet,1,0,0,0
2445,2445,98429,122630,Sharjah,Civil Defense Center - Al Dhaid,Police and traffic,6/9/2019,2019/06/09-21:22,2019/06/09-21:28,2019/06/09-21:38,6/9/2019 21:50,2019/06/09-21:58,2019/06/09-22:08,Transportation accidents,Clash,Trucks,Means of transport,Truck,Al Dhaid Sharjah Street near Jabal Omar neighborhood,Exit and transfer injured people,Specific,No Clouds,natural,Important,basic,Traffic accident,1,0,0,0
2446,2446,98455,122656,Fujairah,Civil Defense Center - Al -Madinah,Police and traffic,6/10/2019,2019/06/10-23:42,2019/06/10-23:50,2019/06/10-23:53,6/11/2019 0:36,2019/06/11-00:37,2019/06/11-00:47,Transportation accidents,Deterioration,Trucks,governmental,Government department,Yabsa roundabout,take actions,Transmission,No Clouds,natural,Normal,medium,it is not determined yet,0,1,0,0
2447,2447,98457,122658,Ras Al Khaimah,Civil Defense Center - Riffa,he did not specify,6/11/2019,2019/06/11-02:51,2019/06/11-02:56,2019/06/11-03:09,6/11/2019 3:17,2019/06/11-03:20,2019/06/11-03:25,Transportation accidents,Shocked,Cars,Means of transport,car,Missing,Fire cooling,Cars,No Clouds,natural,Normal,basic,Unknown,,,,
2448,2448,98503,122706,Fujairah,Civil Defense Center - Al -Madinah,The audience,6/13/2019,2019/06/13-07:52,2019/06/13-07:54,2019/06/13-07:57,6/13/2019 8:05,2019/06/13-08:30,2019/06/13-08:40,Transportation accidents,Clash,Cars,Means of transport,Light,Marisheid,take actions,Missing,No Clouds,natural,Normal,basic,Traffic accident,4,0,0,0
2449,2449,98520,122726,Ras Al Khaimah,Civil Defense Center - Administration,he did not specify,6/13/2019,2019/06/13-17:33,2019/06/13-17:42,2019/06/13-17:46,6/13/2019 17:56,2019/06/13-18:05,2019/06/13-18:23,Transportation accidents,Deterioration,Trucks,Means of transport,Truck,Sharia for a circular after the steel bridge,take actions,Specific,No Clouds,natural,Normal,Limited,other reasons,,,,
2450,2450,98532,122742,Ras Al Khaimah,Civil Defense Center - Administration,Police and traffic,6/14/2019,2019/06/14-03:40,2019/06/14-03:46,2019/06/14-04:10,6/14/2019 4:11,2019/06/14-04:18,2019/06/14-04:35,Transportation accidents,Clash,Cars,Means of transport,parking,Missing,Ambulance and rescue,Construction,No Clouds,natural,Important,basic,Unknown,,,,
2451,2451,98534,122744,Abu Dhabi,Rawf Kindergarten Center,Police and traffic,6/14/2019,2019/06/14-06:10,2019/06/14-06:18,2019/06/14-06:30,6/14/2019 6:40,2019/06/14-06:50,2019/06/14-07:10,Transportation accidents,Clash,Cars,Public facilities and services,Public bathrooms,Near Abu Dhabi International Airport on the main street,Disturbing injured,Cars,No Clouds,natural,Important,basic,Traffic accident,,,,
2452,2452,98535,122745,Sharjah,Point of Nahda,The audience,6/14/2019,2019/06/14-13:11,2019/06/14-13:21,2019/06/14-13:26,6/14/2019 14:18,2019/06/14-14:19,2019/06/14-14:46,Transportation accidents,A collision resulted in a fire,Cars,Other places,Streets and squares,The Nahle against Lulu Hyper Market,Fire fighting,Cars,No Clouds,natural,Normal,basic,Diamond,,,,
2453,2453,98543,122753,Ras Al Khaimah,Civil Defense Center - Riffa,he did not specify,6/14/2019,2019/06/14-15:10,2019/06/14-15:15,2019/06/14-15:21,6/14/2019 15:22,2019/06/14-15:24,2019/06/14-15:38,Transportation accidents,A collision resulted in a fire,Cars,Other places,Streets and squares,Southern,Separation of a battery,Missing,No Clouds,natural,Normal,basic,other reasons,,,,
2454,2454,98570,122780,Abu Dhabi,Civil Defense Center - Al -Shahama,Police and traffic,6/15/2019,2019/06/15-20:24,2019/06/15-20:28,2019/06/15-20:40,6/15/2019 20:45,2019/06/15-21:02,2019/06/15-21:10,Transportation accidents,Deterioration,Cars,Means of transport,car,The new magnanimity behind Al -Ajaban School,Fire cooling,Cars,No Clouds,natural,Normal,basic,Traffic accident,2,0,0,0
2455,2455,98606,122817,Ras Al Khaimah,Civil Defense Center - Administration,Police and traffic,6/17/2019,2019/06/17-00:27,2019/06/17-00:35,2019/06/17-00:39,6/17/2019 0:44,2019/06/17-00:52,2019/06/17-01:04,Transportation accidents,Deterioration,Cars,Means of transport,car,In Al -Seih area after the second round of Saqr Hospital,Sand -dropped oil coverage,Specific,No Clouds,natural,Important,basic,Traffic accident,,,,
2456,2456,98612,122823,Ajman,Civil Defense Center - Al -Jarf,Police and traffic,6/17/2019,2019/06/17-05:03,2019/06/17-05:11,2019/06/17-05:55,6/17/2019 5:59,2019/06/17-06:05,2019/06/17-06:15,Transportation accidents,Clash,Trucks,Means of transport,Various transportation,Missing,take actions,Missing,No Clouds,natural,Normal,Limited,Traffic accident,,,,
2457,2457,98623,122834,Abu Dhabi,Civil Defense Center - Gentot,Police and traffic,6/17/2019,2019/06/17-15:00,2019/06/17-15:06,2019/06/17-15:20,6/17/2019 15:30,2019/06/17-15:35,2019/06/17-15:42,Transportation accidents,Deterioration,Missing,Means of transport,Facilities and transport facilities,Sih Shuaib towards Dubai,Rescue people,Missing,No Clouds,natural,Important,basic,it is not determined yet,1,0,0,0
2458,2458,98625,122836,Al Dhafra,Civil Defense Center - Liwa,Police and traffic,6/17/2019,2019/06/17-15:33,2019/06/17-15:45,2019/06/17-15:53,6/17/2019 15:54,2019/06/17-16:00,2019/06/17-16:35,Transportation accidents,Deterioration,Cars,Other places,Streets and squares,Khanour area,He told,Cars,No Clouds,natural,Important,medium,it is not determined yet,0,1,0,0
2459,2459,98633,122844,Sharjah,Civil Defense Center - Al -Sajaa,he did not specify,6/18/2019,2019/06/18-05:29,2019/06/18-05:32,2019/06/18-06:00,6/18/2019 6:06,2019/06/18-06:08,2019/06/18-06:10,Transportation accidents,Clash,Trucks,Other places,Streets and squares,Al Dhaid Sharqa Road,Lowering,Missing,No Clouds,Crowded,unclassified,medium,it is not determined yet,0,1,0,0
2460,2460,98679,122893,Ras Al Khaimah,Civil Defense Center - Al -Jazeera Al -Hamra,he did not specify,6/19/2019,2019/06/19-17:15,2019/06/19-17:23,2019/06/19-17:50,6/19/2019 18:03,2019/06/19-18:04,2019/06/19-18:17,Transportation accidents,A collision resulted in a fire,Cars,residential,Home,Missing,Missing,Cars,No Clouds,natural,Normal,basic,Unknown,,,,
2461,2461,98774,123002,Umm Al Quwain,Al -Aqran Center,Police and traffic,6/23/2019,2019/06/23-16:06,2019/06/23-16:09,2019/06/23-16:12,6/23/2019 16:13,2019/06/23-16:15,2019/06/23-16:19,Transportation accidents,A collision resulted in a fire,Cars,governmental,Ministry,Emirates Street near camel clinic,Fire fighting,Cars,No Clouds,natural,Normal,basic,it is not determined yet,,,,
2462,2462,98775,123003,Abu Dhabi,Civil Defense Center - Mossafah (M33),Police and traffic,6/23/2019,2019/06/23-14:52,2019/06/23-15:01,2019/06/23-15:30,6/23/2019 15:50,2019/06/23-15:59,2019/06/23-16:15,Transportation accidents,Deterioration,Cars,Other places,Streets and squares,Ghuwaifat International Street,Fire cooling,Cars,No Clouds,natural,Normal,basic,it is not determined yet,0,0,0,0
2463,2463,98813,123042,Ras Al Khaimah,Civil Defense Center - Northern Administration,Police and traffic,6/25/2019,2019/06/25-07:47,2019/06/25-07:56,2019/06/25-08:01,6/25/2019 8:10,2019/06/25-09:15,2019/06/25-09:22,Transportation accidents,Deterioration,Cars,Means of transport,car,Galleh near the roundabout,existence,Missing,No Clouds,natural,Normal,basic,Traffic accident,2,0,0,0
2464,2464,98948,123196,Abu Dhabi,Civil Defense Center - Gentot,Police and traffic,7/1/2019,2019/07/01-02:03,2019/07/01-02:07,2019/07/01-02:12,7/1/2019 2:30,2019/07/01-02:35,2019/07/01-02:55,Transportation accidents,One hundredth,Cars,Other places,Streets and squares,Sih Shuaib,Separation of a battery,Cars,No Clouds,natural,Normal,basic,it is not determined yet,,,,
2465,2465,98958,123206,Sharjah,Madame Unit,Police and traffic,7/1/2019,2019/07/01-13:30,2019/07/01-13:35,2019/07/01-13:40,7/1/2019 13:50,2019/07/01-13:53,2019/07/01-14:02,Transportation accidents,Clash,Buses,Means of transport,bus,Rifada popularity,Disturbing injured,Missing,No Clouds,natural,Normal,basic,Traffic accident,1,0,0,0
2466,2466,98980,123229,Ajman,Civil Defense Center - Administration,Police and traffic,7/2/2019,2019/07/02-07:40,2019/07/02-07:47,2019/07/02-07:52,7/2/2019 7:59,2019/07/02-08:03,2019/07/02-08:09,Transportation accidents,Deterioration,Cars,Means of transport,car,Misheerf area near City Center Ajman,Inspection,Missing,No Clouds,natural,Normal,basic,Traffic accident,1,0,0,0
2467,2467,98990,123239,Sharjah / Eastern Region,Civil Defense Center - Khor Fakkan,Police and traffic,7/2/2019,2019/07/02-09:31,2019/07/02-09:34,2019/07/02-09:38,7/2/2019 9:40,2019/07/02-10:43,2019/07/02-10:46,Transportation accidents,Deterioration,Trucks,Means of transport,Truck,Yarmouk area hospital roundabout,Being and preparing,Cars,No Clouds,natural,Normal,Limited,Traffic accident,,,,
2468,2468,99007,123256,Ras Al Khaimah,Civil Defense Center - Al -Dakdakh,The audience,7/3/2019,2019/07/03-02:24,2019/07/03-02:34,2019/07/03-02:37,7/3/2019 2:38,2019/07/03-02:41,2019/07/03-02:46,Transportation accidents,One hundredth,Cars,Other places,Streets and squares,"Awafi Street, the new bridge",Talent,Missing,No Clouds,natural,Normal,Limited,Traffic accident,,,,
2469,2469,99025,123276,Ras Al Khaimah,Civil Defense Center - Kadra,Civil defense departments and centers,7/3/2019,2019/07/03-14:26,2019/07/03-14:37,2019/07/03-14:43,7/3/2019 14:50,2019/07/03-14:52,2019/07/03-15:03,Transportation accidents,Deterioration,Cars,Means of transport,car,At Bin Ayesh Restaurant,Rescue people,commercial,No Clouds,natural,Normal,basic,it is not determined yet,,,,
2470,2470,99054,123306,Sharjah / Eastern Region,Civil Defense Center - Kalba,The audience,7/4/2019,2019/07/04-13:26,2019/07/04-13:33,2019/07/04-13:39,7/4/2019 13:41,2019/07/04-13:51,2019/07/04-13:56,Transportation accidents,Deterioration,Cars,Means of transport,car,A dog wall for Corniche,Carrying a car,Specific,No Clouds,natural,Normal,basic,Natural phenomena,,,,
2471,2471,99081,123340,Sharjah,Civil Defense Center - Mawlh,Police and traffic,7/5/2019,2019/07/05-18:23,2019/07/05-18:31,2019/07/05-18:37,7/5/2019 18:44,2019/07/05-18:47,2019/07/05-18:58,Transportation accidents,A collision resulted in a fire,Cars,Means of transport,Facilities and transport facilities,At the school complex,cooling,Specific,No Clouds,natural,Normal,Limited,it is not determined yet,,,,
2472,2472,99083,123342,Sharjah,Civil Defense Center - Administration,Police and traffic,7/5/2019,2019/07/05-20:21,2019/07/05-20:28,2019/07/05-20:34,7/5/2019 20:45,2019/07/05-20:48,2019/07/05-20:55,Transportation accidents,A collision resulted in a fire,Cars,governmental,Government department,"In exchange for the General Police Command, the Hour roundabout",Fire fighting,Specific,No Clouds,Crowded,Normal,basic,it is not determined yet,,,,
2473,2473,99093,123352,Sharjah / Eastern Region,Civil Defense Center - Khor Fakkan,Police and traffic,7/6/2019,2019/07/06-18:03,2019/07/06-18:09,2019/07/06-18:12,7/6/2019 18:13,2019/07/06-18:17,2019/07/06-18:24,Transportation accidents,One hundredth,Crane,Means of transport,car,Al -Madifi District - Khor Fakkan,Inspection,Cars,No Clouds,natural,Normal,Limited,it is not determined yet,,,,
2474,2474,99130,123395,Ajman,Civil Defense Center - Rumaila,Police and traffic,7/7/2019,2019/07/07-23:38,2019/07/07-23:40,2019/07/07-23:47,7/7/2019 23:51,2019/07/07-23:55,2019/07/07-23:56,Transportation accidents,Shocked,Cars,Other places,Streets and squares,Missing,take actions,Cars,No Clouds,natural,Important,Limited,other reasons,,,,
2475,2475,99179,123445,Eye,Civil Defense Center - Al Hili,Police and traffic,7/9/2019,2019/07/09-21:26,2019/07/09-21:35,2019/07/09-21:38,7/9/2019 21:40,2019/07/09-21:42,2019/07/09-22:30,Transportation accidents,A deterioration resulted in a fire,Light,Other places,unknown,Hallami Street music,Fire cooling,furniture,Clouds,natural,Normal,basic,it is not determined yet,,,,
2476,2476,99181,123447,Abu Dhabi,Civil Defense Center - Al -Qubaisat,Police and traffic,7/9/2019,2019/07/09-22:16,2019/07/09-22:20,2019/07/09-22:30,7/9/2019 22:41,2019/07/09-22:54,2019/07/09-23:00,Transportation accidents,Shocked,Cars,Means of transport,car,Missing,Fire control and cooling,Cars,No Clouds,natural,Normal,basic,it is not determined yet,,,,
2477,2477,99192,123459,Abu Dhabi,Civil Defense Center - Al Wathba,Police and traffic,7/10/2019,2019/07/10-03:24,2019/07/10-03:30,2019/07/10-03:40,7/10/2019 3:47,2019/07/10-03:52,2019/07/10-04:06,Transportation accidents,A deterioration resulted in a fire,Cars,Means of transport,car,Jump,Fire control and cooling,Cars,No Clouds,natural,unclassified,basic,it is not determined yet,,,,