,Unnamed: 0,rec_id,Accident number,Competent Department,Competent Center,Amount rating,Date of the accident,The date and time of the notification,Date and time of first arrival,Date and time of completion of control,End date and time of the operation,Departure date and time,Date and time of return to the center,Accident Group,Type of accident,Direct damage,Acccident scene category,Accident scene,Accident title,The band's work summary,Activity,Weather condition,Road condition,Priority level,Accident size,The cause of the accident,The number of injured people,The number of deaths in the public,The number of injured members of the force,The number of deaths of members of the force
2478,2478,99210,123478,Ras Al Khaimah,Civil Defense Center - Al -Jazeera Al -Hamra,Police and traffic,7/11/2019,2019/07/11-12:24,2019/07/11-12:32,2019/07/11-12:40,7/11/2019 12:44,2019/07/11-12:45,2019/07/11-12:59,Transportation accidents,Deterioration,Buses,Means of transport,bus,Sheikh Mohammed bin Zayed Street between the director 122 and the director 126,Ambulance and rescue,Missing,No Clouds,natural,Normal,medium,Traffic accident,3,2,0,0
2479,2479,99281,123550,Al Dhafra,Civil Defense Center - Ghayathi,Police and traffic,7/14/2019,2019/07/14-15:35,2019/07/14-16:20,2019/07/14-16:27,7/14/2019 16:51,2019/07/14-16:55,2019/07/14-17:32,Transportation accidents,Clash,Cars,Other places,Streets and squares,"Ghayathi Ruwais Road, near the Umm Al -Ashtan area",Being and preparing,Cars,No Clouds,natural,Normal,Limited,it is not determined yet,,,,
2480,2480,99382,123657,Sharjah,Civil Defense Center - Sunan,Police and traffic,7/18/2019,2019/07/18-09:20,2019/07/18-09:27,2019/07/18-09:34,7/18/2019 9:47,2019/07/18-09:49,2019/07/18-09:59,Transportation accidents,Deterioration,Cars,Means of transport,Various transportation,Dusman area,Disturbing injured,Cars,No Clouds,natural,Normal,basic,Traffic accident,1,0,0,0
2481,2481,99384,123659,Sharjah,Civil Defense Center - Al -Sajaa,Police and traffic,7/18/2019,2019/07/18-10:05,2019/07/18-10:10,2019/07/18-10:17,7/18/2019 11:10,2019/07/18-11:20,2019/07/18-11:25,Transportation accidents,Clash,tank,Means of transport,tank,Bridge No. (8) Al -Sajaa,Rescue people,Transmission,No Clouds,Crowded,Normal,basic,Traffic accident,1,0,0,0
2482,2482,99438,123717,Sharjah,Civil Defense Center - Al -Sajaa,Police and traffic,7/21/2019,2019/07/21-13:07,2019/07/21-13:13,2019/07/21-13:17,7/21/2019 13:39,2019/07/21-13:42,2019/07/21-13:50,Transportation accidents,Clash,Cars,Means of transport,car,Al -Abar Street towards the Al -Zubair tunnel,Disturbing injured,Missing,No Clouds,natural,Normal,basic,Traffic accident,1,0,0,0
2483,2483,99510,123789,Sharjah,Civil Defense Center - Sunan,Civil defense departments and centers,7/25/2019,2019/07/25-04:28,2019/07/25-04:33,2019/07/25-04:37,7/25/2019 4:50,2019/07/25-04:51,2019/07/25-04:57,Transportation accidents,Clash,Cars,Means of transport,bus,Mohammed bin Zayed Street opposite the village of registration,He told,Cars,No Clouds,natural,Normal,basic,Traffic accident,2,0,0,0
2484,2484,99577,123857,Sharjah,Civil Defense Center - Sunan,Police and traffic,7/28/2019,2019/07/28-10:21,2019/07/28-10:27,2019/07/28-10:32,7/28/2019 10:42,2019/07/28-10:50,2019/07/28-10:58,Transportation accidents,Clash,Cars,Other places,Streets and squares,"Sharjah Road, Bridge (3)",Being and preparing,Cars,No Clouds,Crowded,Normal,Limited,Traffic accident,,,,
2485,2485,99588,123868,Fujairah,Civil Defense Center - Dibba,Civil defense departments and centers,7/28/2019,2019/07/28-14:10,2019/07/28-14:12,2019/07/28-14:16,7/28/2019 14:18,2019/07/28-14:30,2019/07/28-14:40,Transportation accidents,Clash,tank,Means of transport,tank,Near the Cement Factory Dibba Al -Fujairah,take actions,car electricitie,No Clouds,natural,Normal,Limited,Traffic accident,,,,
2486,2486,99633,123919,Sharjah,Civil Defense Center - Al -Sajaa,Police and traffic,7/30/2019,2019/07/30-12:50,2019/07/30-12:58,2019/07/30-13:07,7/30/2019 13:20,2019/07/30-13:24,2019/07/30-13:39,Transportation accidents,Clash,Trucks,Means of transport,car,From the cheerful in the direction of Al -Zubair,Directing and transporting bodies,Missing,Dust and wind,Crowded,Normal,basic,Traffic accident,1,0,0,0
2487,2487,99650,123936,Ras Al Khaimah,Civil Defense Center - Northern Administration,he did not specify,7/31/2019,2019/07/31-13:20,2019/07/31-13:26,2019/07/31-13:30,7/31/2019 13:40,2019/07/31-13:41,2019/07/31-13:45,Transportation accidents,Deterioration,Cars,Means of transport,car,Wadi Galleh,Sand -dropped oil coverage,Missing,No Clouds,natural,Important,basic,it is not determined yet,,,,
2488,2488,99653,123939,Ras Al Khaimah,Civil Defense Center - Al -Dakdakh,Police and traffic,7/31/2019,2019/07/31-14:59,2019/07/31-15:04,2019/07/31-15:10,7/31/2019 15:28,2019/07/31-15:31,2019/07/31-15:34,Transportation accidents,Deterioration,Cars,Other places,Streets and squares,airport Street,cooling,Missing,No Clouds,natural,Normal,basic,other reasons,,,,
2489,2489,99673,123960,Fujairah,Civil Defense Center - Al -Taween,The audience,8/1/2019,2019/08/01-10:37,2019/08/01-10:42,2019/08/01-10:46,8/1/2019 10:51,2019/08/01-11:03,2019/08/01-11:30,Transportation accidents,Clash,Cars,Means of transport,car,Dibba - the burning area,take actions,Cars,No Clouds,natural,Normal,Limited,it is not determined yet,,,,
2490,2490,99691,123979,Abu Dhabi,Civil Defense Center - Al -Qubaisat,Police and traffic,8/2/2019,2019/08/02-03:30,2019/08/02-03:35,2019/08/02-03:51,8/2/2019 4:33,2019/08/02-05:25,2019/08/02-05:30,Transportation accidents,Clash,Cars,Means of transport,Various transportation,Airport Street towards the interior against Carrefour,Fire cooling,Cars,No Clouds,natural,Normal,medium,it is not determined yet,1,2,0,0
2491,2491,99744,124036,Eye,Civil Defense Center - Sweihan,Police and traffic,8/4/2019,2019/08/04-14:18,2019/08/04-14:28,2019/08/04-14:32,8/4/2019 15:13,2019/08/04-15:29,2019/08/04-15:41,Transportation accidents,A collision resulted in a fire,Cars,Means of transport,car,Sweihan roundabout before 5 kg,Control fire and rescue confined,Missing,No Clouds,natural,Normal,basic,Traffic accident,,,,
2492,2492,99775,124070,Dubai,Al Barsha Center,The audience,8/5/2019,2019/08/05-23:43,2019/08/05-23:47,2019/08/05-23:51,8/5/2019 23:59,2019/08/06-00:08,2019/08/06-00:20,Transportation accidents,One hundredth,Buses,Means of transport,bus,Missing,Fire fighting,Cars,No Clouds,natural,Normal,basic,it is not determined yet,,,,
2493,2493,99816,124113,Fujairah,The point of tricks,he did not specify,8/8/2019,2019/08/08-17:04,2019/08/08-17:07,2019/08/08-17:10,8/8/2019 17:12,2019/08/08-17:15,2019/08/08-17:17,Transportation accidents,Clash,tank,Means of transport,tank,In exchange for the Ednock / Al -Hail Station,cooling,Cars,No Clouds,natural,unclassified,basic,it is not determined yet,,,,
2494,2494,99882,124179,Ras Al Khaimah,Civil Defense Center - Al Gail,Police and traffic,8/11/2019,2019/08/11-15:48,2019/08/11-15:57,2019/08/11-16:00,8/11/2019 16:15,2019/08/11-16:19,2019/08/11-16:28,Transportation accidents,A collision resulted in a fire,Cars,Other places,Streets and squares,Al -Saadi,Fire fighting,Missing,No Clouds,natural,Normal,basic,Diamond,,,,
2495,2495,100048,124354,Umm Al Quwain,Raise Center,The audience,8/18/2019,2019/08/18-06:29,2019/08/18-06:33,2019/08/18-06:40,8/18/2019 6:43,2019/08/18-06:46,2019/08/18-06:49,Transportation accidents,Deterioration,Cars,Other places,Streets and squares,"Umm Al -Quwain, Tawi Rabie area",Directing confined and transferring injured people,Cars,No Clouds,natural,very important,basic,other reasons,,,,
2496,2496,100156,124468,Sharjah,Civil Defense Center - Al -Mina,Police and traffic,8/23/2019,2019/08/23-09:02,2019/08/23-09:06,2019/08/23-09:15,8/23/2019 9:17,2019/08/23-09:19,2019/08/23-09:26,Transportation accidents,A collision resulted in a fire,Light,Other places,Streets and squares,Khan at the association,Fire fighting,Cars,No Clouds,natural,Normal,basic,Traffic accident,,,,
2497,2497,100169,124481,Abu Dhabi,Civil Defense Center - Al -Shahama,Police and traffic,8/23/2019,2019/08/23-22:20,2019/08/23-22:27,2019/08/23-22:42,8/23/2019 22:43,2019/08/23-22:50,2019/08/23-23:10,Transportation accidents,Clash,Cars,Means of transport,car,Mohammed bin Rashid Street,rescue,Cars,No Clouds,natural,Normal,Limited,Traffic accident,,,,
2498,2498,100178,124490,Ras Al Khaimah,Civil Defense Center - Administration,The audience,8/24/2019,2019/08/24-12:03,2019/08/24-12:09,2019/08/24-12:18,8/24/2019 12:25,2019/08/24-12:26,2019/08/24-12:31,Transportation accidents,Clash,Cars,Other places,Streets and squares,Street included towards the palm trees,Separation of a battery,Missing,No Clouds,natural,Normal,basic,Traffic accident,,,,
2499,2499,100181,124493,Abu Dhabi,Civil Defense Center - Gentot,Police and traffic,8/24/2019,2019/08/24-14:00,2019/08/24-14:03,2019/08/24-14:35,8/24/2019 14:40,2019/08/24-14:45,2019/08/24-14:50,Transportation accidents,Clash,Missing,Means of transport,Various transportation,Sheikh Maktoum Bin Rashid Street towards the outside,Disturbing injured,Missing,No Clouds,natural,Important,basic,it is not determined yet,3,0,0,0
2500,2500,100192,124508,Fujairah,The point of tricks,Police and traffic,8/25/2019,2019/08/25-01:06,2019/08/25-01:11,2019/08/25-01:14,8/25/2019 1:20,2019/08/25-01:22,2019/08/25-01:32,Transportation accidents,Deterioration,Cars,governmental,Government department,Wadi Mai,take actions,governmental,No Clouds,natural,Normal,Limited,it is not determined yet,,,,
2501,2501,100202,124520,Sharjah,Civil Defense Center - Mawlh,Police and traffic,8/25/2019,2019/08/25-14:50,2019/08/25-14:54,2019/08/25-14:57,8/25/2019 17:00,2019/08/25-17:05,2019/08/25-17:12,Transportation accidents,Deterioration,tank,Other places,Streets and squares,"Below the National Bridge, Sheikh Mohammed bin Zayed Street",Being and preparing,Cars,No Clouds,natural,Normal,medium,Traffic accident,2,1,0,0
2502,2502,100235,124556,Sharjah,Civil Defense Center - Mawlh,The audience,8/26/2019,2019/08/26-21:07,2019/08/26-21:15,2019/08/26-21:21,8/26/2019 21:43,2019/08/26-21:49,2019/08/26-21:55,Transportation accidents,Shocked,Trucks,Means of transport,car,Etihad Street,Fire fighting,Specific,No Clouds,natural,Normal,basic,Traffic accident,,,,
2503,2503,100247,124569,Sharjah,Civil Defense Center - Administration,Police and traffic,8/27/2019,2019/08/27-05:37,2019/08/27-05:41,2019/08/27-05:46,8/27/2019 6:08,2019/08/27-06:10,2019/08/27-06:16,Transportation accidents,Shocked,Light,Means of transport,car,Al Arabiya Street,Fire fighting,Missing,No Clouds,natural,Normal,basic,Traffic accident,,,,
2504,2504,100261,124583,Fujairah,Civil Defense Center - Al -Madinah,The audience,8/27/2019,2019/08/27-17:30,2019/08/27-17:35,2019/08/27-17:42,8/27/2019 17:51,2019/08/27-17:55,2019/08/27-18:05,Transportation accidents,Clash,Cars,Means of transport,car,Trick,Disturbing injured,Missing,No Clouds,natural,very important,medium,Traffic accident,2,0,0,0
2505,2505,100271,124594,Ajman,Civil Defense Center - Industrial,Police and traffic,8/28/2019,2019/08/28-01:16,2019/08/28-01:24,2019/08/28-02:06,8/28/2019 2:10,2019/08/28-02:16,2019/08/28-02:25,Transportation accidents,Clash,Missing,Means of transport,Various transportation,Sheikh Mohammed bin Zayed Street towards the Emirates of Sharjah,Take bodies,Missing,No Clouds,natural,Normal,medium,Traffic accident,0,1,0,0
2506,2506,100288,124611,Sharjah,Civil Defense Center - Khor Fakkan,The audience,8/28/2019,2019/08/28-16:31,2019/08/28-16:33,2019/08/28-16:36,8/28/2019 16:37,2019/08/28-16:38,2019/08/28-16:40,Transportation accidents,Run over,the person,Means of transport,car,The zone area,existence,Cars,No Clouds,natural,Normal,Limited,it is not determined yet,,,,
2507,2507,100289,124612,Sharjah / Eastern Region,Civil Defense Center - Khor Fakkan,The audience,8/28/2019,2019/08/28-16:40,2019/08/28-16:42,2019/08/28-16:45,8/28/2019 16:46,2019/08/28-17:30,2019/08/28-17:35,Transportation accidents,Deterioration,Cars,Means of transport,car,"Al -Musalla area, hospital roundabout",Being and preparing,Cars,No Clouds,natural,Normal,Limited,it is not determined yet,,,,
2508,2508,100320,124643,Sharjah,Civil Defense Center - Administration,Police and traffic,8/30/2019,2019/08/30-03:48,2019/08/30-03:53,2019/08/30-03:56,8/30/2019 4:50,2019/08/30-04:58,2019/08/30-05:20,Transportation accidents,Clash,Cars,Means of transport,Various transportation,Umm,existence,Cars,No Clouds,natural,Normal,basic,it is not determined yet,4,0,0,0
2509,2509,100336,124659,Sharjah,Civil Defense Center - Sunan,Police and traffic,8/31/2019,2019/08/31-09:11,2019/08/31-09:15,2019/08/31-09:23,8/31/2019 9:26,2019/08/31-09:30,2019/08/31-09:37,Transportation accidents,A collision resulted in a fire,Cars,Means of transport,car,Al -Falaj area under Helwan Bridge,Fire fighting,Cars,No Clouds,natural,Normal,basic,it is not determined yet,,,,
2510,2510,100346,124669,Fujairah,Civil Defense Center - Al -Taween,Police and traffic,8/31/2019,2019/08/31-18:54,2019/08/31-18:58,2019/08/31-19:15,8/31/2019 19:16,2019/08/31-19:40,2019/08/31-19:45,Transportation accidents,Clash,Cars,Means of transport,Various transportation,Al -Tuwaine Street towards Dibba,take actions,Missing,No Clouds,natural,Normal,medium,Traffic accident,0,1,0,0
2511,2511,100387,124712,Ras Al Khaimah,Civil Defense Center - Al -Jazeera Al -Hamra,Police and traffic,9/2/2019,2019/09/02-15:43,2019/09/02-15:55,2019/09/02-16:15,9/2/2019 16:18,2019/09/02-16:19,2019/09/02-16:28,Transportation accidents,Clash,tank,Other places,Streets and squares,Near Sheikh Khalifa Hospital in the direction of Umm Al Quwain,Separation of a battery,Missing,No Clouds,Road works,Normal,basic,Traffic accident,,,,
2512,2512,100399,124727,Ras Al Khaimah,Civil Defense Center - Al -Jazeera Al -Hamra,The audience,9/3/2019,2019/09/03-02:20,2019/09/03-02:24,2019/09/03-02:29,9/3/2019 2:30,2019/09/03-02:31,2019/09/03-02:35,Transportation accidents,Deterioration,Cars,Other places,Streets and squares,The Red Island,existence,Missing,No Clouds,natural,Normal,Limited,Traffic accident,,,,
2513,2513,100430,124759,Umm Al Quwain,Civil Defense Center - Al -Madinah,The audience,9/4/2019,2019/09/04-14:01,2019/09/04-14:09,2019/09/04-14:20,9/4/2019 14:30,2019/09/04-14:35,2019/09/04-14:44,Transportation accidents,A deterioration resulted in a fire,Buses,commercial,Commercial market,Near the Emirates Post,Fire cooling,Cars,No Clouds,natural,Important,basic,Diamond,,,,
2514,2514,100461,124791,Fujairah,Civil Defense Center - Masafi,The audience,9/5/2019,2019/09/05-19:54,2019/09/05-20:00,2019/09/05-20:09,9/5/2019 20:40,2019/09/05-20:43,2019/09/05-20:53,Transportation accidents,Deterioration,Trucks,governmental,Government department,Inconsistent,take actions,governmental,No Clouds,natural,Normal,Limited,Thermal source,,,,
2515,2515,100468,124799,Sharjah,Civil Defense Center - Mawlh,Police and traffic,9/5/2019,2019/09/05-23:26,2019/09/05-23:30,2019/09/05-23:41,9/5/2019 23:42,2019/09/05-23:54,2019/09/06-00:03,Transportation accidents,Clash,the person,Means of transport,car,Missing,Ambulance and rescue,Missing,No Clouds,Crowded,Important,medium,Traffic accident,,,,
2516,2516,100515,124850,Sharjah,Civil Defense Center - Al Dhaid,Police and traffic,9/7/2019,2019/09/07-13:31,2019/09/07-13:43,2019/09/07-13:47,9/7/2019 13:57,2019/09/07-14:09,2019/09/07-14:22,Transportation accidents,Clash,Cars,governmental,Government department,Al -Dhid Siji Road,"Control, directing and transporting a body",Cars,No Clouds,natural,Normal,medium,it is not determined yet,0,1,0,0
2517,2517,100530,124865,Fujairah,Civil Defense Center - Al -Taween,Police and traffic,9/8/2019,2019/09/08-12:35,2019/09/08-12:39,2019/09/08-12:43,9/8/2019 12:44,2019/09/08-12:45,2019/09/08-12:50,Transportation accidents,Deterioration,Cars,Other places,Streets and squares,Sarram Al -Tawyin area,Inspection,Transmission,No Clouds,natural,Normal,basic,Traffic accident,1,0,0,0
2518,2518,100565,124900,Al Dhafra,Civil Defense Center - Ghuifat,The audience,9/10/2019,2019/09/10-01:27,2019/09/10-01:33,2019/09/10-09:05,9/10/2019 9:10,2019/09/10-09:12,2019/09/10-09:40,Transportation accidents,A collision resulted in a fire,Trucks,governmental,Government department,Ghweifat border center port,Fire control and cooling,Cars,No Clouds,natural,very important,basic,other reasons,,,,
2519,2519,100579,124914,Sharjah,Civil Defense Center - Kalba,The audience,9/10/2019,2019/09/10-19:08,2019/09/10-19:13,2019/09/10-19:20,9/10/2019 19:25,2019/09/10-19:28,2019/09/10-19:40,Transportation accidents,A collision resulted in a fire,Cars,residential,Building,The Saf Kalba area,rescue,Cars,No Clouds,natural,Normal,basic,it is not determined yet,2,0,0,0
2520,2520,100590,124925,Al Dhafra,Civil Defense Center - commodities,The audience,9/11/2019,2019/09/11-05:33,2019/09/11-05:47,2019/09/11-06:40,9/11/2019 6:43,2019/09/11-06:45,2019/09/11-06:55,Transportation accidents,A collision resulted in a fire,Cars,Other places,undefined,Goods at the Eid prayer hall,Fire control and cooling,Cars,No Clouds,natural,Important,basic,it is not determined yet,,,,
2521,2521,100627,124963,Umm Al Quwain,Al -Aqran Center,The audience,9/12/2019,2019/09/12-01:49,2019/09/12-01:53,2019/09/12-02:10,9/12/2019 4:00,2019/09/12-04:05,2019/09/12-04:10,Transportation accidents,One hundredth,the person,Other places,Streets and squares,Sheikh Mohammed bin Zayed Street,Directing confined and transferring injured people,Cars,No Clouds,Crowded,very important,basic,Traffic accident,,,,
2522,2522,100629,124965,Ajman,Civil Defense Center - Administration,Military officers and members,9/12/2019,2019/09/12-07:28,2019/09/12-07:33,2019/09/12-07:38,9/12/2019 8:10,2019/09/12-08:16,2019/09/12-08:20,Transportation accidents,Deterioration,Cars,Other places,Streets and squares,Missing,Rescue people,Missing,I did not specify,unclassified,unclassified,basic,it is not determined yet,1,0,0,0
2523,2523,100659,124995,Fujairah,Civil Defense Center - against us,he did not specify,9/13/2019,2019/09/13-19:14,2019/09/13-19:17,2019/09/13-19:20,9/13/2019 19:22,2019/09/13-19:25,2019/09/13-19:28,Transportation accidents,Clash,Cars,Means of transport,car,"In front of the supermarkets, Sajdah",He told,Cars,No Clouds,natural,Important,basic,it is not determined yet,3,0,0,0
2524,2524,100664,125000,Fujairah,Civil Defense Center - Administration,he did not specify,9/13/2019,2019/09/13-23:29,2019/09/13-23:33,2019/09/13-23:36,9/13/2019 23:37,2019/09/13-23:38,2019/09/13-23:42,Transportation accidents,Clash,Cars,Means of transport,car,Besides / City Center,Separation of a battery,Cars,No Clouds,natural,Normal,basic,it is not determined yet,,,,
2525,2525,100693,125034,Sharjah,Civil Defense Center - Sunan,Police and traffic,9/15/2019,2019/09/15-12:58,2019/09/15-13:05,2019/09/15-13:11,9/15/2019 13:21,2019/09/15-13:37,2019/09/15-13:46,Transportation accidents,A deterioration resulted in a fire,Cars,Industrial,Artistic workshop,Behind Macro Emirates,Fire inspection,Cars,No Clouds,natural,Normal,Limited,it is not determined yet,,,,
2526,2526,100769,125114,Sharjah / Eastern Region,Civil Defense Center - Kalba,Police and traffic,9/18/2019,2019/09/18-13:53,2019/09/18-13:56,2019/09/18-13:59,9/18/2019 14:00,2019/09/18-14:03,2019/09/18-14:07,Transportation accidents,Clash,Cars,Means of transport,parking,Omar bin Al -Aas Street,Inspection,Cars,No Clouds,natural,Normal,Limited,it is not determined yet,,,,
2527,2527,100885,125233,Eye,Civil Defense Center - Civil,Police and traffic,9/23/2019,2019/09/23-01:49,2019/09/23-01:53,2019/09/23-01:58,9/23/2019 2:08,2019/09/23-02:15,2019/09/23-02:22,Transportation accidents,Clash,Cars,Other places,Streets and squares,From magic towards the eye,Fire control and cooling,Cars,No Clouds,natural,Normal,basic,it is not determined yet,,,,
2528,2528,100887,125235,Abu Dhabi,Civil Defense Center - Shakhbout City,Police and traffic,9/23/2019,2019/09/23-05:54,2019/09/23-06:02,2019/09/23-06:15,9/23/2019 6:35,2019/09/23-06:40,2019/09/23-07:00,Transportation accidents,Clash,Cars,Means of transport,Various transportation,Missing,Rescue people,Cars,No Clouds,natural,Normal,basic,it is not determined yet,1,0,0,0
2529,2529,100935,125283,Umm Al Quwain,Al -Aqran Center,The audience,9/25/2019,2019/09/25-10:36,2019/09/25-10:46,2019/09/25-11:06,9/25/2019 11:15,2019/09/25-11:25,2019/09/25-11:32,Transportation accidents,Deterioration,Heavy Equipment,Means of transport,Heavy stomach,Missing,rescue,Transmission,No Clouds,natural,very important,medium,it is not determined yet,0,0,1,1
2530,2530,100938,125286,Sharjah / Eastern Region,Civil Defense Center - Khor Fakkan,Police and traffic,9/25/2019,2019/09/25-12:51,2019/09/25-12:56,2019/09/25-13:10,9/25/2019 13:20,2019/09/25-13:25,2019/09/25-13:29,Transportation accidents,Deterioration,Cars,Other places,Streets and squares,Al -Madifi District / Al -Corniche Street / Khorfakkan City,Disturbing injured,governmental,No Clouds,natural,Normal,basic,it is not determined yet,,,,
2531,2531,100953,125301,Al Dhafra,Civil Defense Center - Ghayathi,The audience,9/25/2019,2019/09/25-22:04,2019/09/25-22:15,2019/09/25-22:28,9/25/2019 22:30,2019/09/25-22:32,2019/09/25-22:34,Transportation accidents,A collision resulted in a fire,Cars,tourist,hotel,Behind the Westron Hotel,Fire control and cooling,Cars,No Clouds,natural,Important,basic,it is not determined yet,,,,
2532,2532,100957,125305,Ajman,Civil Defense Center - Industrial,Police and traffic,9/25/2019,2019/09/25-23:36,2019/09/25-23:38,2019/09/25-23:51,9/25/2019 23:53,2019/09/25-23:57,2019/09/26-00:11,Transportation accidents,A collision resulted in a fire,trailer,Other places,Streets and squares,Industrial 1,take actions,Cars,No Clouds,natural,Important,Limited,other reasons,,,,
2533,2533,100967,125316,Fujairah,Civil Defense Center - Al -Madinah,Police and traffic,9/26/2019,2019/09/26-11:42,2019/09/26-11:47,2019/09/26-11:50,9/26/2019 12:20,2019/09/26-12:26,2019/09/26-12:35,Transportation accidents,Clash,Cars,governmental,Government department,Al -Fajr / Al -Halifa Street,Separation of a battery,Cars,I did not specify,Road works,unclassified,basic,it is not determined yet,,,,
2534,2534,101009,125360,Ras Al Khaimah,Civil Defense Center - Riffa,Police and traffic,9/28/2019,2019/09/28-02:47,2019/09/28-02:56,2019/09/28-03:06,9/28/2019 3:08,2019/09/28-03:10,2019/09/28-03:21,Transportation accidents,Clash,Cars,Means of transport,car,Al -Dhait Street,Fire inspection,Missing,No Clouds,natural,Normal,Limited,it is not determined yet,,,,
2535,2535,101023,125374,Ras Al Khaimah,Civil Defense Center - Kadra,The audience,9/28/2019,2019/09/28-18:03,2019/09/28-18:28,2019/09/28-19:02,9/28/2019 19:17,2019/09/28-19:18,2019/09/28-19:46,Transportation accidents,Clash,the person,Means of transport,car,"Under Kadra Bridge towards Al -Jadeed Street, Khor Vakl",Rescue people,Cars,No Clouds,natural,Normal,medium,Traffic accident,0,2,0,0
2536,2536,101031,125382,Ras Al Khaimah,Civil Defense Center - Administration,Police and traffic,9/29/2019,2019/09/29-05:20,2019/09/29-05:33,2019/09/29-05:36,9/29/2019 5:48,2019/09/29-05:51,2019/09/29-06:01,Transportation accidents,A collision resulted in a fire,Cars,Other places,Streets and squares,Julpar /behind a wedding hall for wedding,Fire fighting,Missing,No Clouds,natural,Normal,basic,Thermal source,,,,
2537,2537,101032,125383,Sharjah / Eastern Region,Civil Defense Center - Kalba,Military officers and members,9/29/2019,2019/09/29-07:22,2019/09/29-07:25,2019/09/29-07:30,9/29/2019 7:59,2019/09/29-08:10,2019/09/29-09:52,Transportation accidents,Deterioration,Buses,Means of transport,bus,Mafraq area,rescue,Missing,No Clouds,natural,Normal,basic,it is not determined yet,1,0,0,0
2538,2538,101059,125411,Ras Al Khaimah,Civil Defense Center - Administration,Police and traffic,9/30/2019,2019/09/30-10:49,2019/09/30-10:53,2019/09/30-10:57,9/30/2019 10:58,2019/09/30-10:59,2019/09/30-11:04,Transportation accidents,A collision resulted in a fire,Cars,Means of transport,car,Expo Center intersection,existence,Missing,No Clouds,natural,unclassified,Limited,Traffic accident,,,,
2539,2539,101080,125435,Fujairah,Civil Defense Center - Dibba,Police and traffic,10/1/2019,2019/10/01-13:14,2019/10/01-13:16,2019/10/01-13:19,10/1/2019 13:26,2019/10/01-13:31,2019/10/01-13:34,Transportation accidents,Clash,Cars,governmental,Government department,Dibba / Riffa,Disturbing injured,Cars,I did not specify,natural,Normal,basic,Traffic accident,1,0,0,0
2540,2540,101229,125593,Umm Al Quwain,Al -Aqran Center,Police and traffic,10/7/2019,2019/10/07-22:01,2019/10/07-22:03,2019/10/07-22:05,10/7/2019 22:06,2019/10/07-22:25,2019/10/07-22:35,Transportation accidents,Shocked,Cars,Means of transport,car,Missing,Fire fighting,Cars,No Clouds,natural,Normal,basic,it is not determined yet,,,,
2541,2541,101246,125612,Sharjah,Civil Defense Center - Mawlh,Police and traffic,10/8/2019,2019/10/08-16:56,2019/10/08-17:06,2019/10/08-17:09,10/8/2019 17:20,2019/10/08-17:30,2019/10/08-17:40,Transportation accidents,Clash,Cars,Means of transport,car,Sheikh Mohammed bin Zayed Street,Rescue and transfer injured people,Cars,No Clouds,Crowded,Normal,basic,it is not determined yet,1,0,0,0
2542,2542,101274,125640,Sharjah,Civil Defense Center - Sunan,The audience,10/9/2019,2019/10/09-19:11,2019/10/09-19:18,2019/10/09-19:22,10/9/2019 19:25,2019/10/09-19:30,2019/10/09-19:35,Transportation accidents,Shocked,he did not specify,Public facilities and services,Mosque,At intersection for Liberty,Fire inspection,Cars,No Clouds,natural,Normal,Limited,it is not determined yet,,,,
2543,2543,101282,125651,Fujairah,Civil Defense Center - Masafi,The audience,10/10/2019,2019/10/10-06:44,2019/10/10-06:52,2019/10/10-06:56,10/10/2019 6:57,2019/10/10-06:59,2019/10/10-07:13,Transportation accidents,One hundredth,the person,Means of transport,car,Blida area,Disturbing injured,Missing,No Clouds,natural,Normal,basic,Traffic accident,1,0,0,0
2544,2544,101287,125656,Fujairah,Civil Defense Center - Al -Madinah,Police and traffic,10/10/2019,2019/10/10-08:07,2019/10/10-08:13,2019/10/10-08:17,10/10/2019 8:28,2019/10/10-08:32,2019/10/10-08:40,Transportation accidents,Shocked,Cars,Educational,University,Ajman University / Al -Fajra,Fire control and cooling,Cars,Clouds,Road works,Important,basic,it is not determined yet,,,,
2545,2545,101288,125657,Sharjah / Eastern Region,Civil Defense Center - Khor Fakkan,Police and traffic,10/10/2019,2019/10/10-08:43,2019/10/10-08:46,2019/10/10-08:49,10/10/2019 8:52,2019/10/10-08:55,2019/10/10-08:58,Transportation accidents,Clash,Cars,Means of transport,car,Wadi Ishi area,rescue,Missing,No Clouds,natural,Normal,medium,Traffic accident,0,2,0,0
2546,2546,101296,125665,Sharjah,Civil Defense Center - Al Dhaid,Police and traffic,10/10/2019,2019/10/10-14:05,2019/10/10-14:15,2019/10/10-14:26,10/10/2019 14:38,2019/10/10-14:39,2019/10/10-14:49,Transportation accidents,One hundredth,Light,Means of transport,car,Al Dhaid Sharjah Road at Al -Batayeh Bridge,Rescue people,Cars,No Clouds,natural,Important,basic,Traffic accident,3,0,0,0
2547,2547,101305,125674,Sharjah,Civil Defense Center - Mawlh,The audience,10/10/2019,2019/10/10-21:04,2019/10/10-21:12,2019/10/10-21:27,10/10/2019 21:36,2019/10/10-21:43,2019/10/10-21:49,Transportation accidents,A collision resulted in a fire,Cars,Public facilities and services,Mosque,Close to the auto registration village,Fire fighting,Cars,No Clouds,natural,Normal,basic,it is not determined yet,,,,