,Unnamed: 0,rec_id,Accident number,Competent Department,Competent Center,Amount rating,Date of the accident,The date and time of the notification,Date and time of first arrival,Date and time of completion of control,End date and time of the operation,Departure date and time,Date and time of return to the center,Accident Group,Type of accident,Direct damage,Acccident scene category,Accident scene,Accident title,The band's work summary,Activity,Weather condition,Road condition,Priority level,Accident size,The cause of the accident,The number of injured people,The number of deaths in the public,The number of injured members of the force,The number of deaths of members of the force
2548,2548,101354,125723,Ras Al Khaimah,Civil Defense Center - Northern Administration,Police and traffic,10/12/2019,2019/10/12-12:50,2019/10/12-12:54,2019/10/12-13:10,10/12/2019 13:25,2019/10/12-13:26,2019/10/12-13:29,Transportation accidents,Clash,Cars,Means of transport,car,Near the free area,take actions,Specific,No Clouds,natural,Normal,Limited,Traffic accident,,,,
2549,2549,101409,125778,Sharjah,Civil Defense Center - Al -Mina,Civil defense departments and centers,10/14/2019,2019/10/14-20:01,2019/10/14-20:04,2019/10/14-20:07,10/14/2019 20:20,2019/10/14-20:25,2019/10/14-20:28,Transportation accidents,A collision resulted in a fire,Cars,governmental,Government department,Inside the port of Khaled,cooling,Cars,No Clouds,natural,Normal,basic,it is not determined yet,,,,
2550,2550,101442,125812,Abu Dhabi,Civil Defense Center - Al -Qubaisat,Police and traffic,10/16/2019,2019/10/16-11:40,2019/10/16-11:45,2019/10/16-11:48,10/16/2019 11:58,2019/10/16-12:05,2019/10/16-12:10,Transportation accidents,Clash,Cars,Means of transport,car,Traffic Street near the Veterinary Association,Inspection,Cars,No Clouds,natural,Normal,Limited,Traffic accident,,,,
2551,2551,101443,125813,Ras Al Khaimah,Civil Defense Center - Administration,Police and traffic,10/16/2019,2019/10/16-13:50,2019/10/16-13:57,2019/10/16-14:09,10/16/2019 14:13,2019/10/16-14:15,2019/10/16-14:26,Transportation accidents,Clash,the person,Other places,Streets and squares,New Ring Street,Rescue people,Cars,No Clouds,natural,Important,basic,it is not determined yet,,,,
2552,2552,101445,125815,Sharjah,Civil Defense Center - Al Dhaid,Police and traffic,10/16/2019,2019/10/16-14:06,2019/10/16-14:15,2019/10/16-14:18,10/16/2019 14:20,2019/10/16-14:40,2019/10/16-15:00,Transportation accidents,Clash,Cars,Other places,Streets and squares,Near the Kadra area,rescue,Cars,No Clouds,natural,Normal,basic,Traffic accident,1,0,0,0
2553,2553,101536,125906,Eye,Civil Defense Center - Sweihan,Police and traffic,10/20/2019,2019/10/20-08:19,2019/10/20-08:40,2019/10/20-08:50,10/20/2019 9:20,2019/10/20-09:30,2019/10/20-09:45,Transportation accidents,Clash,Cars,Other places,Streets and squares,Sweihan Road - Al Ain,Fire control and cooling,Cars,No Clouds,natural,Normal,basic,it is not determined yet,2,0,0,0
2554,2554,101555,125925,Sharjah / Eastern Region,Civil Defense Center - Khor Fakkan,Police and traffic,10/21/2019,2019/10/21-07:32,2019/10/21-07:37,2019/10/21-07:45,10/21/2019 7:47,2019/10/21-07:48,2019/10/21-07:51,Transportation accidents,A collision resulted in a fire,Trucks,Means of transport,Truck,Yarmouk area / Khorfakkan Hospital roundabout,Inspection,governmental,No Clouds,natural,Normal,Limited,it is not determined yet,,,,
2555,2555,101615,125985,Fujairah,Civil Defense Center - Al -Madinah,Police and traffic,10/22/2019,2019/10/22-09:58,2019/10/22-10:03,2019/10/22-10:07,10/22/2019 10:10,2019/10/22-10:14,2019/10/22-10:21,Transportation accidents,Shocked,Cars,commercial,Commercial market,Al -Fajr / Muhammad bin Matar Street,Fire control and cooling,Cars,I did not specify,Road works,unclassified,basic,other reasons,,,,
2556,2556,101620,125992,Ras Al Khaimah,Civil Defense Center - Administration,The audience,10/22/2019,2019/10/22-14:12,2019/10/22-14:17,2019/10/22-14:30,10/22/2019 14:34,2019/10/22-14:37,2019/10/22-14:45,Transportation accidents,Shocked,Cars,Means of transport,car,Missing,Fire fighting,car electricitie,No Clouds,natural,Normal,basic,Thermal source,,,,
2557,2557,101629,126001,Dubai,Nad Al -Sheba,Police and traffic,10/22/2019,2019/10/22-20:24,2019/10/22-20:36,2019/10/22-21:00,10/22/2019 21:36,2019/10/22-22:09,2019/10/22-22:40,Transportation accidents,A collision resulted in a fire,Cars,Means of transport,car,Emirates Street towards Abu Dhabi,Fire control and cooling,Cars,No Clouds,natural,Normal,basic,other reasons,,,,
2558,2558,101641,126013,Fujairah,Civil Defense Center - Al -Taween,Police and traffic,10/23/2019,2019/10/23-19:21,2019/10/23-19:25,2019/10/23-19:40,10/23/2019 19:46,2019/10/23-19:49,2019/10/23-19:57,Transportation accidents,Clash,Light,Means of transport,car,Al -Taween Sarram,Directing confined and transferring injured people,Transmission,No Clouds,natural,Normal,basic,Traffic accident,3,0,0,0
2559,2559,101686,126058,Sharjah,Civil Defense Center - Al Dhaid,Police and traffic,10/25/2019,2019/10/25-14:41,2019/10/25-14:49,2019/10/25-14:55,10/25/2019 15:10,2019/10/25-15:24,2019/10/25-15:35,Transportation accidents,A collision resulted in a fire,Cars,Public facilities and services,garden,Falaj Al -Mualla Al -Rashidiya,Fire fighting,Specific,No Clouds,natural,Normal,basic,it is not determined yet,,,,
2560,2560,101687,126059,Sharjah,Civil Defense Center - Mawlh,The audience,10/25/2019,2019/10/25-15:09,2019/10/25-15:17,2019/10/25-15:23,10/25/2019 15:44,2019/10/25-15:51,2019/10/25-16:09,Transportation accidents,A collision resulted in a fire,Cars,governmental,Government department,At Al -Thiqa Club,Fire fighting,Specific,No Clouds,natural,Normal,basic,it is not determined yet,,,,
2561,2561,101716,126088,Sharjah,Civil Defense Center - Al -Sajaa,Police and traffic,10/26/2019,2019/10/26-16:41,2019/10/26-16:47,2019/10/26-16:53,10/26/2019 17:10,2019/10/26-17:15,2019/10/26-17:25,Transportation accidents,Clash,Cars,Means of transport,car,From Budaiya Bridge towards Bridge 7,Disturbing injured,Cars,No Clouds,Crowded,Important,basic,Traffic accident,1,0,0,0
2562,2562,101733,126105,Abu Dhabi,Civil Defense Center - Al -Shahama,Police and traffic,10/27/2019,2019/10/27-12:06,2019/10/27-12:10,2019/10/27-12:20,10/27/2019 12:55,2019/10/27-13:13,2019/10/27-13:30,Transportation accidents,Deterioration,Trucks,Other places,Streets and squares,Zayed Military City Roundabout,take actions,Transmission,No Clouds,natural,Normal,Limited,other reasons,,,,
2563,2563,101750,126122,Ras Al Khaimah,Civil Defense Center - Administration,The audience,10/27/2019,2019/10/27-18:32,2019/10/27-18:48,2019/10/27-18:53,10/27/2019 19:11,2019/10/27-19:16,2019/10/27-19:29,Transportation accidents,Deterioration,Fuels,Industrial,Artistic workshop,Near the central prison,Being and preparing,Missing,No Clouds,natural,Normal,Limited,Traffic accident,,,,
2564,2564,101772,126144,Fujairah,Civil Defense Center - against us,The audience,10/28/2019,2019/10/28-16:12,2019/10/28-16:17,2019/10/28-16:21,10/28/2019 16:25,2019/10/28-16:30,2019/10/28-16:36,Transportation accidents,Deterioration,Cars,Means of transport,car,Al -Faqit area,Disturbing injured,Missing,No Clouds,natural,Normal,basic,Traffic accident,1,0,0,0
2565,2565,101809,126181,Sharjah,Point of Nahda,The audience,10/29/2019,2019/10/29-19:31,2019/10/29-19:40,2019/10/29-19:47,10/29/2019 19:52,2019/10/29-19:55,2019/10/29-20:12,Transportation accidents,A collision resulted in a fire,Cars,Public facilities and services,Mosque,At Ambassador Mall Al -Ittihad Street,Fire fighting,Cars,No Clouds,natural,Normal,basic,it is not determined yet,,,,
2566,2566,101811,126183,Ras Al Khaimah,Civil Defense Center - Northern Administration,The audience,10/29/2019,2019/10/29-20:55,2019/10/29-21:00,2019/10/29-21:24,10/29/2019 21:30,2019/10/29-21:32,2019/10/29-21:38,Transportation accidents,Clash,the person,Other places,Streets and squares,Al -Qishh area,Directing confined and transferring injured people,Missing,No Clouds,natural,Important,basic,Traffic accident,3,0,0,0
2567,2567,101840,126212,Dubai,Al -Rashidiya Center,Police and traffic,10/31/2019,2019/10/31-09:21,2019/10/31-09:30,2019/10/31-09:33,10/31/2019 10:16,2019/10/31-10:20,2019/10/31-10:32,Transportation accidents,Deterioration,Missing,Means of transport,car,Shipping Village - Dubai Airport,Talent,Missing,No Clouds,natural,Normal,medium,it is not determined yet,0,1,0,0
2568,2568,101842,126214,Ras Al Khaimah,Civil Defense Center - Administration,Police and traffic,10/31/2019,2019/10/31-21:14,2019/10/31-21:26,2019/10/31-21:29,10/31/2019 21:31,2019/10/31-21:32,2019/10/31-21:37,Transportation accidents,Shocked,Cars,Other places,Streets and squares,Ras Al Khaimah near the watch roundabout,Separation of a battery,Missing,No Clouds,natural,very important,basic,Thermal source,,,,
2569,2569,101846,126218,Ras Al Khaimah,Civil Defense Center - Administration,Police and traffic,10/31/2019,2019/10/31-23:54,2019/11/01-00:01,2019/11/01-00:07,11/1/2019 0:19,2019/11/01-00:22,2019/11/01-00:31,Transportation accidents,Shocked,Cars,Other places,Streets and squares,Al -Mairid area,Fire inspection,Missing,No Clouds,natural,very important,Limited,Thermal source,,,,
2570,2570,101851,126223,Ras Al Khaimah,Civil Defense Center - Kadra,Police and traffic,11/1/2019,2019/11/01-03:29,2019/11/01-03:33,2019/11/01-03:44,11/1/2019 3:53,2019/11/01-03:55,2019/11/01-04:12,Transportation accidents,One hundredth,Cars,Means of transport,car,Missing,Fire fighting,Cars,No Clouds,natural,Normal,basic,Unknown,,,,
2571,2571,101868,126240,Abu Dhabi,Civil Defense Center - Mossafah M14,The audience,11/1/2019,2019/11/01-20:09,2019/11/01-20:11,2019/11/01-20:17,11/1/2019 20:23,2019/11/01-20:28,2019/11/01-20:33,Transportation accidents,One hundredth,Contents,commercial,market,Missing,Fire cooling,Cars,No Clouds,natural,Important,Limited,it is not determined yet,,,,
2572,2572,101878,126250,Sharjah,Civil Defense Center - Mawlh,Police and traffic,11/2/2019,2019/11/02-08:43,2019/11/02-08:50,2019/11/02-09:06,11/2/2019 9:30,2019/11/02-10:14,2019/11/02-10:30,Transportation accidents,Clash,Cars,Means of transport,car,Dead Street,Disturbing injured,Cars,Clouds,Crowded,very important,medium,Traffic accident,0,1,0,0
2573,2573,101904,126276,Fujairah,Profitable,The audience,11/3/2019,2019/11/03-13:40,2019/11/03-13:43,2019/11/03-13:46,11/3/2019 13:48,2019/11/03-13:52,2019/11/03-13:56,Transportation accidents,Clash,Cars,Means of transport,car,Gap,Inspection,Missing,No Clouds,natural,Normal,Limited,Traffic accident,,,,
2574,2574,101926,126298,Fujairah,Civil Defense Center - Dibba,Police and traffic,11/4/2019,2019/11/04-08:44,2019/11/04-08:47,2019/11/04-08:50,11/4/2019 8:52,2019/11/04-08:55,2019/11/04-08:59,Transportation accidents,Deterioration,Cars,Means of transport,car,Dibba Al -Fajr / Symbol,Disturbing injured,Cars,I did not specify,natural,unclassified,basic,Traffic accident,1,0,0,0
2575,2575,101941,126313,Sharjah,Civil Defense Center - Mawlh,Military officers and members,11/5/2019,2019/11/05-06:51,2019/11/05-06:59,2019/11/05-07:02,11/5/2019 7:22,2019/11/05-07:25,2019/11/05-07:38,Transportation accidents,Clash,Cars,Other places,Streets and squares,"Mleiha Road, directed by Kalba, near the Al -Suyouh Bridge",Being and preparing,Cars,No Clouds,Crowded,Normal,basic,Traffic accident,1,0,0,0
2576,2576,101945,126317,Ras Al Khaimah,Civil Defense Center - Northern Administration,he did not specify,11/5/2019,2019/11/05-12:07,2019/11/05-12:15,2019/11/05-12:45,11/5/2019 13:14,2019/11/05-13:15,2019/11/05-13:22,Transportation accidents,Deterioration,Cars,Industrial,Factory,Etihad Cement Factory,Inspection,Missing,No Clouds,natural,Normal,Limited,it is not determined yet,,,,
2577,2577,101946,126318,Ajman,Civil Defense Center - Al -Jarf,Police and traffic,11/5/2019,2019/11/05-14:43,2019/11/05-14:50,2019/11/05-15:02,11/5/2019 15:06,2019/11/05-15:10,2019/11/05-15:18,Transportation accidents,Clash,Light,Means of transport,bus,Missing,Fire fighting,Cars,No Clouds,natural,Important,basic,it is not determined yet,,,,
2578,2578,101968,126340,Sharjah,Civil Defense Center - Administration,The audience,11/6/2019,2019/11/06-15:45,2019/11/06-15:56,2019/11/06-16:07,11/6/2019 16:16,2019/11/06-16:23,2019/11/06-16:35,Transportation accidents,A collision resulted in a fire,Cars,residential,Building,Gamal Abdel Nasser Street,Fire fighting,Specific,No Clouds,natural,Normal,basic,it is not determined yet,,,,
2579,2579,101970,126342,Sharjah,Civil Defense Center - Al -Mina,The audience,11/6/2019,2019/11/06-16:17,2019/11/06-16:25,2019/11/06-16:28,11/6/2019 16:34,2019/11/06-16:50,2019/11/06-17:02,Transportation accidents,A collision resulted in a fire,Cars,residential,villa,Ali Shati Sharjah,Fire fighting,Cars,No Clouds,natural,Normal,basic,it is not determined yet,,,,
2580,2580,101972,126344,Sharjah,Civil Defense Center - Al Dhaid,The audience,11/6/2019,2019/11/06-17:51,2019/11/06-18:00,2019/11/06-18:08,11/6/2019 18:28,2019/11/06-18:42,2019/11/06-18:55,Transportation accidents,A collision resulted in a fire,Cars,residential,Building,Sharjah Khor Fakkan Road,Fire fighting,Specific,No Clouds,natural,Normal,basic,it is not determined yet,,,,
2581,2581,101981,126353,Sharjah / Eastern Region,Wadi Al Helou's point,Military officers and members,11/7/2019,2019/11/07-09:22,2019/11/07-09:41,2019/11/07-09:44,11/7/2019 9:45,2019/11/07-09:46,2019/11/07-10:06,Transportation accidents,Deterioration,Buses,Means of transport,bus,Al -Munai’i area,existence,Missing,No Clouds,natural,Normal,Limited,it is not determined yet,,,,
2582,2582,102059,126431,Eye,Civil Defense Center - Civil,Police and traffic,11/9/2019,2019/11/09-23:31,2019/11/09-23:43,2019/11/09-23:55,11/10/2019 0:13,2019/11/10-00:22,2019/11/10-00:35,Transportation accidents,Clash,Cars,Means of transport,car,Abu Dhabi Al Ain Road,Directing confined and transferring injured people,Cars,No Clouds,natural,Normal,basic,it is not determined yet,3,0,0,0
2583,2583,102065,126437,Ras Al Khaimah,Civil Defense Center - Administration,he did not specify,11/10/2019,2019/11/10-08:08,2019/11/10-08:24,2019/11/10-09:03,11/10/2019 9:04,2019/11/10-09:06,2019/11/10-09:24,Transportation accidents,Deterioration,Cars,Means of transport,car,Jais Mountain,Missing,Missing,No Clouds,natural,Important,basic,it is not determined yet,,,,
2584,2584,102098,126470,Ajman,Civil Defense Center - Industrial,The audience,11/11/2019,2019/11/11-19:46,2019/11/11-19:52,2019/11/11-19:57,11/11/2019 19:59,2019/11/11-20:02,2019/11/11-20:07,Transportation accidents,Shocked,Cars,Means of transport,car,Missing,take actions,Cars,No Clouds,natural,Important,Limited,other reasons,,,,
2585,2585,102108,126480,Dubai,Al -Lassili Center,The audience,11/12/2019,2019/11/12-07:34,2019/11/12-07:42,2019/11/12-08:08,11/12/2019 9:10,2019/11/12-09:27,2019/11/12-09:28,Transportation accidents,Deterioration,the person,Means of transport,Truck,Barr Dubai / for the mountains,rescue,Missing,No Clouds,natural,Important,basic,it is not determined yet,1,0,0,0
2586,2586,102151,126523,Umm Al Quwain,Patch Center,The audience,11/14/2019,2019/11/14-03:43,2019/11/14-03:46,2019/11/14-03:58,11/14/2019 4:10,2019/11/14-04:15,2019/11/14-04:18,Transportation accidents,A deterioration resulted in a fire,Cars,Other places,Streets and squares,Ladder,Fire control and cooling,Cars,No Clouds,natural,Normal,basic,Traffic accident,,,,
2587,2587,102158,126530,Eye,Civil Defense Center - Al Hili,Police and traffic,11/14/2019,2019/11/14-14:56,2019/11/14-15:05,2019/11/14-15:17,11/14/2019 15:53,2019/11/14-16:15,2019/11/14-16:25,Transportation accidents,Clash,Cars,Other places,Streets and squares,Buddhist tunnel,Disturbing injured,governmental,No Clouds,natural,Normal,basic,it is not determined yet,5,0,0,0
2588,2588,102160,126532,Abu Dhabi,Civil Defense Center - Al -Shamkha,Police and traffic,11/14/2019,2019/11/14-14:01,2019/11/14-14:15,2019/11/14-14:20,11/14/2019 14:30,2019/11/14-14:35,2019/11/14-16:30,Transportation accidents,Deterioration,Cars,Other places,Streets and squares,Abu Dhabi International Airport Street,take actions,Cars,No Clouds,natural,Important,Limited,it is not determined yet,,,,
2589,2589,102210,126584,Eye,Civil Defense Center - Zakher (fast intervention),Civil defense departments and centers,11/17/2019,2019/11/17-09:58,2019/11/17-10:05,2019/11/17-10:08,11/17/2019 10:17,2019/11/17-10:18,2019/11/17-10:28,Transportation accidents,Deterioration,bike,Means of transport,bike,Blessing,Fire fighting,Transfer and contracting,No Clouds,natural,Normal,basic,it is not determined yet,,,,
2590,2590,102341,126715,Ras Al Khaimah,Civil Defense Center - Al -Jazeera Al -Hamra,he did not specify,11/21/2019,2019/11/21-21:09,2019/11/21-21:18,2019/11/21-21:25,11/21/2019 21:58,2019/11/21-22:05,2019/11/21-22:12,Transportation accidents,Shocked,Cars,Other places,Streets and squares,Sheikh Mohammed bin Zayed Street Exit 122,Fire fighting,Missing,Clouds,natural,very important,basic,Delight,,,,
2591,2591,102353,126727,Sharjah,Civil Defense Center - Al -Sajaa,Police and traffic,11/22/2019,2019/11/22-21:28,2019/11/22-21:36,2019/11/22-21:45,11/22/2019 21:55,2019/11/22-22:08,2019/11/22-22:22,Transportation accidents,Clash,Cars,Means of transport,Facilities and transport facilities,"Mleiha Street after Edinoc, as a result of Kalba",Directing injured and deceased,Specific,No Clouds,natural,Normal,medium,it is not determined yet,3,2,0,0
2592,2592,102404,126778,Abu Dhabi,Civil Defense Center - Shakhbout City,Police and traffic,11/26/2019,2019/11/26-08:23,2019/11/26-08:30,2019/11/26-08:45,11/26/2019 8:55,2019/11/26-09:00,2019/11/26-09:13,Transportation accidents,Clash,Cars,Means of transport,car,After a bridge towards Abu Dhabi,Rescue,Missing,No Clouds,natural,Important,Limited,it is not determined yet,,,,
2593,2593,102412,126786,Dubai,Federation Center,Police and traffic,11/26/2019,2019/11/26-12:40,2019/11/26-12:48,2019/11/26-12:57,11/26/2019 13:15,2019/11/26-13:17,2019/11/26-13:30,Transportation accidents,A collision resulted in a fire,Cars,Means of transport,car,The Bridge of the Commercial Center in the direction of the dignity tunnel,Fire control and cooling,Cars,No Clouds,natural,Normal,basic,other reasons,,,,
2594,2594,102421,126795,Sharjah,Civil Defense Center - Al -Sajaa,Police and traffic,11/26/2019,2019/11/26-20:51,2019/11/26-21:03,2019/11/26-21:10,11/26/2019 21:39,2019/11/26-21:44,2019/11/26-21:57,Transportation accidents,A collision resulted in a fire,Cars,Public facilities and services,Mosque,Near the incentive bridge,Fire fighting,Specific,No Clouds,natural,Normal,basic,it is not determined yet,,,,
2595,2595,102426,126800,Dubai,Nad Al -Sheba,Police and traffic,11/27/2019,2019/11/27-01:11,2019/11/27-01:23,2019/11/27-01:44,11/27/2019 1:46,2019/11/27-01:50,2019/11/27-02:12,Transportation accidents,Clash,Cars,Means of transport,car,Emirates Street after the Dubai Club Bridge,Being and preparing,Missing,No Clouds,natural,Normal,Limited,it is not determined yet,,,,
2596,2596,102436,126810,Ras Al Khaimah,Civil Defense Center - Al -Dakdakh,he did not specify,11/27/2019,2019/11/27-18:18,2019/11/27-18:25,2019/11/27-18:36,11/27/2019 18:48,2019/11/27-18:51,2019/11/27-19:04,Transportation accidents,Clash,Cars,Means of transport,car,Missing,Ambulance and rescue,Transmission,No Clouds,natural,Normal,basic,Unknown,,,,
2597,2597,102437,126811,Ras Al Khaimah,Civil Defense Center - Administration,The audience,11/27/2019,2019/11/27-19:31,2019/11/27-19:39,2019/11/27-19:50,11/27/2019 20:01,2019/11/27-20:02,2019/11/27-20:05,Transportation accidents,Clash,Cars,Means of transport,car,Mouth,Fire cooling,Cars,No Clouds,natural,Normal,basic,Maafal/deliberate/by an actor,,,,
2598,2598,102447,126823,Umm Al Quwain,Al -Aqran Center,The audience,11/28/2019,2019/11/28-00:04,2019/11/28-00:11,2019/11/28-00:30,11/28/2019 0:35,2019/11/28-00:51,2019/11/28-00:59,Transportation accidents,A collision resulted in a fire,Trucks,Other places,Streets and squares,Missing,Control fire and rescue confined,Construction,No Clouds,natural,very important,basic,Traffic accident,,,,
2599,2599,102459,126835,Ras Al Khaimah,Civil Defense Center - Al -Jazeera Al -Hamra,Police and traffic,11/28/2019,2019/11/28-20:05,2019/11/28-20:08,2019/11/28-20:11,11/28/2019 20:18,2019/11/28-20:32,2019/11/28-20:36,Transportation accidents,Deterioration,Trucks,healthy,hospital,Missing,Street cleaning from oils,Missing,No Clouds,natural,Important,basic,Traffic accident,,,,
2600,2600,102512,126888,Ras Al Khaimah,Civil Defense Center - Al -Dakdakh,Police and traffic,12/1/2019,2019/12/01-04:08,2019/12/01-04:13,2019/12/01-04:18,12/1/2019 4:25,2019/12/01-04:35,2019/12/01-04:45,Transportation accidents,A collision resulted in a fire,Petroleum,Other places,Streets and squares,Hurry,cooling,Missing,No Clouds,natural,very important,basic,Thermal source,,,,
2601,2601,102523,126899,Abu Dhabi,Civil Defense Center - Al Wathba,Police and traffic,12/1/2019,2019/12/01-18:58,2019/12/01-19:03,2019/12/01-19:20,12/1/2019 19:35,2019/12/01-19:42,2019/12/01-19:50,Transportation accidents,Deterioration,Cars,Means of transport,bridge,Above Bani Yas Bridge,Control fire and rescue confined,Cars,No Clouds,natural,unclassified,medium,it is not determined yet,0,1,0,0
2602,2602,102642,127020,Abu Dhabi,Civil Defense Center - Al -Bateen,Police and traffic,12/8/2019,2019/12/08-21:55,2019/12/08-21:59,2019/12/08-22:45,12/8/2019 22:50,2019/12/08-22:55,2019/12/08-23:00,Transportation accidents,Clash,Cars,Other places,Streets and squares,In front of the Marina Mall,Separate two cars,Supply,No Clouds,natural,Important,Limited,it is not determined yet,,,,
2603,2603,102675,127053,Ras Al Khaimah,Civil Defense Center - Northern Administration,The audience,12/10/2019,2019/12/10-13:50,2019/12/10-13:58,2019/12/10-14:01,12/10/2019 14:02,2019/12/10-14:10,2019/12/10-14:20,Transportation accidents,Deterioration,Trucks,Means of transport,Truck,Khor Khoury on the main street,Separation of a battery,Missing,Clouds,natural,Important,basic,other reasons,,,,
2604,2604,102691,127069,Fujairah,Civil Defense Center - Dibba,Police and traffic,12/11/2019,2019/12/11-07:59,2019/12/11-08:19,2019/12/11-08:24,12/11/2019 8:26,2019/12/11-08:28,2019/12/11-08:42,Transportation accidents,Deterioration,Cars,Means of transport,car,Sweet,Disturbing injured,Cars,Rains,Crowded,unclassified,basic,Traffic accident,0,0,0,0
2605,2605,102722,127100,Abu Dhabi,Civil Defense Center - Saadiyat,Police and traffic,12/12/2019,2019/12/12-22:06,2019/12/12-22:13,2019/12/12-22:20,12/12/2019 23:20,2019/12/13-00:15,2019/12/13-00:25,Transportation accidents,A collision resulted in a fire,Cars,Means of transport,car,Missing,take actions,Cars,No Clouds,natural,Normal,Limited,Traffic accident,,,,
2606,2606,102765,127143,Sharjah / Eastern Region,Civil Defense Center - Kalba,Police and traffic,12/14/2019,2019/12/14-21:58,2019/12/14-22:08,2019/12/14-22:11,12/14/2019 22:13,2019/12/14-22:16,2019/12/14-22:26,Transportation accidents,Deterioration,Cars,Means of transport,car,Saf area,Directing confined and transferring injured people,Missing,No Clouds,natural,Normal,basic,it is not determined yet,1,0,0,0
2607,2607,102769,127150,Sharjah / Eastern Region,Civil Defense Center - Kalba,Police and traffic,12/15/2019,2019/12/15-11:36,2019/12/15-11:39,2019/12/15-11:42,12/15/2019 11:44,2019/12/15-11:47,2019/12/15-11:50,Transportation accidents,Clash,Cars,Means of transport,car,Al -Khuwair area,Separation of a battery,Missing,No Clouds,natural,Normal,basic,it is not determined yet,2,0,0,0
2608,2608,102789,127170,Sharjah,Civil Defense Center - Sunan,The audience,12/16/2019,2019/12/16-16:17,2019/12/16-16:25,2019/12/16-16:30,12/16/2019 16:50,2019/12/16-17:01,2019/12/16-17:08,Transportation accidents,A collision resulted in a fire,he did not specify,Industrial,Artistic workshop,Industrial 12 after Jiko,Fire cooling,Specific,No Clouds,natural,Normal,basic,it is not determined yet,,,,
2609,2609,102795,127176,Abu Dhabi,Civil Defense Center - Mossafah (M33),Police and traffic,12/16/2019,2019/12/16-23:56,2019/12/17-00:05,2019/12/17-00:12,12/17/2019 0:28,2019/12/17-00:38,2019/12/17-00:44,Transportation accidents,A collision resulted in a fire,Cars,Means of transport,car,Industrial armored 45 m,Fire control and cooling,Cars,No Clouds,natural,Normal,Limited,it is not determined yet,,,,
2610,2610,102809,127190,Umm Al Quwain,Al -Aqran Center,Police and traffic,12/18/2019,2019/12/18-02:01,2019/12/18-02:05,2019/12/18-02:27,12/18/2019 2:28,2019/12/18-02:32,2019/12/18-02:38,Transportation accidents,Clash,the person,Means of transport,Facilities and transport facilities,Sheikh Mohammed bin Zayed Street towards Sharjah,Directing confined and transferring injured people,commercial,No Clouds,natural,Important,medium,Traffic accident,0,2,0,0
2611,2611,102830,127211,Sharjah,Civil Defense Center - Al Hamriyah,Police and traffic,12/18/2019,2019/12/18-23:31,2019/12/18-23:37,2019/12/18-23:58,12/19/2019 6:49,2019/12/19-06:50,2019/12/19-06:55,Transportation accidents,Deterioration,tank,Means of transport,tank,Behind the free zone towards Sheikh Mohammed bin Zayed Street,Being and preparing,Transmission,Rains,natural,Important,Limited,Traffic accident,,,,
2612,2612,102886,127270,Eye,Civil Defense Center - Maqam,Police and traffic,12/22/2019,2019/12/22-11:09,2019/12/22-11:12,2019/12/22-11:19,12/22/2019 11:21,2019/12/22-11:25,2019/12/22-11:27,Transportation accidents,Clash,Light,Means of transport,car,In exchange for the Al -Maqam oil station,Inspection,Cars,No Clouds,natural,Normal,basic,it is not determined yet,1,0,0,0
2613,2613,102918,127302,Umm Al Quwain,Patch Center,The audience,12/24/2019,2019/12/24-04:40,2019/12/24-04:47,2019/12/24-08:32,12/24/2019 8:34,2019/12/24-09:00,2019/12/24-09:10,Transportation accidents,Clash,the person,Means of transport,Facilities and transport facilities,Missing,Directing confined and transferring injured people,Stones,No Clouds,natural,very important,medium,Traffic accident,,,,
2614,2614,102934,127318,Abu Dhabi,Civil Defense Center - Mossafah M14,Police and traffic,12/24/2019,2019/12/24-16:57,2019/12/24-17:05,2019/12/24-17:10,12/24/2019 19:20,2019/12/24-19:35,2019/12/24-19:43,Transportation accidents,Clash,tank,Means of transport,tank,Missing,Being and preparing,Transmission,No Clouds,natural,Normal,Limited,it is not determined yet,,,,
2615,2615,102945,127329,Ras Al Khaimah,Civil Defense Center - Riffa,he did not specify,12/25/2019,2019/12/25-01:34,2019/12/25-01:45,2019/12/25-01:51,12/25/2019 2:09,2019/12/25-02:14,2019/12/25-02:36,Transportation accidents,One hundredth,Cars,Means of transport,car,Missing,Fire fighting,car electricitie,No Clouds,natural,Normal,basic,Unknown,,,,
2616,2616,102983,127371,Sharjah,Civil Defense Center - Al -Sajaa,The audience,12/27/2019,2019/12/27-03:42,2019/12/27-03:48,2019/12/27-04:04,12/27/2019 4:46,2019/12/27-04:49,2019/12/27-04:57,Transportation accidents,A collision resulted in a fire,Cars,Public facilities and services,Electricity column,Siwih 5,Control and rescue,Cars,No Clouds,natural,Important,basic,Traffic accident,1,0,0,0
2617,2617,103001,127389,Sharjah,Civil Defense Center - Al -Sajaa,Police and traffic,12/28/2019,2019/12/28-13:04,2019/12/28-13:11,2019/12/28-13:14,12/28/2019 13:15,2019/12/28-13:18,2019/12/28-13:30,Transportation accidents,Deterioration,tank,Other places,Streets and squares,"Emirates Street, in Dubai, near ADNOC oil station",Fire inspection,Transmission,No Clouds,natural,Normal,Limited,it is not determined yet,,,,
2618,2618,103014,127402,Ajman,Civil Defense Center - Industrial,Police and traffic,12/29/2019,2019/12/29-12:39,2019/12/29-12:45,2019/12/29-12:50,12/29/2019 12:52,2019/12/29-12:59,2019/12/29-13:03,Transportation accidents,Clash,Cars,Other places,Streets and squares,Hill 1,rescue,Cars,No Clouds,natural,Normal,basic,Traffic accident,,,,